{"type":"FeatureCollection","features":[{"type":"Feature","id":29,"geometry":{"type":"MultiPolygon","coordinates":[[[[-74.019096488999935,4.7640050368436739],[-74.020415002999982,4.7642271508436602],[-74.021429145999946,4.7644485948436266],[-74.022273289999987,4.7646876498436308],[-74.023775151999985,4.7648358938436219],[-74.024284338999962,4.7648827498436122],[-74.025992262999978,4.7649991708436366],[-74.026329694999959,4.7650182468436313],[-74.028167584999949,4.7650898128436037],[-74.028408755999976,4.7650951828435995],[-74.029613806999976,4.7653021238436395],[-74.030336860999967,4.7654343728436235],[-74.030489716999966,4.7654355868436289],[-74.032476286999952,4.7654064238436078],[-74.03259510099997,4.7654046698436279],[-74.03465020799996,4.7653185368436102],[-74.034668351999983,4.7653179018436163],[-74.034899966999944,4.7653024718435963],[-74.036703070999977,4.7651641648436129],[-74.036874328999943,4.7651434258436325],[-74.038706382999976,4.7649558468436464],[-74.039143946999957,4.7648892608436402],[-74.040681276999976,4.7646981338436571],[-74.041457596999976,4.764558581843656],[-74.042700666999963,4.7645177448436229],[-74.043649465999977,4.7644394788436264],[-74.04469144799998,4.7642876378436405],[-74.046022596999933,4.7640054348436696],[-74.046602461999953,4.7639189058436813],[-74.048428348999948,4.763514700843702],[-74.048488142999986,4.7635061488436445],[-74.048704426999961,4.7634584858436702],[-74.050372176999986,4.7630905278436622],[-74.05089088699998,4.7629252858436883],[-74.052238643999942,4.762644381843729],[-74.053381954999963,4.7622862888436952],[-74.05408553999996,4.762164219843716],[-74.055864992999943,4.7616612248437526],[-74.055916316999969,4.7616560498437428],[-74.056116631999942,4.7616140528437638],[-74.05778927199998,4.7612211718437329],[-74.058374714999957,4.7609897788437658],[-74.059720304999985,4.7608872198437426],[-74.060688719999973,4.7606583808437604],[-74.061557229999949,4.7603897298437712],[-74.062991675999967,4.7597695288437869],[-74.06323122799995,4.759609118843807],[-74.063416303999986,4.7596083598438259],[-74.063574369999969,4.7597695408437755],[-74.064520770999934,4.7613785718437613],[-74.064537071999951,4.7616142628437519],[-74.065396267999972,4.7633713148436563],[-74.065439158999936,4.7634589828436518],[-74.065443685999981,4.7634642538436713],[-74.06636290299997,4.7653037018436049],[-74.066446564999978,4.7654109978436177],[-74.067405536999956,4.7671484198435801],[-74.067500159999952,4.7672696288435574],[-74.068582660999937,4.768993138843479],[-74.068611392999969,4.7690281208435241],[-74.068808665999939,4.7693009518434755],[-74.069786640999951,4.7706753868434308],[-74.069893233999949,4.7708378568434471],[-74.071019809999939,4.7722220228433834],[-74.071387808999987,4.7726825748433637],[-74.072309488999963,4.7736704758433586],[-74.073133329999962,4.7745272908432925],[-74.073657911999987,4.7750168648433107],[-74.074787466999965,4.7760004408432888],[-74.075067530999945,4.7762569248432509],[-74.075207365999972,4.7763720028432726],[-74.076532644999986,4.7774005658432115],[-74.077789028999973,4.7782167088431962],[-74.078087348999986,4.7783885428432002],[-74.078392199999939,4.7785745788431955],[-74.079666507999946,4.7793340298431444],[-74.081164677999936,4.7800614018431444],[-74.081325815999946,4.7801402528431574],[-74.081442706999951,4.7801856548431108],[-74.08304282499995,4.7808462168430941],[-74.084143172999973,4.781188481843115],[-74.084838635999972,4.7814152568430899],[-74.086632338999948,4.7818241488430733],[-74.086715571999946,4.781843331843084],[-74.087162379999938,4.7819060458431055],[-74.088673344999961,4.7821309398430758],[-74.088943896999979,4.7821512048430659],[-74.090731047999952,4.7822449008430876],[-74.091118945999938,4.7822410638430766],[-74.092907006999951,4.7821533678430423],[-74.093176626999934,4.7821269908430608],[-74.094606054999986,4.7819059008431024],[-74.095129417999942,4.7818306708430551],[-74.095228295999959,4.7818092928430698],[-74.096991274999937,4.7813763518430958],[-74.097748147999937,4.7811201628430799],[-74.098761984999953,4.7807636688431332],[-74.100366365999946,4.7800610308431466],[-74.100458928999956,4.7800228248431553],[-74.100524371999938,4.7799855138431218],[-74.102064288999941,4.7791228598431514],[-74.103335682999955,4.7782162228432163],[-74.10357221999999,4.7780536218432212],[-74.10394688699995,4.7777277558432107],[-74.104998056999989,4.7768417578432389],[-74.105451522999942,4.7763714378432818],[-74.106326163999938,4.775460100843258],[-74.107062280999969,4.7745266688433317],[-74.107545561999984,4.7738895748433388],[-74.108309690999988,4.7726819118433816],[-74.108642926999948,4.7721070368434155],[-74.109268775999965,4.7708371648434325],[-74.109592395999982,4.7700675488434454],[-74.109985762999941,4.7689924288434851],[-74.110348469999963,4.7676920638435636],[-74.110484248999967,4.7671477028435456],[-74.110646849999966,4.7660847418435717],[-74.11078592299998,4.7653029868436043],[-74.110818903999984,4.764820305843628],[-74.110908895999955,4.7634582778436574],[-74.110845935999976,4.7620490528437287],[-74.110836482999957,4.7616135778437236],[-74.110752553999987,4.7610159298437438],[-74.110592817999986,4.7597688868438093],[-74.110570319999965,4.7588383128438441],[-74.110544913999945,4.75792418684388],[-74.109977310999966,4.7561791488439074],[-74.10994356499998,4.7560795128438995],[-74.109754692999957,4.7555930988439474],[-74.109244725999986,4.7542348408439539],[-74.10911611399996,4.7539860598439772],[-74.108208364999939,4.752390184844014],[-74.108052148999946,4.7521453538440461],[-74.106895281999982,4.750545538844082],[-74.106869106999966,4.7505115908440692],[-74.106759574999955,4.7503891738440727],[-74.105587697999965,4.7490487818441434],[-74.105221699999959,4.7487009048441271],[-74.104214365999951,4.7477457218441828],[-74.103066560999935,4.7468562848442009],[-74.10274878499996,4.7466029808441963],[-74.102284817999987,4.7463034288442039],[-74.101205019999952,4.7455961138442291],[-74.100057732999971,4.7450116848442931],[-74.099571142999935,4.7447458468442871],[-74.099165957999958,4.7445735008442931],[-74.097854648999942,4.7440391538443247],[-74.096500886999934,4.7436320208443314],[-74.096036401999982,4.7435092878443177],[-74.094111811999937,4.7431700818443447],[-74.094108653999967,4.7431697088443219],[-74.094059243999936,4.7431671518443528],[-74.092054158999986,4.7430503818443341],[-74.091918973999952,4.7430491068443441],[-74.090488446999984,4.7431672278443484],[-74.089888955999982,4.7432110428443215],[-74.089832939999951,4.7432207748443389],[-74.087982384999975,4.7435874748443005],[-74.087392302999945,4.7437724478443393],[-74.086188586999981,4.744159863844299],[-74.084656080999935,4.7448377468443086],[-74.084496003999959,4.7449081278442522],[-74.084307536999972,4.745012019844272],[-74.082856017999973,4.7457477878442846],[-74.081559432999939,4.7465293288442316],[-74.081277394999972,4.7466940748442195],[-74.081023165999966,4.7468567488442419],[-74.079723151999985,4.7476827348442106],[-74.078200866999964,4.7487014618441501],[-74.078190373999973,4.74870869384418],[-74.078176251999935,4.748718766844183],[-74.07664813699995,4.7497182208440991],[-74.075340947999962,4.7505461618440803],[-74.075101020999966,4.7507192758440837],[-74.074768105999965,4.7509515348441029],[-74.07353259599995,4.7516833078440674],[-74.072639856999956,4.7523908518440638],[-74.072118838999984,4.7529161038440382],[-74.071146254999974,4.7535555828439851],[-74.070468740999956,4.7537382218439799],[-74.069693833999963,4.7542355278439699],[-74.068919320999953,4.7547352888439605],[-74.06799799099997,4.7553366658439504],[-74.067018626999982,4.7551219508439315],[-74.066079661999936,4.7549806088439253],[-74.064457184999981,4.7543604198439917],[-74.064329108999971,4.7543330278440017],[-74.064298649999955,4.7542354458439773],[-74.063123227999938,4.752739045844022],[-74.063076303999935,4.752390717844059],[-74.062725743999977,4.7513516438440897],[-74.06242182699998,4.75054599984409],[-74.062342926999975,4.750405599844072],[-74.062021941999944,4.7487012878441757],[-74.061760221999975,4.7477288238441737],[-74.061714559999984,4.7468565778442349],[-74.061641802999986,4.7457784798442777],[-74.061535928999945,4.7450118688442773],[-74.06147501199996,4.7445351368443101],[-74.061486191999961,4.7431671638443405],[-74.061566690999939,4.741958396844403],[-74.061553347999961,4.7413224618443754],[-74.061601437999968,4.7406262008444253],[-74.061753808999981,4.7394777618444426],[-74.061905667999952,4.7388579088444773],[-74.06211512699997,4.7376330658445251],[-74.062539274999949,4.736269425844541],[-74.062669672999959,4.7357883738445681],[-74.063388302999954,4.734055304844607],[-74.063438435999956,4.7339436848446281],[-74.064409233999982,4.7321399218446887],[-74.064436414999989,4.7320990008446966],[-74.065538931999981,4.7304135578447637],[-74.065669523999986,4.7302543168447713],[-74.066732249999973,4.7287977588447845],[-74.067071227999975,4.7284096348448168],[-74.067951473999983,4.7272269868448626],[-74.068509873999972,4.7265649508448844],[-74.069160703999955,4.7256388558449025],[-74.069869739999945,4.7247202618449515],[-74.070333049999988,4.7239866348449882],[-74.071066745999985,4.7228755698449874],[-74.071424684999954,4.7221941658450346],[-74.072061838999957,4.7210308718450325],[-74.072406057999956,4.7202100968450962],[-74.072852022999939,4.7191861728450943],[-74.073236362999978,4.7179635138451816],[-74.073440478999942,4.7173414718451676],[-74.07377373099996,4.7157856458452061],[-74.073844168999983,4.7154967678452246],[-74.073864914999945,4.7153663408452422],[-74.074144075999982,4.7136520638452781],[-74.07422312999995,4.7122993918453293],[-74.074261827999976,4.7118073588453457],[-74.074251036999954,4.7112668378453506],[-74.074229438999964,4.7099626528454213],[-74.074013484999966,4.7082456328454745],[-74.074000545999979,4.7081179458455003],[-74.073984606999943,4.708040443845495],[-74.073629162999964,4.7062732388455295],[-74.073363168999947,4.7054309668455527],[-74.07303792099998,4.7044285278456046],[-74.072499790999984,4.7032419268456129],[-74.072185366999975,4.7025838158456761],[-74.071440434999943,4.7013934548457161],[-74.071003719999965,4.7007390998456886],[-74.070226984999977,4.6998127668457208],[-74.069402844999956,4.698894376845776],[-74.068898059999981,4.6984327518457754],[-74.067850238999938,4.6975350658458304],[-74.067485907999981,4.6971973678458312],[-74.067318978999936,4.697049642845859],[-74.065954176999981,4.6961697878458351],[-74.064394725999989,4.695219395845875],[-74.064382705999947,4.6952112688458758],[-74.064374998999938,4.6952048868458958],[-74.062884193999935,4.6941259688459089],[-74.061495260999948,4.6933601208459761],[-74.061273522999954,4.6932355778459485],[-74.061065402999986,4.6931229748459673],[-74.05968874499996,4.6923001928459955],[-74.058322959999941,4.6915153338459969],[-74.05808832699995,4.6913919898460312],[-74.057888250999952,4.6912909628460042],[-74.056473591999975,4.6905086678460615],[-74.054889281999976,4.6896705248460862],[-74.054845346999969,4.6896488268460734],[-74.054811043999962,4.68963260584606],[-74.053205471999945,4.6888091968461305],[-74.05182808099994,4.6881380018461547],[-74.051551846999985,4.6879934628461388],[-74.051211490999947,4.6878256888461038],[-74.049886352999977,4.687198356846161],[-74.048913521999964,4.6867622488461489],[-74.048207163999962,4.6864270498461531],[-74.047205016999953,4.685980819846205],[-74.046514022999986,4.6856799868462264],[-74.046060077999982,4.6854926818462364],[-74.044807369999944,4.6849564088462312],[-74.043273523999972,4.6843393408462601],[-74.043084320999981,4.6842613208462716],[-74.042757946999984,4.6841359058462642],[-74.041346378999947,4.6835921128462576],[-74.040554252999982,4.6833029108462894],[-74.039591063999978,4.6829530958463081],[-74.03789618899998,4.6823728398462956],[-74.037817128999961,4.6823464298463184],[-74.037640248999935,4.6822909268463198],[-74.036024387999987,4.6817724468463533],[-74.035299101999954,4.6815487298463268],[-74.034210710999957,4.6812348378463247],[-74.032764397999983,4.6808330248463434],[-74.032375120999973,4.6807353088463755],[-74.031185779999987,4.6804458218463498],[-74.030515818999959,4.6802769778463853],[-74.03028883199994,4.6802200898463662],[-74.028629786999943,4.6798650918464038],[-74.027889138999967,4.6797390128464276],[-74.026669794999975,4.6795817128464137],[-74.025559912999938,4.6793804068464162],[-74.024726188999978,4.6792698598463973],[-74.023252308999986,4.679059366846408],[-74.022749782999938,4.6790149968463979],[-74.021000091999952,4.6788345898464456],[-74.02073706799996,4.6788232168464399],[-74.018800890999955,4.6787019528464153],[-74.018683623999948,4.6787022008464021],[-74.016652818999944,4.6786581778464207],[-74.016583984999954,4.6786614428464528],[-74.014554615999941,4.6787010808464231],[-74.014429078999967,4.6787167038464545],[-74.012541243999976,4.6788914288464065],[-74.012111556999969,4.6790544978463977],[-74.010570990999952,4.6791567218464376],[-74.009826865999969,4.6793352368464012],[-74.00882502199994,4.6798118698463806],[-74.007238068999982,4.6801443318463898],[-74.006923990999951,4.6801974858463904],[-74.005946998999946,4.6804436958463826],[-74.005787263999935,4.6804831798463944],[-74.00608017199994,4.6807877508463429],[-74.006304056999966,4.6809204078463349],[-74.006417070999987,4.6809296718463616],[-74.006556983999985,4.68094394884635],[-74.006688330999964,4.6809744058463858],[-74.006862506999937,4.6809782138463607],[-74.006990044999952,4.681036271846339],[-74.007312829999989,4.681266059846342],[-74.007351307999954,4.6812934518463303],[-74.007406820999961,4.6813081838463457],[-74.007471457999941,4.6813341328463647],[-74.007524281999963,4.681350550846334],[-74.007565684999975,4.6813691108463384],[-74.007601376999958,4.6813919528463517],[-74.007651344999942,4.681406229846349],[-74.007706310999936,4.6814283598463309],[-74.007745571999976,4.6814533448463154],[-74.00778840299995,4.681487607846349],[-74.007853361999935,4.6815321038463331],[-74.007891603999951,4.6815693898463442],[-74.007973524999954,4.6816153858463272],[-74.008041766999952,4.6816454148463365],[-74.008120765999934,4.6816530278463144],[-74.00826578799996,4.6816858478463184],[-74.008388554999954,4.6817027078463322],[-74.008556967999937,4.6817888478463381],[-74.008802052999954,4.6819054418463493],[-74.008949578999989,4.6820267938463003],[-74.009085208999977,4.6820815208463182],[-74.009225818999937,4.6821449488463447],[-74.009358845999941,4.6821529048463386],[-74.009458783999946,4.6821790788463042],[-74.009500067999966,4.6822274778463457],[-74.009559553999964,4.6822893438462891],[-74.009634506999987,4.682350614846337],[-74.00969149499997,4.6823794308463356],[-74.009755025999937,4.6824145028463402],[-74.009825458999956,4.6824601888463002],[-74.009890180999946,4.6824887418462957],[-74.009944549999943,4.6825235688463271],[-74.009997478999935,4.6825723988462968],[-74.010042703999943,4.6826088108462844],[-74.010147399999937,4.6826782908463107],[-74.010182614999962,4.6827030368463225],[-74.01026778399995,4.6827408948463081],[-74.010385385999939,4.6828414578462914],[-74.010531306999951,4.6829312818462725],[-74.010653789999935,4.6830156338463169],[-74.010715121999965,4.6830698668462745],[-74.010766693999983,4.6830870788463139],[-74.010817852999935,4.6830910048462915],[-74.010899514999949,4.6831117448463111],[-74.010914815999968,4.6831156318463112],[-74.010972636999952,4.6831774378462701],[-74.011174989999972,4.6833035618462802],[-74.011109061999946,4.6834285168462664],[-74.011063971999988,4.683513977846288],[-74.011055446999933,4.6836579438462866],[-74.011055075999934,4.6836650228462844],[-74.011203444999978,4.6838625618462784],[-74.01123836499994,4.6841858698462264],[-74.011246023999945,4.6842528898462445],[-74.01128635799995,4.6846072728462325],[-74.011291917999984,4.6849768318462566],[-74.011292284999968,4.6849898308462308],[-74.011293663999936,4.684991397846205],[-74.011297145999947,4.684995355846242],[-74.011387733999982,4.6850992098462108],[-74.011578262999933,4.6852075498462007],[-74.011647148999941,4.6852571438462194],[-74.011686914999984,4.685341722846184],[-74.011793431999934,4.6855037178462302],[-74.011878801999956,4.6856892298461927],[-74.011892691999947,4.6858349808461783],[-74.011907634999943,4.6859917708461865],[-74.011880013999985,4.6860740748461653],[-74.01179994599994,4.6861471238462045],[-74.011707145999935,4.6862627658461715],[-74.011630051999987,4.6863398608461635],[-74.011580082999956,4.686394111846206],[-74.011570089999964,4.6864712068462033],[-74.011551529999963,4.6866396728461863],[-74.011525831999961,4.6867824408461694],[-74.011495798999988,4.686902719846147],[-74.011467084999936,4.6869681188461429],[-74.011415528999976,4.6870197108461777],[-74.011337662999949,4.687073021846162],[-74.011260509999943,4.6871095338461677],[-74.011241722999955,4.6871329348461304],[-74.011238154999944,4.687165771846181],[-74.011240295999983,4.6871986078461836],[-74.011290264999957,4.6872942618461293],[-74.011307812999974,4.6874009218461534],[-74.011334942999952,4.6877922648461361],[-74.011311381999974,4.688195660846139],[-74.01132185299997,4.6885135578461377],[-74.011330774999976,4.6887187858460946],[-74.011348621999957,4.6889061678461283],[-74.011411376999945,4.6890890428460752],[-74.011537431999955,4.6892714168460836],[-74.011651169999936,4.6894479728460645],[-74.011790129999952,4.6897301758460967],[-74.011871983999981,4.6898639018460893],[-74.011881977999963,4.6898810338460732],[-74.011908529999971,4.6902525288460248],[-74.011943213999984,4.6905563288460552],[-74.011956930999986,4.6906764868460735],[-74.011963891999983,4.690753066846054],[-74.011964058999979,4.6907549018460344],[-74.012143866999963,4.691293431846038],[-74.01214485099996,4.6912945998460183],[-74.012267211999983,4.6914398188460087],[-74.012394751999977,4.6915978148459843],[-74.012470304999965,4.6916162428460169],[-74.012516415999983,4.6916424658460398],[-74.012520060999975,4.6917006048460115],[-74.012487311999962,4.6917288048459813],[-74.012440674999937,4.6917364188460038],[-74.01237049599996,4.6917494898460212],[-74.012300596999978,4.6917751068460269],[-74.012244607999946,4.6918097058460271],[-74.012133247999941,4.6918611028460226],[-74.012098983999977,4.6919229688460264],[-74.012054250999938,4.6920371828459713],[-74.011997320999967,4.6921267818460102],[-74.011953956999946,4.6921548468459902],[-74.01193428199997,4.6922005518459775],[-74.011897414999964,4.6924376168459885],[-74.011651470999936,4.6927379178459638],[-74.011503944999959,4.6929006728459726],[-74.011429704999955,4.6929891888459805],[-74.011383067999986,4.6930415368459713],[-74.011345711999979,4.6931592368459505],[-74.011358321999978,4.6933403968459499],[-74.011363080999956,4.6934898278459576],[-74.011374501999967,4.6937011228459351],[-74.011370693999936,4.6937449058459597],[-74.011352980999959,4.6938258098459205],[-74.011346899999978,4.6938833898459444],[-74.011347289999946,4.6938907368459537],[-74.011396555999966,4.6939721268459369],[-74.011399247999975,4.6939733348459578],[-74.01150679999995,4.6939893548459288],[-74.01158008799996,4.6939988738459304],[-74.011623297999961,4.6939893258459522],[-74.011907500999939,4.6940778708459323],[-74.012247287999969,4.6943576968459197],[-74.01246619799997,4.6946441838458943],[-74.012735444999976,4.6947534908458959],[-74.012736981999979,4.6947541148458836],[-74.012808738999979,4.6948007568459156],[-74.013056870999947,4.6948735028459057],[-74.013091251999981,4.6948754958459205],[-74.013287767999941,4.6948868898458747],[-74.013486511999986,4.6949301948458952],[-74.013542766999933,4.6950581768458717],[-74.013574492999965,4.6951783718458859],[-74.013645934999943,4.695246662845884],[-74.013895778999938,4.6955321988459104],[-74.014005924999935,4.6955926258459009],[-74.01409889699994,4.6956267168458714],[-74.014205106999952,4.6956188118458568],[-74.014296078999962,4.6956656068458589],[-74.014369527999975,4.6957233388458715],[-74.014422508999985,4.6957962658458872],[-74.01444450799994,4.6962401168458738],[-74.014443233999941,4.6964587608458386],[-74.014482493999935,4.6965420418458352],[-74.014550308999958,4.6965765438458424],[-74.014581240999973,4.6966134248458751],[-74.014589569999941,4.6966705328458325],[-74.014588379999964,4.6968454238458532],[-74.01461455499998,4.6969846218458544],[-74.014644680999936,4.6970283208458472],[-74.014679989999934,4.6970524348458298],[-74.014758511999958,4.6970840828458362],[-74.014777072999948,4.6971440458458487],[-74.014805354999964,4.6972094718458361],[-74.01482632699998,4.6972518338458213],[-74.014809194999941,4.6973010898458325],[-74.014755655999977,4.6973010898458325],[-74.014657860999989,4.6971990098458001],[-74.01460455299997,4.6971812308458434],[-74.014533652999944,4.6971833068458242],[-74.014357195999935,4.6971904378458493],[-74.014319385999954,4.6971919658458301],[-74.014281693999976,4.6971949978458216],[-74.014280670999938,4.6971950798458098],[-74.014299029999961,4.6973161148458082],[-74.014237522999963,4.6980031018457868],[-74.013971297999944,4.6984711948457685],[-74.013969538999959,4.6984743028458089],[-74.013861117999966,4.6986219048457718],[-74.013860659999978,4.6986280138458003],[-74.013860206999937,4.698634063845768],[-74.013843548999944,4.6986971198457503],[-74.013785513999949,4.6987309198457883],[-74.013784620999957,4.6987315778457663],[-74.013775775999989,4.6987380878457587],[-74.013481626999976,4.69913853784578],[-74.013474320999933,4.6991481808457758],[-74.013469655999984,4.6991600378457781],[-74.013464738999971,4.6991725358457668],[-74.013434876999952,4.6992060978457664],[-74.013431375999971,4.6992100318457704],[-74.013427035999939,4.6992137078457761],[-74.013420425999982,4.6992193068457402],[-74.013173391999942,4.6995453248457331],[-74.013132739999946,4.6995999938457409],[-74.013131286999965,4.6996081498457771],[-74.013127331999954,4.6996303438457785],[-74.013101157999984,4.6998397368457399],[-74.013088427999946,4.7000820248457185],[-74.013132447999965,4.7002064708457416],[-74.013160512999946,4.7004392428457411],[-74.013095447999945,4.7004730888457456],[-74.012983136999935,4.7005044988457119],[-74.012900331999958,4.7005558958456986],[-74.012837513999955,4.7005996768457461],[-74.012836146999973,4.7006035038457421],[-74.012963999999954,4.7012856898456699],[-74.012967167999989,4.7012979618457198],[-74.012969557999952,4.7013072188457095],[-74.01313851499998,4.7015465238456766],[-74.013192766999964,4.7019995738456988],[-74.013231068999971,4.7020519078456733],[-74.013248294999983,4.7021178108456745],[-74.013208678999945,4.70216778184568],[-74.013172779999934,4.7022068248456987],[-74.013096828999949,4.7022281418456418],[-74.012971833999984,4.7022282988456929],[-74.012952884999947,4.7022486188456663],[-74.012951052999938,4.7022505828456369],[-74.012929153999949,4.7024632528456811],[-74.012563395999962,4.7033088658456288],[-74.012562409999987,4.7033112668456436],[-74.012094770999965,4.7043141308455994],[-74.012093643999947,4.7043166028456058],[-74.012081950999971,4.7043640578456216],[-74.011912592999977,4.7050501998456049],[-74.011911117999944,4.7050656148455525],[-74.011889681999946,4.7052896588455937],[-74.011776641999973,4.7067703728455177],[-74.011732173999974,4.7077595538455022],[-74.011651272999984,4.7084781518454681],[-74.011513263999973,4.70908729384543],[-74.011375255999951,4.709772578845433],[-74.011096858999963,4.7102222968453891],[-74.010992217999956,4.7103711558454133],[-74.010764922999954,4.7104923658453925],[-74.010706726999956,4.7105490898453803],[-74.010703638999985,4.7105520998453771],[-74.010533557999963,4.7112313728453543],[-74.010534747999941,4.7112391128453552],[-74.010545418999982,4.7113085198453701],[-74.010590096999977,4.7114429178453667],[-74.010665095999968,4.7122297578453258],[-74.010725357999945,4.7123926448453117],[-74.01075481099997,4.7125149068453531],[-74.01076194999996,4.7125458398453572],[-74.010729860999959,4.7125936368453401],[-74.010638964999941,4.7126366508453099],[-74.010576923999963,4.7126894718452972],[-74.010480294999979,4.7128870338453375],[-74.010335975999965,4.7130211378453151],[-74.010333581999987,4.7130233628453162],[-74.01030254899996,4.7131746038453368],[-74.010211694999953,4.7136173998452806],[-74.009946022999941,4.7145997988452581],[-74.009946070999945,4.7146074278452375],[-74.009946821999961,4.7147263658452498],[-74.009898860999954,4.7147918328452576],[-74.009895849999964,4.7147959428452806],[-74.009831588999987,4.7150747938452309],[-74.009796293999955,4.7152302228452454],[-74.009777637999946,4.7152467428452232],[-74.009582906999981,4.7154234698452644],[-74.009576640999967,4.7154250928452131],[-74.009563828999944,4.7154364598452245],[-74.009553934999985,4.7154389358452429],[-74.009554156999968,4.7154445988452114],[-74.009558998999978,4.7155678568452384],[-74.009547578999957,4.7156050308452357],[-74.009508098999959,4.7156477678452395],[-74.009333881999964,4.7157407288452413],[-74.009114171999954,4.7158545798452165],[-74.008844205999935,4.7158245268452266],[-74.008650404999969,4.7158718628452512],[-74.008453871999961,4.7159497578451965],[-74.008276609999939,4.7160628588452038],[-74.007967019999967,4.7162243488452384],[-74.007765660999951,4.7163593298452051],[-74.007670150999957,4.7164124428451784],[-74.007560518999981,4.7164052638452159],[-74.007290909999938,4.7163572408451886],[-74.00705891299998,4.7163334468452263],[-74.007055350999963,4.7163354668451758],[-74.007053356999961,4.7163365968452231],[-74.007047011999987,4.7163749308452356],[-74.007050319999962,4.7167302948451946],[-74.007082201999935,4.7168481328451852],[-74.007082998999977,4.7168489028451752],[-74.007100552999987,4.7168658508451662],[-74.007214241999975,4.7169455478452065],[-74.007431801999985,4.7172221128451843],[-74.00758979799997,4.717357265845151],[-74.007932658999948,4.7174519778451609],[-74.008092338999973,4.7175685618451695],[-74.008287995999979,4.7177734388451587],[-74.008452704999968,4.7178444698451525],[-74.00860718499996,4.7179931028451305],[-74.008801064999943,4.7181674418451376],[-74.008861334999949,4.7183183168451635],[-74.008894194999982,4.7183670518451741],[-74.008978688999946,4.7184068458451414],[-74.009025350999934,4.7184399958451149],[-74.009048907999954,4.7185251338451497],[-74.009077736999984,4.7185792728451332],[-74.009140491999972,4.7186055308451218],[-74.009165475999964,4.7186281358451554],[-74.009168781999961,4.718652453845138],[-74.009147923999933,4.7186767258451523],[-74.009063159999982,4.7186959508451132],[-74.009020858999975,4.718733583845145],[-74.00896722799996,4.7189139498451329],[-74.008936770999981,4.7190395838451016],[-74.008894892999933,4.7191747378451199],[-74.008797809999976,4.7193955528450875],[-74.008720898999968,4.7195755738450913],[-74.008579533999978,4.7197774168450932],[-74.00847519499996,4.7199233368451088],[-74.008425820999946,4.7200292218450866],[-74.008448424999983,4.7202445638450721],[-74.00844981399996,4.7205052128450449],[-74.008437916999981,4.7206789138450898],[-74.008408172999964,4.7209477938450455],[-74.008350915999983,4.7212077378450319],[-74.008348822999949,4.7212172388450551],[-74.008301673999938,4.7218547778450084],[-74.008223667999971,4.7227736998450167],[-74.008224616999939,4.7227788528449715],[-74.008238160999952,4.722852432845019],[-74.008307068999954,4.7233195548449816],[-74.00826946899997,4.7241501878449714],[-74.00818140399997,4.7245157318449325],[-74.008180960999937,4.7245175698449371],[-74.008245855999974,4.7250456888449417],[-74.007886234999944,4.7268020918448883],[-74.007843875999981,4.7274354098448548],[-74.007809988999952,4.7279359618448424],[-74.007689277999987,4.7289489188448126],[-74.00764621899998,4.729507746844801],[-74.007647533999943,4.7295103048448119],[-74.007868654999982,4.7299405758447621],[-74.008009970999979,4.7303249718447686],[-74.00803971299996,4.7305272248447601],[-74.008012944999962,4.7306878398447214],[-74.007803286999945,4.7309831678447036],[-74.007612924999989,4.7311865828447397],[-74.00761179999995,4.7311877848447104],[-74.007611678999979,4.7312059388447416],[-74.007732881999971,4.7318469068446873],[-74.007733300999973,4.7318473048446874],[-74.007841129999974,4.7319498958447124],[-74.008063693999986,4.7320912978447067],[-74.008295229999987,4.7323066168447037],[-74.008387709999965,4.732433769844695],[-74.008430195999949,4.7325679228446642],[-74.008388701999934,4.7329056948446784],[-74.008290431999967,4.7336908048446311],[-74.008280089999971,4.7342453078446018],[-74.008286729999952,4.7346626388445792],[-74.008292035999943,4.7352075268446043],[-74.008294535999937,4.7355902318445873],[-74.008291041999939,4.7356782328445712],[-74.008287090999943,4.7357777308445668],[-74.008201622999934,4.7359737168445584],[-74.008120523999935,4.736027301844544],[-74.00806261799994,4.7360456818445726],[-74.008061060999978,4.7360461758445762],[-74.007936929999971,4.7370609358445215],[-74.007936685999937,4.7370776958445182],[-74.007928223999954,4.7376597148445319],[-74.00785837899997,4.7379474758444999],[-74.007824351999943,4.7380383708445306],[-74.00766921099995,4.7382044578444891],[-74.007531203999974,4.7385275888444944],[-74.007527337999989,4.7385405588444964],[-74.007526214999984,4.7385443258445017],[-74.007533672999955,4.7386749678444877],[-74.007556478999959,4.739035841844446],[-74.007808261999969,4.7397753628444326],[-74.007862221999972,4.7399273478444304],[-74.008072622999975,4.7404133868444251],[-74.008090415999959,4.7404329258444164],[-74.008090682999978,4.7404551058444477],[-74.00829000799996,4.7409155578443984],[-74.008288318999973,4.7409179588444168],[-74.008011984999939,4.7411438888444106],[-74.00799718899998,4.7411641448443822],[-74.007996596999988,4.7411665618444001],[-74.00799204599997,4.741185142844401],[-74.00794689099996,4.7412753578444065],[-74.00790875499996,4.7413836438443946],[-74.007895725999958,4.7414397648443956],[-74.007889903999967,4.741464842844417],[-74.007869272999983,4.7415183338443727],[-74.007687186999988,4.7416682928443663],[-74.007500652999965,4.741821915844378],[-74.007487820999984,4.7418324838443713],[-74.007397796999953,4.7419407888444001],[-74.007479777999947,4.7424242738443434],[-74.00748125399997,4.7424280168443769],[-74.007661366999969,4.7428812968443541],[-74.007893616999979,4.7434629028442945],[-74.00813226799994,4.7440601198442849],[-74.008332125999971,4.7446895298443099],[-74.008378767999943,4.7448345938442866],[-74.008428152999954,4.7449883438442635],[-74.008482320999974,4.7451569968442628],[-74.008641591999947,4.7456443818442322],[-74.008761375999939,4.7464760338442451],[-74.008777161999944,4.7471980788441943],[-74.008778251999956,4.7471987418441808],[-74.00931346699997,4.74752444184419],[-74.009427680999977,4.7476172398442094],[-74.009491926999942,4.7477052798441859],[-74.009596622999936,4.7478194948441788],[-74.009695743999941,4.7479122158441625],[-74.009746528999983,4.7480407838441998],[-74.00973694299995,4.7481777918441557],[-74.009629934999964,4.7482692128441935],[-74.009589640999934,4.7483684158441832],[-74.009581798999989,4.7485453118441452],[-74.009508582999956,4.7489425998441206],[-74.009504059999983,4.7492705148441265],[-74.009503880999944,4.7492834618441391],[-74.009506248999969,4.749292000844159],[-74.009515507999936,4.749308715844121],[-74.009654827999952,4.7495602308441134],[-74.00969900299998,4.749844405844093],[-74.009696824999935,4.7498486268441251],[-74.009611575999941,4.7500138228441395],[-74.00961093799998,4.7500150588440881],[-74.009618856999964,4.7502484718441211],[-74.009640691999948,4.7508874518440614],[-74.009463059999973,4.7517786678440501],[-74.009458781999967,4.7518098858440565],[-74.009451339999941,4.7518642058440514],[-74.009447156999954,4.7518683878440529],[-74.009444695999946,4.7518708488440629],[-74.009398018999946,4.7521065258440256],[-74.009397525999987,4.7521089978440347],[-74.00915938199995,4.7528381778440156],[-74.008959536999953,4.7535469578440264],[-74.00895967699995,4.7535494998440253],[-74.009017142999937,4.7544816318439365],[-74.009331791999955,4.755245526843952],[-74.009794061999969,4.7556122798439189],[-74.010234747999959,4.755927972843911],[-74.010411747999967,4.756054769843912],[-74.010854298999959,4.7564757548439101],[-74.011189844999933,4.7569354188438977],[-74.011325950999947,4.7571199068438892],[-74.011526457999935,4.7573444498438837],[-74.011840132999964,4.7576911878438359],[-74.012374491999935,4.7580556938438665],[-74.012406302999977,4.7580900228438221],[-74.012429459999964,4.7581061988438567],[-74.013030211999933,4.7587635818438097],[-74.013298425999949,4.7590530358438334],[-74.014067048999948,4.7594593928438034],[-74.014294762999953,4.7596035908437884],[-74.014392501999964,4.7595989078437997],[-74.014583257999959,4.7595748998438294],[-74.014903235999952,4.7596677968437699],[-74.015186279999966,4.7599720218437973],[-74.015338584999938,4.7600824018437642],[-74.015621833999944,4.760105617843803],[-74.015962589999958,4.760361009843785],[-74.016092966999963,4.7606647908437827],[-74.016099728999961,4.7607427928437316],[-74.01610259399996,4.7607445118437495],[-74.016870065999967,4.7612994518437581],[-74.017847563999965,4.7620165758437416],[-74.018455095999968,4.7625991668437297],[-74.018822167999986,4.76316306984371],[-74.018875709999975,4.7633197168436849],[-74.018971325999985,4.7635883758436517],[-74.01902423599995,4.7637311088436647],[-74.019103041999983,4.7639213048436639],[-74.019096488999935,4.7640050368436739]],[[-74.028209540999967,4.6987452188457777],[-74.028383199999951,4.6987383728457575],[-74.030331290999982,4.6987431018457686],[-74.030497919999959,4.6987529988457561],[-74.031524321999939,4.6988929078457833],[-74.032471373999954,4.6990130718457968],[-74.032632151999962,4.6990522788457803],[-74.034295639999982,4.6995323608457307],[-74.035277665999956,4.6999604608457339],[-74.035994178999943,4.700270106845732],[-74.036779705999948,4.7007379398457347],[-74.037574842999959,4.7012126698457362],[-74.038591263999933,4.702029754845694],[-74.039033252999957,4.7023676588456711],[-74.039257780999947,4.7025827858456584],[-74.040361444999974,4.703748913845641],[-74.040896299999986,4.7044275798456168],[-74.041533777999973,4.7054009918455337],[-74.042036353999947,4.7062723448455488],[-74.042509748999976,4.7073942688455253],[-74.042797123999947,4.7081170888454675],[-74.043209752999985,4.7098670608454398],[-74.043232717999956,4.7099618158454009],[-74.043245572999979,4.71011883784539],[-74.043405319999977,4.7118065298453518],[-74.043304862999946,4.7133908998452929],[-74.043295524999962,4.7136512298452864],[-74.04326244899994,4.7138378918453121],[-74.04293540499998,4.7154959178452316],[-74.042631424999968,4.7164309358452092],[-74.042283089999955,4.7173405898451763],[-74.041709814999933,4.7185189668451137],[-74.041311518999976,4.7191852448451259],[-74.040591444999961,4.7202650458450943],[-74.039944103999972,4.7210298768450425],[-74.039319766999938,4.7217446938450385],[-74.038038077999943,4.7228744768450079],[-74.037911885999961,4.7229876338449932],[-74.037697944999934,4.7231330478449607],[-74.036392254999953,4.7240363628449451],[-74.034989037999935,4.7247190008449289],[-74.034737352999969,4.7248499988449488],[-74.034544357999948,4.7249233218449325],[-74.032977312999947,4.7254809128449367],[-74.031966410999985,4.7257134068449105],[-74.031078947999958,4.7258714178449024],[-74.029702760999953,4.7259574008449201],[-74.028998248999983,4.7259450278449169],[-74.027629425999976,4.7258707268448781],[-74.02674718999998,4.7257225438449142],[-74.025708688999941,4.7255189188448865],[-74.024217419999957,4.7250156438449276],[-74.023931176999952,4.7249182698449248],[-74.023534446999975,4.724718203844942],[-74.022273039999959,4.7241102188449737],[-74.021118152999975,4.7233189148449837],[-74.020745773999977,4.7230747958449903],[-74.020514988999935,4.7228732578449932],[-74.019338474999984,4.7218309478450289],[-74.018633607999959,4.7210283958450692],[-74.01807144199995,4.720343408845098],[-74.01731568799994,4.7191835788451231],[-74.016970324999988,4.7185676188451398],[-74.016399741999976,4.7173387948451726],[-74.016081015999987,4.7164238408452048],[-74.015801503999967,4.715494037845219],[-74.015504953999937,4.7137358438452859],[-74.015491690999966,4.7136493048452888],[-74.015490131999968,4.713536980845312],[-74.015418362999981,4.7118045938453603],[-74.015616482999974,4.7100666168454159],[-74.015626346999966,4.7099599078453975],[-74.015685330999986,4.7097336148454412],[-74.01606451899994,4.7081152418455003],[-74.016289519999987,4.7075464578454689],[-74.016819540999961,4.7062706038455406],[-74.017248692999942,4.7055236448455346],[-74.017928303999952,4.7044259938456277],[-74.018396828999983,4.703829277845621],[-74.019565390999958,4.7025814268456463],[-74.019718144999956,4.7024359258456307],[-74.020059943999968,4.7021330528456895],[-74.021122209999987,4.7011864068456788],[-74.021801133999986,4.7007369038457218],[-74.022684976999983,4.7002127328457481],[-74.023476453999933,4.6998859048457291],[-74.024396285999956,4.6994972418457692],[-74.026062052999976,4.699082405845779],[-74.026249288999963,4.6990280288457553],[-74.027216102999944,4.6988926098457569],[-74.028209540999967,4.6987452188457777]]],[[[-74.173238700999946,4.5415812328508922],[-74.171963332999951,4.5414211378508851],[-74.171159904999968,4.541358166850908],[-74.169904492999933,4.5413105828508957],[-74.169008669999982,4.5413086508509206],[-74.167746744999988,4.541371992850892],[-74.166977464999945,4.54146770485091],[-74.165454987999965,4.5416663898508887],[-74.165005802999985,4.5417302208508668],[-74.163717152999936,4.5420888768508556],[-74.163171988999977,4.5422322718508577],[-74.162964440999986,4.5423064048508532],[-74.161370111999986,4.5427898218508433],[-74.160314006999954,4.5432243848508218],[-74.159647983999946,4.5434859518508075],[-74.158776860999978,4.5439341628508449],[-74.158004628999947,4.5443189678507814],[-74.157298872999945,4.5447764178507715],[-74.156444556999986,4.5452967128507566],[-74.155821006999986,4.5457792028507633],[-74.154976663999946,4.5464346428507429],[-74.15377074099996,4.5476241348506843],[-74.153624190999949,4.5477731498507197],[-74.152946663999955,4.5486530348506395],[-74.152401048999934,4.5493364038506234],[-74.152316476999943,4.5494689998506317],[-74.151359881999952,4.5512158918506076],[-74.15131785799997,4.5513138168505805],[-74.15120135799998,4.5516873698505425],[-74.150686300999951,4.5531585928505045],[-74.150588163999942,4.5535636208504799],[-74.150358723999943,4.5550033388504634],[-74.150205276999941,4.5565870428503956],[-74.150203874999988,4.5568480668503861],[-74.150219030999949,4.5570852708504104],[-74.150275122999972,4.5586927728503674],[-74.150575664999963,4.5601553178503043],[-74.150592375999963,4.5605374518502915],[-74.150774085999956,4.5612642548502302],[-74.151082948999942,4.5623821138502274],[-74.151230299999952,4.5627072858501911],[-74.151669933999983,4.5642267648501731],[-74.152029766999988,4.5650074678501182],[-74.152349109999989,4.5660714068500869],[-74.152882257999977,4.5672154718500497],[-74.153097244999969,4.5679160398500454],[-74.153775284999938,4.5693530108499836],[-74.153903496999988,4.5697606658499632],[-74.154706494999971,4.5714241778499076],[-74.154765431999976,4.5716052848499045],[-74.155678479999949,4.5734244618498607],[-74.155687296999986,4.5734498958498646],[-74.156024883999976,4.5740772558498559],[-74.156682051999951,4.5752944988498072],[-74.156706597999971,4.5753271628498018],[-74.157640209999954,4.5768841278497714],[-74.157790022999961,4.5771337198497504],[-74.157792515999972,4.5771390858497352],[-74.158954548999986,4.5787992888497104],[-74.15906765699998,4.5789836518496623],[-74.160201867999945,4.5803209258496533],[-74.160648249999952,4.580828180849644],[-74.161543138999946,4.5816792268495981],[-74.162788811999974,4.5826726398495667],[-74.163000576999934,4.5828355758495443],[-74.163292377999937,4.5830167528495354],[-74.164578388999985,4.5837826478495423],[-74.166245235999952,4.5845169288495224],[-74.166271325999958,4.5845295728495046],[-74.166290257999947,4.5845371788495033],[-74.168087017999937,4.5850630818494666],[-74.168830683999943,4.5852627158494759],[-74.17000341399995,4.5854215078494427],[-74.171159000999978,4.5856196898494535],[-74.172022191999986,4.5856019308494504],[-74.173306923999974,4.5856632128494432],[-74.17417052199994,4.5855571078494641],[-74.175343823999981,4.5855138208494779],[-74.176449573999946,4.5852850038494903],[-74.177279365999937,4.5851883158494529],[-74.178875633999951,4.5847572928494991],[-74.179128103999972,4.584711988849473],[-74.179740503999938,4.5845151248495011],[-74.180478948999962,4.5842583358495199],[-74.180445379999981,4.5839722788494912],[-74.180440382999961,4.583955470849495],[-74.180355283999972,4.5836708028495483],[-74.180340710999985,4.5835814668495276],[-74.180286997999985,4.5832529408495573],[-74.180280099999948,4.5832108498495474],[-74.179994620999935,4.5809909608496193],[-74.179937088999964,4.580238212849622],[-74.179919413999983,4.5800072118496491],[-74.179698427999938,4.5783696598496721],[-74.179692114999966,4.5783228598497265],[-74.179579550999961,4.5777952538496924],[-74.179555275999974,4.577694617849744],[-74.179523685999982,4.5775341518497319],[-74.179414041999962,4.5771153738497601],[-74.179393437999977,4.5769990148497648],[-74.17939341899995,4.5769988988497472],[-74.179393335999976,4.5769984338497682],[-74.179393072999972,4.5769969438497222],[-74.179392920999987,4.5769960838497274],[-74.179377661999979,4.5769950348497321],[-74.179288081999971,4.5769889748497539],[-74.17927797599998,4.576991169849733],[-74.178899785999988,4.5770732978497684],[-74.178800786999943,4.5771178528497547],[-74.178667085999962,4.5772000248497129],[-74.178636683999969,4.5772308818497285],[-74.178538026999945,4.5773053938497519],[-74.178303825999933,4.5775019618497215],[-74.178064319999976,4.5776241658496941],[-74.177843017999976,4.5777425788497412],[-74.177704396999957,4.5775743488497094],[-74.177701357999979,4.5775706598497257],[-74.177684024999962,4.5775834558497444],[-74.177661222999973,4.5775623398497176],[-74.177566492999972,4.5774747048497249],[-74.176950825999938,4.5770156918497236],[-74.176635250999936,4.5767686738497515],[-74.176468452999984,4.5766281428497537],[-74.17610868099996,4.576325194849753],[-74.176084118999938,4.576298076849767],[-74.176065679999965,4.5762664398497543],[-74.176054206999936,4.5762316958497538],[-74.17605019399997,4.5761953268497741],[-74.176051318999953,4.5761840948497481],[-74.176053850999949,4.5761588138497755],[-74.175988526999959,4.5757881268497957],[-74.175969450999958,4.5756797938497895],[-74.175937844999964,4.5755006308498087],[-74.175929609999969,4.5754643298497868],[-74.175905623999938,4.5754565168497683],[-74.175806749999936,4.5754675778497758],[-74.175699372999986,4.5754795088497868],[-74.175698957999941,4.5754606928497736],[-74.175667109999949,4.5754637768497872],[-74.175633681999955,4.5754884958497941],[-74.175523471999952,4.5754685848498102],[-74.175485500999969,4.5754126368498023],[-74.175403091999954,4.5754031358497782],[-74.175295714999947,4.575390756849778],[-74.175324356999965,4.5752939598498168],[-74.175333592999948,4.5751850838497976],[-74.175323030999948,4.575170289849825],[-74.175297271999966,4.5751450078498044],[-74.175267572999985,4.5751244598497962],[-74.175120063999941,4.5750588588497791],[-74.17511731999997,4.5750575848497865],[-74.175115137999967,4.5750566698498005],[-74.175012739999943,4.5750111218497924],[-74.175005470999963,4.5745420568498041],[-74.175074619999975,4.5737335848498732],[-74.175161645999935,4.5730395868498626],[-74.175397639999971,4.5718876758499354],[-74.175399890999984,4.5718767988499147],[-74.175416707999943,4.5717943848498983],[-74.175582436999946,4.5717018648498868],[-74.175593202999949,4.5716958608498945],[-74.175922910999986,4.5716714138498995],[-74.175929947999975,4.5716709178499233],[-74.176202930999978,4.5715907518498868],[-74.176329041999963,4.5715537428499147],[-74.17642897199994,4.5714843868499315],[-74.176579217999972,4.5713802148499072],[-74.176661412999977,4.5713007638499441],[-74.176936921999982,4.571034226849922],[-74.177118622999956,4.5708841498499364],[-74.177300536999951,4.5707338598499723],[-74.178463249999936,4.5701881898499828],[-74.178513427999974,4.5701646708499615],[-74.178465413999959,4.5697868508499884],[-74.178463866999948,4.5697806348499608],[-74.178449576999981,4.5697222338499692],[-74.178395167999952,4.5695006978500139],[-74.178210702999934,4.5692267658499919],[-74.178107874999966,4.5689810788499763],[-74.178060013999982,4.5688666758499874],[-74.178054242999963,4.5688483858500284],[-74.178053820999935,4.5688470428500256],[-74.178026393999971,4.5687597188500337],[-74.17782105799995,4.5681059548500009],[-74.177903213999969,4.5671214928500721],[-74.177906238999981,4.56708533485007],[-74.17792499899997,4.5664205078500579],[-74.177925409999943,4.5661436018501149],[-74.177926021999951,4.5656696628501132],[-74.177938040999948,4.5653138728501093],[-74.177945350999948,4.5650964308501161],[-74.177890078999951,4.5644720708501758],[-74.17780053599995,4.563842205850186],[-74.177560730999971,4.5629211048501981],[-74.177407846999984,4.5622114398502331],[-74.17740693099995,4.5622094628502197],[-74.17733450999998,4.5620537458502355],[-74.177083742999969,4.56151435285026],[-74.176883940999971,4.5612748138502619],[-74.176508406999972,4.5608244778502547],[-74.176503056999934,4.5608103548502772],[-74.176380732999974,4.5604869838502582],[-74.176328260999981,4.5594042948503031],[-74.176369420999947,4.5592139688503179],[-74.176444917999959,4.5588648148503363],[-74.176608808999958,4.5586020968503504],[-74.176778609999985,4.5583297748503613],[-74.176871425999934,4.5581895878503635],[-74.17696529899996,4.5580477778503754],[-74.176963890999957,4.5580444578503574],[-74.176877605999948,4.5578437558503833],[-74.176803140999937,4.5576705258503596],[-74.176645549999989,4.5570946878504053],[-74.176452486999949,4.5563890498504298],[-74.176453260999949,4.5563745718504016],[-74.176473018999957,4.5560049398504114],[-74.176565955999934,4.5553338238504582],[-74.176694296999983,4.5548458968504759],[-74.177056415999971,4.554310712850496],[-74.177058864999935,4.5539472978504749],[-74.177059423999935,4.5538636818504887],[-74.176975040999935,4.5537399568505137],[-74.176917246999949,4.5536552268504957],[-74.176896443999965,4.5536512158505023],[-74.176896671999941,4.5536488948504958],[-74.176892418999955,4.553648082850497],[-74.176893193999945,4.5536399608504992],[-74.176899803999959,4.5535729418505291],[-74.176906317999965,4.5535069408504798],[-74.176743216999967,4.5535067698505269],[-74.176425236999989,4.5533600698505223],[-74.176150501999984,4.55341431485052],[-74.175947823999934,4.5533058488504912],[-74.175946316999955,4.5533040768505284],[-74.175943769999947,4.5533027138505053],[-74.175788494999949,4.5531201958505365],[-74.175330781999946,4.5530256438505319],[-74.174898412999937,4.5531748078505183],[-74.174713753999981,4.5531748138505161],[-74.174173266999958,4.5524381108505612],[-74.174021993999986,4.5524913148505508],[-74.173934731999964,4.552132583850554],[-74.173760055999935,4.5515892248505647],[-74.173796701999947,4.5510445958505894],[-74.173890276999941,4.5504823368506218],[-74.173858825999957,4.5500183398506318],[-74.173941050999986,4.5494504778506322],[-74.174121012999933,4.5490023858506428],[-74.174521743999946,4.5482376328506664],[-74.174946710999961,4.5476791608507234],[-74.175553993999984,4.54706789285075],[-74.176104525999961,4.5465257768507383],[-74.176290974999972,4.5461979998507545],[-74.176379777999955,4.5457904968507457],[-74.176240507999978,4.5454303688507549],[-74.176011258999949,4.5452827598507524],[-74.175746964999973,4.5450207148507564],[-74.175582615999986,4.5447002778508017],[-74.175527253999974,4.5445923388508254],[-74.17522188099997,4.5441471548508368],[-74.174511978999988,4.5438592678508396],[-74.174076812999942,4.543672885850806],[-74.173810891999949,4.5431473378508338],[-74.173630905999971,4.5426669848508521],[-74.173256352999942,4.5421134158508965],[-74.173238700999946,4.5415812328508922]]],[[[-74.058225705999973,4.5907685258492803],[-74.058545653999943,4.5909876078492715],[-74.06002979799996,4.5919010748492814],[-74.060119303999954,4.5919419428492549],[-74.060181648999958,4.5919685728492388],[-74.061805855999978,4.5927000598492036],[-74.063003844999969,4.5931843778492141],[-74.063521240999989,4.5934080708492173],[-74.064447294999979,4.5937458818492116],[-74.065279349999969,4.5940418298491794],[-74.065688911999985,4.5941618108491893],[-74.067074666999986,4.5946109218491937],[-74.068244611999944,4.5949143688491425],[-74.06891283899995,4.5951055328491499],[-74.070704185999944,4.595499831849124],[-74.070795974999953,4.5955219958491531],[-74.071187725999948,4.5955906848491335],[-74.072721027999989,4.5958656068491441],[-74.073061090999943,4.5959068348491305],[-74.074698342999966,4.5961183798491341],[-74.075332204999938,4.5961647148491185],[-74.076735317999976,4.5962674608490897],[-74.077523317999976,4.5962835428490934],[-74.078828439999938,4.5963189498491301],[-74.079649543999949,4.5962895848490835],[-74.081005158999972,4.5962251368490969],[-74.081697550999934,4.5961596748490967],[-74.083361554999954,4.5958190258491527],[-74.083595080999942,4.5957682298491127],[-74.084463649999975,4.5955906788491427],[-74.085500608999951,4.5953906828491577],[-74.085767393999959,4.5953269628491453],[-74.087345237999955,4.5949072948491514],[-74.088309850999963,4.5945974328491745],[-74.089129329999935,4.5943186928491802],[-74.090552164999963,4.5937458818492116],[-74.090855748999957,4.5936298588491873],[-74.091036261999989,4.5935481488492256],[-74.092535262999945,4.5928595028492367],[-74.094005975999949,4.5920759448492436],[-74.094159907999938,4.5919937948492686],[-74.094312824999975,4.5919010908492739],[-74.095744482999976,4.5910584448492768],[-74.097250536999979,4.5901259778493255],[-74.097309325999959,4.59008880784934],[-74.097355618999984,4.5900563008493345],[-74.098806464999939,4.5890015098493597],[-74.099799598999937,4.588211516849376],[-74.100261379999949,4.5878408348494073],[-74.101113105999957,4.5871017468494433],[-74.101680725999984,4.5866183468494475],[-74.10196024399994,4.5863667338494079],[-74.103065741999956,4.5853362028494837],[-74.103904732999979,4.5845219528494825],[-74.104417619999936,4.5839964718494954],[-74.105676675999973,4.5826771728495501],[-74.105740066999942,4.5826055998495372],[-74.105976084999952,4.5823384968495473],[-74.107031144999951,4.5811602178495949],[-74.107328984999981,4.5808323928496035],[-74.10829401999996,4.5796658278496363],[-74.108874852999975,4.5789876148497086],[-74.109532140999988,4.5781284218496783],[-74.110329324999952,4.5771428368497391],[-74.110747827999944,4.5765520378497575],[-74.111699191999946,4.5752980608498133],[-74.111937952999938,4.5749312348498306],[-74.11301014299994,4.5734532838498527],[-74.113113046999956,4.5732843178498612],[-74.114263863999952,4.5716085078499233],[-74.114267645999973,4.5716017908499085],[-74.114336037999976,4.5714963398499391],[-74.115393540999946,4.5698693838499933],[-74.115472882999939,4.5697637328499914],[-74.116493436999974,4.5680918048500363],[-74.116617580999957,4.56791895885004],[-74.117562011999951,4.5662597988500631],[-74.117691987999933,4.5660741868500736],[-74.118606389999968,4.5643857488501594],[-74.118689983999957,4.564229415850158],[-74.119004489999952,4.563381024850206],[-74.119356127999936,4.562384664850196],[-74.119434647999981,4.5621361118502506],[-74.120108367999933,4.5605399078502948],[-74.120272869999951,4.559903801850318],[-74.120715827999959,4.5586951588503153],[-74.120962685999984,4.5574135858503899],[-74.121132359999933,4.5568504198503943],[-74.121255384999984,4.5557783338504096],[-74.121348050999984,4.5550056928504672],[-74.121312737999972,4.5543329008504969],[-74.121345546999976,4.5531609798505022],[-74.121193440999946,4.5521962028505527],[-74.121058270999981,4.551316283850583],[-74.120523897999988,4.5496703218506394],[-74.120459256999936,4.5494716058506421],[-74.119572050999977,4.5476352048507129],[-74.119568018999985,4.5476269448506947],[-74.118459917999985,4.5458787338507465],[-74.118398146999937,4.545782298850761],[-74.117247259999942,4.5442970238508158],[-74.116967891999934,4.5439376648508105],[-74.115969555999982,4.5428283968508545],[-74.115316004999954,4.5420930398508865],[-74.114643498999953,4.5414438308508887],[-74.113457520999987,4.5402484198509594],[-74.113297676999935,4.540093629850956],[-74.112859492999974,4.5396416428509507],[-74.111974380999982,4.5387042768509671],[-74.111697739999954,4.5384037908510138],[-74.110665301999973,4.5372902168510096],[-74.109996089999981,4.5365591548510285],[-74.109371893999935,4.5358489208510591],[-74.108350235999978,4.5347145128511102],[-74.108085322999955,4.5343957468511569],[-74.107056640999986,4.5332453778511832],[-74.106794845999957,4.5329493658511515],[-74.10671758999996,4.5328698658511826],[-74.10550131499997,4.5315083048512204],[-74.105014640999968,4.5310252178512194],[-74.104178102999981,4.5301188428512464],[-74.103184030999955,4.5291805698513006],[-74.10281415299994,4.528800204851299],[-74.101920895999967,4.52800837185133],[-74.101412571999958,4.527546990851369],[-74.101143095999987,4.5273359248513509],[-74.099978803999988,4.526349731851373],[-74.098798143999943,4.5254912828514335],[-74.098489471999983,4.5252490668514396],[-74.098035306999975,4.5249441068514571],[-74.096966086999942,4.5242076028514466],[-74.096013737999954,4.523646642851495],[-74.095392810999954,4.5232528698514676],[-74.094734924999955,4.5228969298515169],[-74.093778758999974,4.5223690198515092],[-74.092571905999989,4.5218020078515559],[-74.092115169999943,4.5215712838515536],[-74.091762726999946,4.5214201358515744],[-74.090415410999981,4.5208364258515932],[-74.089007979999963,4.520321276851587],[-74.088661943999966,4.5201949318515844],[-74.08788624999994,4.5199573748516038],[-74.086868600999935,4.519622749851619],[-74.086411338999937,4.5194972088516341],[-74.085030608999944,4.5191281848516311],[-74.083938056999955,4.5188875418516616],[-74.083141826999963,4.5187219008516362],[-74.081729927999959,4.5184849538516305],[-74.077638866999962,4.5275663778513762],[-74.073039953999967,4.5377751478510087],[-74.071074704999944,4.5421374528508958],[-74.061608935999971,4.563274311850174],[-74.061048785999958,4.5795194058496467],[-74.060996273999933,4.5810423308496082],[-74.058225705999973,4.5907685258492803]],[[-74.081077876999984,4.5544993328504502],[-74.081676376999951,4.5544744248504463],[-74.083198602999971,4.5544960198504683],[-74.083757859999935,4.5545459228504592],[-74.085526367999989,4.554852553850445],[-74.085683883999934,4.5548876298504704],[-74.086038971999983,4.555006978850451],[-74.087481386999968,4.5554527288504207],[-74.088176705999956,4.555769736850432],[-74.089157257999943,4.5562292528503923],[-74.090116089999981,4.5568516328504138],[-74.090712340999971,4.5572157328503557],[-74.091525514999944,4.557900882850368],[-74.092146911999976,4.5584116918503534],[-74.092408043999967,4.5586963038503097],[-74.093453789999955,4.5598296148503161],[-74.093951064999942,4.5605409828502959],[-74.094604147999974,4.5615196118502404],[-74.095044568999981,4.5623856708502402],[-74.09556080699997,4.5635463098501798],[-74.09579374599997,4.5642303648501805],[-74.096240180999985,4.5660549958500969],[-74.096243866999941,4.5660750678500817],[-74.096245913999951,4.5661050998501231],[-74.096445593999988,4.567919774850056],[-74.096406223999963,4.5694559708499662],[-74.096392803999947,4.5697644888499482],[-74.096352544999945,4.5699796838499589],[-74.096117612999933,4.5716092088498979],[-74.095790277999981,4.572691724849868],[-74.095582556999943,4.5734539358498312],[-74.094942983999942,4.5749083988497956],[-74.094770858999937,4.5752986688498058],[-74.093886624999982,4.5767617238497547],[-74.093632911999975,4.5771434088497207],[-74.092671491999965,4.5783391078496747],[-74.092027837999979,4.5789881548496769],[-74.091303461999985,4.5796507648496609],[-74.089961799999969,4.5806575488495964],[-74.089822606999974,4.5807663348495931],[-74.089704410999957,4.5808329108496428],[-74.08822798999995,4.5816841888495841],[-74.086950449999961,4.5822021738495557],[-74.08650419199995,4.5823775298495502],[-74.085266030999946,4.5826776858495801],[-74.084646973999952,4.5828389798495817],[-74.08444222199995,4.582872279849564],[-74.082637790999968,4.5830363108495611],[-74.082217774999947,4.5830491298495595],[-74.080445611999949,4.5829155788495326],[-74.080186520999973,4.5828901848495533],[-74.079260260999945,4.5826777258495532],[-74.07830688699994,4.5824677088495864],[-74.077994481999951,4.5823447628495577],[-74.076555503999941,4.5818223198496053],[-74.07510655599998,4.5810147418495992],[-74.074944405999986,4.5809331098496102],[-74.074796051999954,4.5808330098496173],[-74.073433282999986,4.5798701398496231],[-74.072437305999983,4.5789882848496655],[-74.072045536999951,4.5785927398496771],[-74.070788455999946,4.5771988788497202],[-74.070748898999966,4.5771569928497611],[-74.07073857499995,4.5771435578497366],[-74.069637382999986,4.5753995028497751],[-74.06957719899998,4.5752988338497707],[-74.069187640999985,4.5744164468498143],[-74.068755643999964,4.5734541108498528],[-74.06871601499995,4.573311533849842],[-74.068206668999949,4.5716093908499111],[-74.068083835999971,4.5707209478499342],[-74.067920343999958,4.5697646738499822],[-74.067889492999939,4.5684705618500461],[-74.067879976999961,4.5679199608500189],[-74.067949470999963,4.5672651388500372],[-74.068032221999943,4.5660752498500914],[-74.068196517999979,4.5653147118501032],[-74.068479388999947,4.5642305408501382],[-74.068953833999956,4.5629415498502075],[-74.069260591999978,4.562385837850238],[-74.070057711999937,4.5611707798502641],[-74.070489324999983,4.5605411368502589],[-74.071235011999988,4.5595276368502917],[-74.072021863999964,4.5586964368503269],[-74.072561790999941,4.5581443208503538],[-74.07371375799994,4.5572463008503536],[-74.074023223999973,4.5569950608504115],[-74.074266798999986,4.5568517358504073],[-74.075596566999934,4.5560403228504223],[-74.076836226999944,4.5555084588504604],[-74.077297650999981,4.5553076208504555],[-74.078380767999988,4.5550070288504321],[-74.079120578999948,4.5547867018504746],[-74.079402026999958,4.5547381588504878],[-74.081077876999984,4.5544993328504502]]]]},"properties":{"objectid":29,"id":2,"temperatura":14.831857399999999,"periodo":"Anual","ano":2023,"sdagis_temp_anualprom_area":108157044.549362,"fecha_ini":1672531200000,"fecha_fin":1703980800000,"st_area(shape)":0.0088151967577264762,"st_perimeter(shape)":0.93718406161149104}},{"type":"Feature","id":30,"geometry":{"type":"Polygon","coordinates":[[[-74.019096488999935,4.7640050368436739],[-74.019059575999961,4.7644766578436322],[-74.019022335999978,4.7648659098436106],[-74.018909321999956,4.7654205428436249],[-74.018909391999955,4.7654233688436385],[-74.018928629999948,4.7660743528435701],[-74.019002796999985,4.7669913028435644],[-74.019133840999984,4.7679263438435262],[-74.019132713999966,4.7679288158435353],[-74.018919191999942,4.7683890088434957],[-74.01869998899997,4.7687426358435259],[-74.018698649999976,4.7687450368434812],[-74.018486552999946,4.7691132128434637],[-74.018479864999961,4.7691173788434691],[-74.01847655499995,4.7691229578434724],[-74.018203110999934,4.7692943028434778],[-74.017965469999979,4.7696075308435031],[-74.017917377999936,4.7696715028434618],[-74.017916672999945,4.7696724218434658],[-74.017823696999983,4.7699749418434498],[-74.017675321999945,4.7701237808434636],[-74.017583394999974,4.7702159958434551],[-74.017490664999968,4.7703158368434551],[-74.017433085999983,4.7704216128434549],[-74.017433627999935,4.7704252428434328],[-74.01743838799996,4.770457142843445],[-74.01759679099996,4.7707144038434359],[-74.017443509999964,4.771532780843434],[-74.016820036999945,4.7722721328433915],[-74.01675568099995,4.7723601058434015],[-74.016751566999972,4.7723657288433943],[-74.016693380999982,4.7725218708433648],[-74.016599832999987,4.7728574428433364],[-74.01658243299994,4.7729199398433853],[-74.016571231999933,4.7729629448433908],[-74.016569258999937,4.7729811648433458],[-74.016558275999955,4.7731448688433282],[-74.016558472999975,4.7731464578433522],[-74.016559077999943,4.7731524128433636],[-74.016583684999944,4.7733950348433272],[-74.016602326999987,4.7735788448433301],[-74.016594465999958,4.7737953188433293],[-74.016595231999986,4.7741115208433476],[-74.016495256999974,4.7742861038433331],[-74.016243754999948,4.7744375218432973],[-74.016174066999952,4.7745683778432868],[-74.01600988399997,4.7748503448433173],[-74.015959914999939,4.7750002498433135],[-74.015949207999938,4.7752251098433076],[-74.015952776999939,4.7753321848432604],[-74.015950110999938,4.7754387878432665],[-74.015949206999949,4.7754749528433047],[-74.015890845999934,4.7757130968432762],[-74.015799300999959,4.7758675638432981],[-74.015715303999968,4.7760389818432625],[-74.015968291999968,4.776501634843247],[-74.01599504099994,4.7768119198432482],[-74.015978991999987,4.7770366038432295],[-74.01600164499996,4.7777718098432116],[-74.016001586999948,4.7784284138432156],[-74.016001585999959,4.7784518028431897],[-74.015978558999961,4.7789819658431867],[-74.016024463999941,4.7795467088431502],[-74.016035919999979,4.7799155188431364],[-74.016024405999985,4.7802036538431336],[-74.015978429999961,4.7804456808431315],[-74.015963801999987,4.7807479968431137],[-74.015959994999946,4.7809854668431031],[-74.01597950699994,4.7812205588431231],[-74.015985216999979,4.7813875958431016],[-74.015988548999985,4.7815993688430822],[-74.015998065999952,4.7818920418430686],[-74.016002824999987,4.782239442843057],[-74.016002823999941,4.7825368768430474],[-74.01598217999998,4.7829596418430356],[-74.016071969999985,4.7835086048430364],[-74.016089079999972,4.7839012588430245],[-74.01615359699997,4.7840411788429913],[-74.01634487299998,4.7844306888429742],[-74.016352769999969,4.7845870658429721],[-74.016359744999988,4.7847251468430105],[-74.016386512999986,4.7852278088429685],[-74.016525211999976,4.7856333918429277],[-74.016539533999946,4.7860046298429317],[-74.016556957999967,4.7864562838429352],[-74.016497710999943,4.7866144988429253],[-74.016431127999965,4.786792303842943],[-74.016342091999945,4.7874673898429272],[-74.016053387999989,4.7877678818428642],[-74.016024922999975,4.7878723818428801],[-74.01602098099994,4.7880599358428517],[-74.016015233999951,4.7883333908428574],[-74.016005979999989,4.7887737088428599],[-74.016001296999946,4.7889964978428683],[-74.015993798999943,4.7893532598428319],[-74.01594036299997,4.7897041688428352],[-74.015894461999949,4.790066578842799],[-74.015816238999946,4.7904542868427935],[-74.01576487899996,4.7909236428427766],[-74.015669421999974,4.7911277918427846],[-74.015620500999944,4.7913090068427691],[-74.015514148999955,4.7915242148427541],[-74.015480621999984,4.791705517842785],[-74.015407959999948,4.7921936808427645],[-74.015351446999944,4.7923810628427388],[-74.015327652999986,4.7924464978427439],[-74.015267050999967,4.7925816888427093],[-74.015167039999938,4.7927558288427159],[-74.015104939999958,4.792941251842719],[-74.015086736999933,4.7931314478427121],[-74.015056103999939,4.7932761468426861],[-74.014984397999967,4.7933300218426753],[-74.014859197999954,4.7933697598427338],[-74.014804029999937,4.7934074788427088],[-74.014705928999945,4.793572042842686],[-74.014691652999943,4.7937683488427023],[-74.014767347999964,4.7940144548426593],[-74.014736365999966,4.7941019328426648],[-74.014558758999954,4.7943859368426969],[-74.014357723999979,4.7946506068426604],[-74.014210163999962,4.7948141488426543],[-74.014184907999947,4.7948745318426527],[-74.014228371999934,4.7949347598426524],[-74.014304038999967,4.7950404088426222],[-74.014365427999962,4.7951017978426727],[-74.014388271999962,4.7951489118426593],[-74.01437113999998,4.7951831758426193],[-74.014305465999939,4.7951760368426299],[-74.014236926999956,4.7951889578426332],[-74.014117101999943,4.795385132842612],[-74.01403675499995,4.7957882148426521],[-74.014015766999989,4.7958853538426318],[-74.013976613999944,4.7959400678426229],[-74.013650995999967,4.7962414398426381],[-74.01358003699994,4.7962691878426122],[-74.013500272999977,4.7963237558426011],[-74.013433988999964,4.7964199008425918],[-74.013402579999934,4.7965426798426227],[-74.013419708999947,4.7967748448426146],[-74.013405314999943,4.7968341638426155],[-74.013377952999974,4.7969007898425939],[-74.01333922799995,4.7969764328425928],[-74.013316621999934,4.7970513858425603],[-74.013324413999953,4.797128027842561],[-74.013248598999951,4.7974820328425727],[-74.01316852399998,4.797580019842572],[-74.01296681499997,4.7977511188425659],[-74.012858536999943,4.7978683028425353],[-74.012793526999985,4.7979008178425753],[-74.012715011999944,4.7979074098425576],[-74.012608760999967,4.7978987948425482],[-74.012515055999984,4.7978638158425806],[-74.012448771999971,4.7977966568425634],[-74.012390951999976,4.7977742908425665],[-74.012273215999983,4.797763229842559],[-74.011940727999956,4.7977227148425339],[-74.011548116999961,4.7977137918425372],[-74.010941353999954,4.7977018948425547],[-74.010563614999967,4.7976364588425566],[-74.010016338999947,4.7975799468425482],[-74.009644547999983,4.7975829208425935],[-74.009351738999953,4.7976303738425674],[-74.009200093999937,4.7976348528425525],[-74.009085374999984,4.7976245618425795],[-74.008900966999988,4.7975769728425641],[-74.008600564999938,4.7975740608425514],[-74.00835774799998,4.7976706068425541],[-74.008187377999946,4.7978275948425626],[-74.007990834999987,4.7979162438425256],[-74.00750444099998,4.7979463788425623],[-74.007306727999946,4.7980540548425266],[-74.007200289999957,4.7980702638425461],[-74.007016433999979,4.7980159838425767],[-74.006773331999966,4.7978995428425382],[-74.006661990999987,4.7978905608425366],[-74.006002294999973,4.7982610028425423],[-74.005663699999957,4.7983657918425191],[-74.005662751999978,4.7983668088425633],[-74.005293538999979,4.7987629808425201],[-74.005067979999978,4.7990708038425245],[-74.005053101999977,4.7993235788424942],[-74.005035662999944,4.7996198178425029],[-74.004979741999989,4.7996777208424701],[-74.004970394999987,4.79968113784249],[-74.004483564999987,4.7998591128424657],[-74.004474792999986,4.7998623198424877],[-74.004205790999947,4.8000854628425111],[-74.00405004299995,4.800216006842505],[-74.003447990999973,4.8006447658424767],[-74.003446899999972,4.8006457528424447],[-74.003377000999933,4.8007089838424557],[-74.003243796999982,4.8007794228424654],[-74.003175061999968,4.8008157708424433],[-74.002919089999978,4.8009821598424525],[-74.002862578999952,4.8012229618424511],[-74.00283067099997,4.8013006038424555],[-74.002704106999943,4.8014875568424236],[-74.002585409999938,4.8016077098424219],[-74.002523604999965,4.8016850978424497],[-74.002406911999969,4.8016911198424301],[-74.002282771999944,4.8017118158424026],[-74.002188838999984,4.8017434688424121],[-74.00216039999998,4.801818658842425],[-74.00214041299995,4.8019452468424211],[-74.002115222999976,4.8020164528423948],[-74.001978508999969,4.802187858842438],[-74.001935055999979,4.8023401898424121],[-74.001890092999986,4.8024024608424005],[-74.001817086999949,4.8024312618423872],[-74.001557305999938,4.8024505638423856],[-74.001342578999981,4.8024379138424118],[-74.001287590999937,4.8024664308423848],[-74.00124359299997,4.802542610842389],[-74.00124748099995,4.8026974068423929],[-74.00118458299994,4.8028110138423896],[-74.001141651999944,4.803227803842411],[-74.001193058999945,4.8036133558423488],[-74.001244464999957,4.803844687842342],[-74.001257316999954,4.8041274258423377],[-74.001278499999955,4.804260999842354],[-74.001215369999954,4.8043900758423534],[-74.001148744999966,4.8044519408423207],[-74.001101155999947,4.8044947708423553],[-74.001058325999963,4.8045376018423251],[-74.001013133999948,4.8045772378423228],[-74.000961726999947,4.8046800518423218],[-74.000871764999943,4.8048599768423168],[-74.000691839999945,4.8050527528423137],[-74.000553879999984,4.8052086098422917],[-74.000425058999951,4.8053908258423235],[-74.000404118999938,4.8054993288423002],[-74.000407926999969,4.8055678568422868],[-74.000436480999952,4.8056497108423137],[-74.00050842099995,4.8057120598423317],[-74.000607801999934,4.8057981888422789],[-74.00068013799995,4.8058305488423123],[-74.000710593999941,4.8058667178423082],[-74.000716304999969,4.8059371498422792],[-74.00074998599996,4.8061792958422798],[-74.000731532999964,4.8063292848422945],[-74.000767700999972,4.806376873842253],[-74.000857392999933,4.8064068338422592],[-74.000927510999986,4.8065830588422731],[-74.000989697999955,4.8066724068422859],[-74.001038419999986,4.8067424108422916],[-74.001130476999947,4.8067709478422813],[-74.001305027999933,4.80682505784229],[-74.001510610999958,4.8069437498422856],[-74.001572910999982,4.8070126668422457],[-74.001617412999963,4.8070619168422635],[-74.001668398999982,4.8072332038422587],[-74.00168641099998,4.8072786888422456],[-74.001733057999957,4.8073058308422638],[-74.001852735999989,4.8073419838422558],[-74.002122406999945,4.8073466158422731],[-74.002332196999987,4.8074288338422591],[-74.002492096999958,4.8075468548422453],[-74.00261011799995,4.807632515842263],[-74.002649120999934,4.8076988488422634],[-74.002823332999981,4.8078497138422263],[-74.002911939999933,4.8080978078422447],[-74.003087689999973,4.808370891842193],[-74.003219021999939,4.808450573842225],[-74.003305603999934,4.808524220842191],[-74.003347512999937,4.8086064288422241],[-74.003388368999936,4.8087266128421859],[-74.00343793199994,4.8088586518421765],[-74.003486357999975,4.8089282798421777],[-74.00358483399998,4.8090698708422197],[-74.003609707999942,4.8090932018421881],[-74.003689158999975,4.8091266758422089],[-74.003826545999971,4.8092769848421852],[-74.003834075999976,4.8093036508421836],[-74.004154840999945,4.8096045178421925],[-74.004295034999984,4.809713361842145],[-74.004432982999958,4.8099135068421521],[-74.004735650999976,4.8100772138421579],[-74.004887935999989,4.8101971388421285],[-74.00495945199998,4.8102610038421449],[-74.00498220299994,4.8104728788421296],[-74.005023842999947,4.8107881568421371],[-74.005011944999978,4.8113235368420879],[-74.005000047999943,4.811757787842077],[-74.005081132999976,4.8122396508420691],[-74.005071432999955,4.8125668048421062],[-74.004668632999937,4.813273424842043],[-74.004452772999969,4.8135542808420464],[-74.004503596999939,4.8137846468420209],[-74.004648890999988,4.8140956908420138],[-74.004679128999953,4.8141636968420007],[-74.004349600999944,4.8147163018419779],[-74.004232671999944,4.8151782628420099],[-74.003940335999971,4.8156241678419844],[-74.003893599999969,4.8157909738419598],[-74.004000674999986,4.8160289198419841],[-74.004072058999952,4.8162192768419834],[-74.00388993599995,4.8169243838419478],[-74.003953338999963,4.8171779958419298],[-74.004029423999953,4.8173048048419238],[-74.004168912999944,4.8174442918419356],[-74.004287398999963,4.8177004908419043],[-74.004269916999988,4.8177862758419119],[-74.004241000999968,4.8178896578419312],[-74.003728482999975,4.8183196228418756],[-74.003727872999946,4.8183201348418665],[-74.003696201999958,4.8185587418418807],[-74.003735032999941,4.8186982948418784],[-74.003743369999938,4.8187135308419045],[-74.004075285999988,4.8188885668418697],[-74.004133923999973,4.819006814841841],[-74.004205308999985,4.8192245358418537],[-74.004266143999985,4.8193162508418421],[-74.004298106999954,4.8195065018418282],[-74.004396657999962,4.8196431178418466],[-74.004490843999974,4.8197313608418373],[-74.004626220999967,4.8197813568418679],[-74.004721999999958,4.8198926188418207],[-74.004801174999955,4.8200508788418519],[-74.004907058999947,4.8206427418418434],[-74.005130104999978,4.821105507841823],[-74.005500162999965,4.8214876758418059],[-74.005590730999984,4.8216703908417902],[-74.005617188999963,4.8216907328417573],[-74.005804724999962,4.8217354048417587],[-74.006139265999934,4.8217377338417986],[-74.006428748999951,4.8217468328417539],[-74.006767784999965,4.8217994438417495],[-74.007139493999944,4.8218198588418],[-74.007537676999959,4.8218261558417685],[-74.007815334999975,4.8218194328417558],[-74.008020345999967,4.8217925678417677],[-74.008227609999949,4.8217613248417965],[-74.008416287999978,4.8217393308417966],[-74.008443531999944,4.8217402548417985],[-74.008630302999961,4.821746717841771],[-74.008835310999984,4.8217315058417807],[-74.009021731999951,4.8217185488417611],[-74.009326999999985,4.8216542048418018],[-74.00959734099996,4.8216294008417888],[-74.009725191999962,4.8216124778417573],[-74.009929648999957,4.8215305998418154],[-74.009935915999961,4.8215293998417712],[-74.009940702999984,4.8215284838418011],[-74.010064260999968,4.8215042138418074],[-74.010341365999977,4.8214498918417723],[-74.010710269999947,4.8214081588417814],[-74.010893735999957,4.8213925878417809],[-74.01094907099997,4.8213878678417839],[-74.011267843999974,4.8213834118417882],[-74.01148410899998,4.8214043588417859],[-74.011749445999953,4.8214121098417824],[-74.011766200999944,4.8214109828417593],[-74.011775703999945,4.8214128908417653],[-74.011796119999985,4.82141346084176],[-74.012080032999961,4.8214673988417696],[-74.012087846999975,4.8214688848417993],[-74.012281574999975,4.8215384128417771],[-74.012505142999942,4.8216582288417715],[-74.012609892999933,4.821685367841769],[-74.012876294999955,4.821639659841809],[-74.013056741999947,4.8215768418418063],[-74.013117009999974,4.8215558808417898],[-74.013134822999973,4.8215496688417732],[-74.013158478999969,4.8215414108417933],[-74.013342654999974,4.8214849508418069],[-74.013449812999966,4.8214403388417937],[-74.013585907999982,4.8213813978417779],[-74.013589850999949,4.8213820348418013],[-74.013594989999945,4.8213799168417983],[-74.013793230999966,4.8214104638417936],[-74.014004988999943,4.8214342338417771],[-74.01400646899998,4.8214359978417676],[-74.014018502999988,4.821449843841771],[-74.014075936999973,4.8215161668417688],[-74.014170552999985,4.8215220458417809],[-74.014180479999936,4.8215226838417973],[-74.014239826999983,4.8215263678417726],[-74.014306850999958,4.8215047008417775],[-74.014471879999974,4.8214512738417703],[-74.014679568999952,4.8214071058417831],[-74.01477411999997,4.8213859378417894],[-74.014808688999949,4.8213781748417999],[-74.014970333999941,4.8213372478417638],[-74.015334183999983,4.8212226298417686],[-74.015540888999965,4.8211729528417768],[-74.015743085999986,4.8211264528417859],[-74.015759419999938,4.8211227138418256],[-74.015962171999945,4.8211284028417962],[-74.016146334999974,4.8211415008418035],[-74.016164850999985,4.8211424238418239],[-74.016218352999942,4.8211451188418035],[-74.016294243999937,4.8211532538417723],[-74.016396955999937,4.821161817841813],[-74.016640815999949,4.8211872888417746],[-74.016902688999949,4.8212749078417705],[-74.01711471599998,4.8213660488418064],[-74.017153644999951,4.8213819458417762],[-74.01726085599995,4.8214280818418072],[-74.017411777999939,4.8215072058417752],[-74.017530036999972,4.8215778478417963],[-74.017769380999937,4.8216632028418047],[-74.017977191999989,4.8217186088418078],[-74.018191205999983,4.821735809841794],[-74.018193317999987,4.8217359508417781],[-74.018201623999971,4.8217378598417708],[-74.018432807999943,4.8217887508417707],[-74.018619223999963,4.8218125138417776],[-74.018656603999943,4.8218221248417708],[-74.018802677999986,4.8218595088417597],[-74.018805844999974,4.8218602868417797],[-74.019029770999964,4.8219515728417601],[-74.019215332999977,4.822020320841748],[-74.019240393999951,4.8220295768417492],[-74.019467340999938,4.8221573008417824],[-74.019672336999975,4.8222095968417564],[-74.019746675999954,4.8222285388417498],[-74.020172445999947,4.8222839848417829],[-74.020412362999934,4.8223184908417442],[-74.020620188999942,4.8222891518417619],[-74.020851653999955,4.8223530358417506],[-74.021260499999983,4.822567231841747],[-74.021501530999956,4.8226723598417678],[-74.021615719999943,4.8226677908417779],[-74.021617267999943,4.8226677198417249],[-74.021798479999973,4.8226611148417788],[-74.022261310999966,4.8225527268417796],[-74.022450075999984,4.8224373678417747],[-74.022531824999987,4.8223525678417571],[-74.022573862999934,4.8223094968417657],[-74.022645336999972,4.8222073228417592],[-74.022647831999961,4.8222062988417855],[-74.022649313999977,4.8222040948417897],[-74.022662582999942,4.822200242841765],[-74.022711024999978,4.822180357841745],[-74.022789109999962,4.8221239448417599],[-74.022844732999943,4.8220803118417441],[-74.022847407999961,4.8220781938417439],[-74.02294415199998,4.8220035658417606],[-74.022997519999933,4.8219833778417511],[-74.023092144999964,4.8219438478417702],[-74.023276322999948,4.8218760848417714],[-74.023441908999985,4.8218473028417508],[-74.023595094999962,4.8218786148417818],[-74.023742653999989,4.821877299841768],[-74.023894783999935,4.8219014808417757],[-74.023921254999948,4.821904874841751],[-74.023973067999975,4.8219108868417848],[-74.023998974999984,4.8219135038417917],[-74.024082678999946,4.8219219228417725],[-74.024089014999959,4.8219225588417594],[-74.024255713999935,4.821972305841749],[-74.024444940999956,4.8220186668417897],[-74.024634164999952,4.8220836728417895],[-74.024768195999968,4.8221469728417468],[-74.024821623999969,4.8221765018417662],[-74.024850415999936,4.8221897838417638],[-74.024903067999958,4.8222215008417786],[-74.024923200999979,4.8222336508417509],[-74.025035407999951,4.8222989248417489],[-74.025137054999959,4.8223588998417473],[-74.025196154999946,4.8225668168417535],[-74.025283402999946,4.8228346248417377],[-74.025704065999946,4.8231149218417517],[-74.026092675999962,4.8231110368417314],[-74.02646270799994,4.8230613858417541],[-74.026754457999971,4.8229992918417119],[-74.027207267999984,4.823024229841737],[-74.027550812999948,4.8230740068417504],[-74.028321820999963,4.8231741388417433],[-74.028573563999942,4.8232176858417057],[-74.028925564999952,4.8232279158417439],[-74.029280376999964,4.8232590498417265],[-74.029631827999935,4.823186794841706],[-74.029816563999987,4.8231551888417208],[-74.030070519999981,4.8234298048417221],[-74.030316251999977,4.8236388128417316],[-74.030547484999943,4.8238355308417038],[-74.031062629999951,4.8241022108416809],[-74.031077975999949,4.8241101928416752],[-74.031535805999965,4.824428910841684],[-74.032053334999944,4.8247657168416831],[-74.032621544999984,4.8251364278416844],[-74.033323218999953,4.8256088558416392],[-74.033597251999936,4.8258375708416228],[-74.033737976999987,4.825436539841669],[-74.033763333999957,4.825364017841685],[-74.033764249999933,4.8253614748416389],[-74.034314626999958,4.8254398148416513],[-74.034471617999941,4.8254621558416835],[-74.034498132999943,4.8254657958416711],[-74.034917233999977,4.8255233448416286],[-74.03501898199994,4.8255252208416302],[-74.035018783999988,4.825526194841677],[-74.035020472999975,4.825526194841677],[-74.035480359999951,4.8256086428416705],[-74.035504439999954,4.8256123938416824],[-74.035616794999953,4.8256325398416786],[-74.035627144999978,4.825634730841645],[-74.03624193099995,4.8257640658416374],[-74.036751829999957,4.8258471288416631],[-74.036839405999956,4.8258614068416392],[-74.037340438999934,4.8259181248416363],[-74.037358671999982,4.8259201758416701],[-74.037473211999952,4.8259331888416614],[-74.037498062999987,4.8259370068416469],[-74.037705527999947,4.8259686778416349],[-74.037958259999982,4.8260072768416276],[-74.03796762199994,4.826008690841622],[-74.038314051999976,4.8260898188416519],[-74.038343336999958,4.8260966728416443],[-74.038446047999969,4.8261155458416258],[-74.039676687999986,4.8263414438416179],[-74.039730823999946,4.8263514108416627],[-74.040259589999948,4.8264311518416338],[-74.040702614999987,4.8264855288416015],[-74.040778995999972,4.8264950028416251],[-74.040779251999936,4.8264961648416103],[-74.040788288999977,4.82649728584164],[-74.040836125999988,4.8267144518416032],[-74.040882124999939,4.8269800618416365],[-74.040971380999963,4.8273521468416005],[-74.040972025999963,4.8273548338416097],[-74.040994054999942,4.8274466688415822],[-74.041044216999978,4.8279769378415951],[-74.041167556999937,4.8286749808415692],[-74.041153579999957,4.8288752048415295],[-74.041475593999962,4.829351357841535],[-74.041882717999954,4.8298519788415382],[-74.042195230999937,4.8302887448415275],[-74.042422715999976,4.8306215428415102],[-74.042453264999949,4.8306566448414712],[-74.042789863999985,4.8310441918414622],[-74.043121520999989,4.8315340668414795],[-74.043547227999966,4.8320618078414421],[-74.043890704999967,4.8325974458414018],[-74.044072068999981,4.8328854508414025],[-74.044129930999986,4.8329758718413878],[-74.044215919999942,4.8328505988414081],[-74.044299505999959,4.8327288608413923],[-74.044301405999988,4.8327264608414229],[-74.044489624999983,4.8324854618414008],[-74.044541309999943,4.8324192968414392],[-74.044545183999958,4.8324143558414567],[-74.044546450999974,4.8324120958414207],[-74.044697474999964,4.8318540038414417],[-74.044700574999979,4.8318424938414601],[-74.044701277999934,4.8318399508414673],[-74.044835749999947,4.8313375068414723],[-74.044846385999961,4.8312978188414579],[-74.044847230999949,4.8312947828414528],[-74.045051600999955,4.8308484208414812],[-74.045053362999965,4.8308460918414946],[-74.045383043999948,4.8304139428414992],[-74.045385155999952,4.8304126018414726],[-74.045877517999941,4.8300904338415167],[-74.046307838999951,4.8298916308415345],[-74.046843439999975,4.8299685448415053],[-74.047562006999954,4.8305669458414755],[-74.047786096999971,4.8310325088414929],[-74.04805743999998,4.8318895998414675],[-74.048258433999933,4.832382840841408],[-74.048545024999953,4.8329647958414208],[-74.048760108999943,4.8334071938414276],[-74.048911564999969,4.8337292458414183],[-74.049083268999937,4.8342642898413457],[-74.049323689999937,4.8347569738413831],[-74.049669463999976,4.8350287718413441],[-74.049963441999978,4.8351636278413279],[-74.050110331999974,4.8349414758413447],[-74.050061364999976,4.8347039018413751],[-74.050026539999976,4.8345349028413889],[-74.049923889999945,4.8340774088413578],[-74.049826644999939,4.8337298708414034],[-74.049715548999984,4.8332449028413889],[-74.049709779999944,4.8332197628414049],[-74.04963915999997,4.8327710298414344],[-74.049571765999985,4.8324140328414016],[-74.049523209999961,4.8322688298414214],[-74.049301048999951,4.8316050368414425],[-74.049063925999974,4.8311877778414942],[-74.049022149999985,4.8308878458414863],[-74.049010990999989,4.8306468168414947],[-74.049010710999937,4.8306403178415058],[-74.049011766999968,4.8306396118414652],[-74.049011696999969,4.8306377768414857],[-74.049279809999973,4.8304587208415208],[-74.049887512999987,4.8304480748414989],[-74.050295265999978,4.8305244018414841],[-74.050666932999945,4.8308809478415071],[-74.050967631999981,4.8312742048414767],[-74.051300438999988,4.8316358288414634],[-74.051578054999936,4.8319675008414631],[-74.051851157999977,4.8323596238414357],[-74.052357436999955,4.832698672841417],[-74.052772474999983,4.8330540938413993],[-74.053296468999974,4.8330820598413986],[-74.05361993799994,4.8327477888414254],[-74.053616621999936,4.8322829628414601],[-74.053617256999985,4.832280209841409],[-74.053659944999936,4.8320882688414475],[-74.053730600999984,4.8317706978414803],[-74.053731445999972,4.8317678718414649],[-74.053797089999989,4.8315445098414829],[-74.053852169999971,4.8313569498414548],[-74.053853506999985,4.8313545488414471],[-74.053919700999984,4.8312349958414584],[-74.054112154999984,4.830891029841462],[-74.054113280999957,4.8308890538415001],[-74.054130954999948,4.8308553688414992],[-74.054284822999989,4.8305613978414916],[-74.054286653999952,4.8305592798414958],[-74.054623291999974,4.8301769848414962],[-74.054625544999965,4.8301750088415325],[-74.054976747999945,4.8298617828415304],[-74.055451853999955,4.82957110284151],[-74.055704572999957,4.8291925398415554],[-74.055706544999964,4.829190420841508],[-74.056016353999951,4.8288521208415673],[-74.056018255999959,4.8288500728415658],[-74.05630324699996,4.8287919188415271],[-74.056667630999982,4.8288710618415811],[-74.057171123999979,4.8289829908415314],[-74.057784448999939,4.8290531278415498],[-74.058467625999981,4.8290029358415465],[-74.059033657999976,4.8289419928415551],[-74.059660526999949,4.8287867068415702],[-74.060205522999979,4.8286214548415831],[-74.060397267999974,4.8282752978415697],[-74.060378756999967,4.8282420328415574],[-74.060221445999957,4.8279597408415604],[-74.060204412999951,4.8279292308415735],[-74.060208391999936,4.8276401838416172],[-74.060209800999985,4.8276394068415884],[-74.060209800999985,4.827637639841571],[-74.060416511999961,4.827520719841595],[-74.060658139999987,4.827433745841601],[-74.060891272999982,4.8277043928415706],[-74.061039344999983,4.8281111848415961],[-74.061182912999982,4.8285174138415421],[-74.061274675999982,4.828826459841574],[-74.061451487999989,4.8291067038415161],[-74.061580971999945,4.8295434388415535],[-74.06173296999998,4.8300897768415272],[-74.061916506999978,4.8306474208414825],[-74.062100070999975,4.8309869858414594],[-74.062325868999949,4.8313932238414834],[-74.062512247999962,4.8317350498414253],[-74.062685100999943,4.8321712238414243],[-74.062725413999942,4.8323392478414267],[-74.06279785199996,4.8326397168414399],[-74.062831609999989,4.8335381498413872],[-74.062749805999943,4.834061622841352],[-74.062607081999943,4.8346660598413873],[-74.062605484999949,4.8352008318413473],[-74.06278832299995,4.8355017008413359],[-74.062995008999962,4.8355960748413507],[-74.063238479999939,4.8354166578413293],[-74.063240592999989,4.8354151048413199],[-74.063414163999937,4.8351606808413425],[-74.063415289999966,4.8351580688413405],[-74.063509374999967,4.8349365438413763],[-74.063575782999976,4.8347790668413637],[-74.06357683899995,4.8347765958413502],[-74.063824149999959,4.8342720418413876],[-74.063825840999982,4.8342700658413689],[-74.064104176999933,4.8339456688413911],[-74.064105373999951,4.8339435498414058],[-74.064180105999981,4.8336452578413933],[-74.064121499999942,4.8333223738413942],[-74.064111693999962,4.8329051468414415],[-74.064111061999938,4.8329026028414068],[-74.064077214999941,4.8327701158414325],[-74.064027393999936,4.8325689818414332],[-74.063984124999934,4.8323446868414281],[-74.063941903999989,4.8321703178414595],[-74.063912631999983,4.8320496258414689],[-74.06384748499994,4.8316972208414812],[-74.063850499999944,4.8312065488414841],[-74.063850993999949,4.8312042178414618],[-74.063946299999941,4.8307564248414936],[-74.063946793999946,4.8307542368415044],[-74.064021858999979,4.830598810841515],[-74.064100657999973,4.830435967841523],[-74.064102488999936,4.8304343448415219],[-74.064260063999939,4.8302940418415066],[-74.064490425999963,4.8302093248415101],[-74.064663867999968,4.8304257258414944],[-74.064721838999958,4.8307669718414861],[-74.064721988999963,4.830768061841499],[-74.064722459999984,4.830770822841461],[-74.064761234999935,4.8310528478414998],[-74.064862572999971,4.831338731841484],[-74.064997680999966,4.8318624708414308],[-74.064997938999966,4.8318654228414726],[-74.064998152999976,4.831866251841455],[-74.065028932999951,4.8322121808414398],[-74.064970836999976,4.8325818808414445],[-74.064876545999937,4.832988641841399],[-74.064756466999938,4.8333450488414105],[-74.064726408999945,4.8337738358413729],[-74.064734929999986,4.8338443318414104],[-74.064778367999963,4.8342010538413911],[-74.064861063999956,4.8345324758413701],[-74.064960711999959,4.8348658168413481],[-74.065091901999949,4.8351923818413489],[-74.065232681999987,4.8353861798413442],[-74.065512588999979,4.835468134841328],[-74.06579813999997,4.8354585628413238],[-74.066067576999956,4.8353672118413407],[-74.066304862999971,4.8350981058413263],[-74.066306130999976,4.8350955638413229],[-74.06646886599998,4.834771293841376],[-74.066470203999984,4.8347688228413537],[-74.066679904999944,4.8343794448413444],[-74.066681384999981,4.8343767628413392],[-74.06688890199996,4.8339969198413995],[-74.066889677999939,4.8339955758413975],[-74.066890309999962,4.8339942348413745],[-74.066955237999935,4.8338508818413741],[-74.067090232999988,4.8335525268413972],[-74.067091359999949,4.8335496318413727],[-74.067170724999983,4.8333431468413997],[-74.06725107699998,4.8331336968414087],[-74.06725185199997,4.8331310118413855],[-74.067390387999978,4.83265320884143],[-74.067390668999963,4.8326502438414138],[-74.067429299999958,4.8322057618414469],[-74.067443651999952,4.8316896708414552],[-74.067443440999966,4.8316870568414751],[-74.067409129999987,4.8313002638414702],[-74.067380311999955,4.8309084578415034],[-74.067364591999933,4.8304753408415104],[-74.067345263999982,4.8301999178415169],[-74.067335493999963,4.8300606538414801],[-74.067243442999938,4.8297634718414937],[-74.067143172999977,4.8293287898415196],[-74.067061972999966,4.8289628238415245],[-74.067017379999982,4.8286032908415475],[-74.066973692999966,4.828339941841584],[-74.066967383999952,4.8281018788415579],[-74.066966331999936,4.8280626148415502],[-74.066967739999939,4.8280614848415624],[-74.06696766999994,4.8280599298415794],[-74.067080885999985,4.8279695488415726],[-74.067291521999948,4.8280017778415685],[-74.067507776999946,4.8281396538415651],[-74.067684610999947,4.8282594468415674],[-74.067994916999965,4.8284284068415593],[-74.068263557999956,4.8285199618415424],[-74.068474189999961,4.8285843918415461],[-74.068691582999975,4.8286279198415389],[-74.068902222999952,4.828627943841564],[-74.069082450999986,4.8286172298415293],[-74.069100683999977,4.828615537841574],[-74.069243248999953,4.8285838448415364],[-74.069315480999933,4.8285951518415535],[-74.069326884999953,4.8285940948415345],[-74.06959610499996,4.8285410188415669],[-74.069867577999958,4.8284811638415528],[-74.070088363999957,4.8284032228415787],[-74.070273101999987,4.8283439218415589],[-74.07043079999994,4.8283495888415393],[-74.070569911999939,4.8283411308415749],[-74.070742247999988,4.8283948208415861],[-74.070766447999972,4.8285592298415621],[-74.070840080999972,4.8289206008415517],[-74.070843817999958,4.8289388528415698],[-74.070885947999955,4.8292823558415083],[-74.070871505999946,4.8294429708415301],[-74.070834067999954,4.8298170248415415],[-74.070876013999964,4.8301199358415365],[-74.070890169999984,4.8302202388414814],[-74.070890063999968,4.830221400841527],[-74.070890507999934,4.8302246068415053],[-74.070872017999989,4.8304402828414794],[-74.070853394999972,4.8308714688414796],[-74.070847687999958,4.8312233608414887],[-74.070917608999935,4.8316394318414408],[-74.070964874999959,4.832033216841455],[-74.071033553999939,4.8323213558414162],[-74.071204164999983,4.8327095058414464],[-74.071280724999951,4.8330479278414069],[-74.071344342999964,4.8332631868414149],[-74.07145019799998,4.8335259058413769],[-74.071534654999937,4.8337519008413743],[-74.071623057999943,4.8339524738413875],[-74.071714275999966,4.8341558708413883],[-74.071893344999978,4.8344519318413584],[-74.072073548999981,4.8346705928413698],[-74.072199123999951,4.8348621298413361],[-74.072633307999979,4.8353576498413355],[-74.072829284999955,4.8355503248413232],[-74.073052859999962,4.8357407418413185],[-74.073191397999949,4.8358520558412961],[-74.073283195999977,4.8359176008413334],[-74.07338681899995,4.8359921878412981],[-74.073608143999934,4.836152661841334],[-74.073993921999943,4.8363871618413059],[-74.074373505999972,4.8365945458413204],[-74.074540771999978,4.8366663128412668],[-74.074751409999976,4.8367053188412772],[-74.074947971999961,4.8367194628413053],[-74.075195219999955,4.8367426538412763],[-74.075414871999953,4.8367562358412872],[-74.07562325899994,4.8367749008413146],[-74.075814751999985,4.8367732268412817],[-74.076000050999937,4.8367738098413131],[-74.076201119999951,4.8367489718413132],[-74.076379097999961,4.8367263918412986],[-74.076522720999947,4.8367088938412692],[-74.076632547999964,4.8366896968412991],[-74.076799260999962,4.8366812388412788],[-74.077052152999954,4.8366072548412973],[-74.077232386999981,4.8365507768413201],[-74.077407553999933,4.8364711338412718],[-74.077519073999952,4.836431033841297],[-74.07789756699998,4.8363000008412991],[-74.078737352999951,4.8359712758413353],[-74.079599661999964,4.8356770148413162],[-74.080467608999982,4.8353313418413588],[-74.081375559999969,4.8347901938413562],[-74.082140439999989,4.8344043968413954],[-74.082939674999977,4.8340016518413718],[-74.083801448999964,4.8333689728414182],[-74.084749374999944,4.8329255638414139],[-74.085720380999987,4.8325962758414409],[-74.086554110999941,4.8321817358414458],[-74.086685926999962,4.8318921338414436],[-74.086712191999936,4.831834509841423],[-74.086587243999986,4.8316625388414467],[-74.086500870999942,4.831543706841452],[-74.085872205999976,4.8311900568414989],[-74.085870875999944,4.8311886218414948],[-74.085870601999943,4.8311884678414732],[-74.08582688599995,4.8311413618414658],[-74.085155268999983,4.8304168088414938],[-74.084320153999954,4.8296912588415406],[-74.084319899999969,4.829690938841523],[-74.084318460999953,4.8296896888415457],[-74.083751093999979,4.8289742508415276],[-74.08304054599995,4.8281156508416023],[-74.082647065999936,4.8274684458416104],[-74.082535778999954,4.8272853868416288],[-74.080966949999947,4.8255754788416718],[-74.080177786999968,4.8249814608416735],[-74.080177682999988,4.8249810888416889],[-74.080176095999946,4.8249798938416504],[-74.079909089999944,4.8240206288417298],[-74.079865034999955,4.8238625048416841],[-74.079573768999978,4.823330137841757],[-74.079388790999985,4.8229920598417424],[-74.079343044999973,4.8228371138417296],[-74.079175830999986,4.8222701548417843],[-74.079123897999978,4.822040914841784],[-74.079027358999952,4.8215241758417591],[-74.078950452999948,4.8211124508417909],[-74.078951719999964,4.8211100478417883],[-74.079371661999971,4.8203374318418089],[-74.079373633999978,4.8203353828418152],[-74.079879087999984,4.8198087448418372],[-74.079881200999978,4.8198065548418692],[-74.080654003999939,4.8188444248418936],[-74.08068230799995,4.8188091888418576],[-74.080683715999953,4.8188072108418636],[-74.080995981999934,4.8183671338418677],[-74.080997461999971,4.8183650868419186],[-74.081354685999941,4.8174723358419032],[-74.081355741999971,4.8174694398418962],[-74.08163889399998,4.8166802828419382],[-74.081639738999968,4.8166780228419599],[-74.082022178999978,4.8163729778419686],[-74.082531825999979,4.8168826248419556],[-74.082721564999986,4.8175012778419362],[-74.082721783999943,4.8175030528419214],[-74.08272250999994,4.8175054188419111],[-74.082780674999981,4.8179811528419165],[-74.082518775999972,4.8184805538419084],[-74.082216801999948,4.8188939228418972],[-74.082229973999972,4.8189854898418618],[-74.082309064999947,4.8195327758418749],[-74.082607551999956,4.8201447378418472],[-74.082871643999965,4.8206826088418415],[-74.083193152999968,4.8215249998418042],[-74.083423446999973,4.8221380088417867],[-74.083982740999943,4.8217584048417557],[-74.084998251999934,4.8211313868417882],[-74.085426853999934,4.8210557198418211],[-74.086050310999951,4.8211518198418206],[-74.08656353799995,4.821024958841809],[-74.086633162999988,4.8202441138418273],[-74.086636404999979,4.8202073918418318],[-74.086636474999978,4.8202044248418208],[-74.086650994999957,4.8192096658418802],[-74.086651205999942,4.819207192841886],[-74.086712662999958,4.8184355988418961],[-74.086712943999942,4.818432702841883],[-74.08672837499995,4.8182721128418837],[-74.086785310999971,4.8176786228419211],[-74.086785521999957,4.8176765028418984],[-74.086945440999955,4.8172015948419098],[-74.08697220099998,4.8171220068419052],[-74.086972762999949,4.8171191118419383],[-74.087040728999966,4.8167837408419469],[-74.08704101099994,4.8167807748419316],[-74.087117740999986,4.8160319928419444],[-74.087119430999962,4.8160151838419516],[-74.086923282999976,4.8154946168420008],[-74.086049405999972,4.8150558818419791],[-74.085083085999941,4.8148859388419734],[-74.084242436999943,4.8146927738420029],[-74.083167264999986,4.8143338978420021],[-74.083166838999944,4.8143327558420301],[-74.083165448999978,4.8143322918420468],[-74.083147430999986,4.8142839148420089],[-74.082937481999977,4.8137211908420641],[-74.082906793999939,4.8136389848420587],[-74.082908484999962,4.8136383508420604],[-74.082907779999971,4.8136363728420584],[-74.083535765999954,4.813394625842049],[-74.084227379999959,4.813283956842068],[-74.084945128999948,4.8129790118420415],[-74.084681282999952,4.8121166348420967],[-74.084059101999969,4.8117519678421248],[-74.083120736999945,4.8112551468421225],[-74.082439723999983,4.8108781468421258],[-74.081696229999977,4.8106217978421508],[-74.080758127999957,4.8102625488421786],[-74.080043124999975,4.8099888628421734],[-74.080042613999979,4.8099877928421719],[-74.080041258999984,4.8099872738421476],[-74.080025843999977,4.8099549978421363],[-74.079748457999983,4.8093744688421625],[-74.079749092999975,4.8093717158421789],[-74.079922275999934,4.8086158098422036],[-74.079947066999978,4.8085077618421934],[-74.079948333999937,4.8085063498422365],[-74.080527569999958,4.8078585338422304],[-74.080529752999951,4.8078571208422201],[-74.081254270999978,4.8073961788422244],[-74.081905334999988,4.8072284478422471],[-74.082624572999975,4.8067454698422862],[-74.08335507399994,4.806279442842281],[-74.084193717999938,4.8056642718423177],[-74.084902233999969,4.8053931538423198],[-74.085455876999958,4.8050881218423029],[-74.086192005999976,4.8046051438423358],[-74.086603159999981,4.804300098842341],[-74.087122446999956,4.803978114842371],[-74.087721704999979,4.8036787348423786],[-74.088475985999935,4.8033047218423954],[-74.088742121999985,4.8029375168423707],[-74.088769431999935,4.8028998208423852],[-74.088269288999982,4.8027242648424],[-74.087582962999988,4.8025021828424146],[-74.087581083999964,4.8025004818423804],[-74.087094312999966,4.8020600548423973],[-74.087100116999977,4.8016986188424218],[-74.087100116999977,4.8016962178424549],[-74.08837406899994,4.8013952028424178],[-74.088995404999935,4.8013828258424649],[-74.088875266999935,4.8010069018424506],[-74.088719161999961,4.8005643088424534],[-74.08849119599995,4.7999178278424912],[-74.088426727999945,4.7997351288425012],[-74.088316818999942,4.79910468884251],[-74.088317593999989,4.7991019338424898],[-74.088368154999955,4.7989253158425376],[-74.088379140999962,4.7988866868425228],[-74.088379983999971,4.7988839328425428],[-74.088384631999986,4.7988683978425026],[-74.088385054999947,4.7988669838425029],[-74.088506666999933,4.798462690842543],[-74.088594969999974,4.7981694828425354],[-74.088595674999965,4.7981670118425219],[-74.089273089999949,4.7975940528425891],[-74.089274920999969,4.7975924988425938],[-74.090058286999977,4.7978315448425768],[-74.09079494599996,4.7976406468425523],[-74.091513462999956,4.7971750328425609],[-74.091570116999947,4.7966850968425696],[-74.091056334999962,4.7964229498425732],[-74.090427292999948,4.7962351568426307],[-74.089701290999983,4.796173629842615],[-74.088913090999938,4.796416162842613],[-74.087256503999981,4.796809576842576],[-74.087256217999936,4.7968074808425714],[-74.08725457099996,4.7968078718425842],[-74.087195545999975,4.7963751028426129],[-74.087180839999974,4.7962673358425905],[-74.087173243999985,4.796211755842605],[-74.087174439999956,4.7962098498425858],[-74.087537319999967,4.7956258488426142],[-74.087538797999969,4.7956234478426563],[-74.088074976999962,4.7952613508426163],[-74.089380310999957,4.7941484098426761],[-74.089382282999964,4.7941467148426966],[-74.089449306999938,4.79406148084266],[-74.089904544999968,4.7934820768426754],[-74.089906445999986,4.7934808758426968],[-74.090573989999939,4.7930542418427073],[-74.091287012999942,4.7925712538427305],[-74.092051856999944,4.7919673688427746],[-74.092850489999989,4.7913696988427468],[-74.092858374999935,4.7913638378427725],[-74.093500995999989,4.7908867038427925],[-74.09367072699996,4.7908461088427652],[-74.093711697999936,4.7908362978427794],[-74.093871432999947,4.790796478842787],[-74.093872136999948,4.7907978928427903],[-74.093875304999983,4.7907971158427651],[-74.094018048999942,4.7910644968427682],[-74.09433394399997,4.7916944568427668],[-74.094632931999968,4.7924679178427398],[-74.095332857999949,4.7938939428426934],[-74.095643657999972,4.7949080768426642],[-74.09588520899996,4.7956188218426368],[-74.09591047899994,4.79661598784259],[-74.095894662999967,4.7972527018425604],[-74.095880470999987,4.7987605928425348],[-74.096070370999939,4.7992361648424913],[-74.096418986999936,4.7991470688425348],[-74.096815264999975,4.7990456868425131],[-74.09681857399994,4.7990444148424967],[-74.096906221999973,4.799010169842501],[-74.097728141999937,4.7986844568425182],[-74.097935258999939,4.7986024098425411],[-74.097937792999971,4.7986014228425162],[-74.098721171999955,4.798708255842536],[-74.099778817999947,4.7989009828425422],[-74.100709393999978,4.7991108588425204],[-74.10130675399995,4.7986236868425189],[-74.101429049999979,4.7983888108425381],[-74.10166533499995,4.7979348768425503],[-74.101920858999961,4.7971717668425953],[-74.102027840999938,4.7964376718425799],[-74.102350656999988,4.7957605828426351],[-74.102386283999977,4.7956857978426051],[-74.102581510999983,4.7954527618426095],[-74.102756814999964,4.7952435258426291],[-74.102759771999956,4.7952420418426351],[-74.103494181999963,4.7948810058426341],[-74.10349664599994,4.7948798058426503],[-74.103862704999983,4.7950052508426166],[-74.103686396999933,4.7955097528426185],[-74.103686231999973,4.7955099628426145],[-74.103685235999933,4.7955128178426021],[-74.103485714999977,4.7957655488426401],[-74.10313786599994,4.796098904842629],[-74.102797029999977,4.7966255308426238],[-74.102781261999951,4.7971514838425682],[-74.103175964999934,4.7974158418425423],[-74.103868253999963,4.7974763388425909],[-74.104659394999942,4.7972972918425798],[-74.104661154999974,4.7972960218425929],[-74.105247030999976,4.7968727568426104],[-74.105662345999974,4.7962404458426269],[-74.105778160999989,4.7960344498426011],[-74.106049501999962,4.7955517048426177],[-74.106288599999971,4.7950924728426632],[-74.106487091999952,4.7943867718426727],[-74.106885512999952,4.793640616842695],[-74.106927428999938,4.7935468348426769],[-74.107277959999976,4.7927625438427004],[-74.107613654999966,4.7920451278427416],[-74.107879955999977,4.7909953668427843],[-74.107997993999959,4.7900606358427869],[-74.10804677699997,4.7888449748428732],[-74.108049380999944,4.7888434218428761],[-74.108506553999973,4.788571062842875],[-74.108509018999939,4.7885695808428581],[-74.108512325999982,4.7885685218428646],[-74.109175616999948,4.7883610748428875],[-74.109194483999943,4.7883551438428515],[-74.109197300999938,4.7883538018428871],[-74.109754294999959,4.7880899318428769],[-74.110993098999984,4.7875030598429067],[-74.110995772999956,4.7875017898428691],[-74.111620770999934,4.7872035198429037],[-74.111624290999941,4.7872018248429216],[-74.112123213999951,4.7881927998428715],[-74.112164303999975,4.7886459038428315],[-74.112388970999973,4.789430652842853],[-74.112387231999946,4.7894313018428143],[-74.112387930999944,4.7894337468428114],[-74.111605349999934,4.7896303908428326],[-74.111102020999965,4.7894537328428575],[-74.110547851999968,4.7895237538428557],[-74.110051991999967,4.7898281648428442],[-74.110042168999939,4.7903361698427949],[-74.110425745999976,4.7906451568427721],[-74.110933384999953,4.7905447608427751],[-74.111037291999935,4.7905242858427917],[-74.11103933399994,4.7905238618427921],[-74.111042290999933,4.7905240718427846],[-74.111641368999983,4.7905601918427854],[-74.112309996999954,4.7906005498427691],[-74.11231126399997,4.7905998428427941],[-74.112464805999934,4.7905102928428178],[-74.112948236999955,4.7902283408428001],[-74.112950947999934,4.7902267358427828],[-74.112997545999974,4.790124774842794],[-74.113422799999967,4.7891937978428309],[-74.113626327999953,4.788645594842853],[-74.113627432999976,4.7886425858428447],[-74.113878064999938,4.7882290428428815],[-74.11400365999998,4.7878919718429014],[-74.114126953999971,4.7875608928428735],[-74.114354048999985,4.7868895378428897],[-74.114170443999967,4.7865401588429064],[-74.113729917999933,4.7863289738429575],[-74.113583303999974,4.786247187842946],[-74.113147805999972,4.7860143438429219],[-74.113109004999956,4.7859998958429184],[-74.112671808999949,4.7859586538429673],[-74.112322577999976,4.7856382608429389],[-74.112098946999936,4.785340686842944],[-74.11210480799997,4.7853074018429718],[-74.112102942999968,4.7853047658429446],[-74.112041562999934,4.7852178278429633],[-74.111985180999966,4.7850959328429585],[-74.111972160999983,4.785030680842949],[-74.111959140999943,4.784930608842993],[-74.111967874999948,4.7848522228429653],[-74.11197217299997,4.7847739018429705],[-74.112041590999979,4.7846563928429733],[-74.112137050999934,4.784573701842989],[-74.112238847999947,4.7845328878430031],[-74.112241359999985,4.7845318808429642],[-74.112251441999945,4.7844746208430111],[-74.112651536999977,4.7844909078430078],[-74.113010808999945,4.7846066938429885],[-74.113022849999936,4.7846092688429831],[-74.113041362999979,4.7846132238429888],[-74.113282324999943,4.784721708842981],[-74.113468870999952,4.7848479888430031],[-74.113564322999935,4.7849655058429779],[-74.11366843199994,4.7850960158429849],[-74.113820201999943,4.7852251198429903],[-74.11433541599996,4.7856036008429594],[-74.114750332999961,4.7856356818429209],[-74.114752795999948,4.7856358928429632],[-74.114956422999967,4.7853564448429626],[-74.114852638999935,4.7848473738429638],[-74.114765720999969,4.7842798698429805],[-74.114644197999951,4.7836151058430412],[-74.114534314999958,4.782996174843043],[-74.114407721999953,4.7826237338430353],[-74.114366836999977,4.7822454498430771],[-74.114367584999968,4.7822449588430436],[-74.114367250999976,4.7822419148430555],[-74.114742052999986,4.7819968808430744],[-74.114744726999959,4.7819959608430924],[-74.114924311999971,4.7819353058430627],[-74.114951132999977,4.7819263388430846],[-74.115244126999983,4.7818286148430769],[-74.115247505999946,4.7818281188430944],[-74.115810184999987,4.7817409288430541],[-74.115812580999943,4.7817398678430791],[-74.11620877699994,4.7815631238430916],[-74.116311204999988,4.781517506843084],[-74.11631233199995,4.7815170128430839],[-74.116315148999945,4.7815156008430648],[-74.116986107999935,4.7811774968430942],[-74.116988783999943,4.7811761558431201],[-74.117198203999976,4.7806964918431305],[-74.117134594999982,4.7802900848431253],[-74.116546176999975,4.7804232168430945],[-74.115935060999959,4.7806137288431074],[-74.115198340999939,4.7808676178431249],[-74.114712666999935,4.7809259878430952],[-74.114380446999974,4.7805942128431003],[-74.114345065999942,4.7800610518431501],[-74.114345972999956,4.7800593378431451],[-74.114345881999952,4.780057970843167],[-74.114659030999974,4.7794670318431764],[-74.11506157599996,4.7790547648431927],[-74.115064179999933,4.7790533528431736],[-74.11552232799994,4.7788000568431963],[-74.115662769999972,4.7787223818431954],[-74.115666078999936,4.7787206158431692],[-74.115668965999987,4.7787194158431934],[-74.115739574999964,4.7786908888432063],[-74.116021444999944,4.7785769188431795],[-74.11635139599997,4.7784439548431941],[-74.116354140999988,4.7784426128431736],[-74.116882402999977,4.7781905208432036],[-74.117128166999976,4.7778856618432339],[-74.117207084999961,4.7777879968432364],[-74.117206943999975,4.7777865128431873],[-74.117183727999986,4.7775030638431977],[-74.116831159999947,4.7774354258432421],[-74.115820165999935,4.7776956978432246],[-74.115346724999938,4.7781496508431864],[-74.114661890999969,4.7785926288431924],[-74.114650594999944,4.778594210843174],[-74.114624858999946,4.7786171078431758],[-74.114468926999962,4.7787061538432063],[-74.114405569999974,4.778734610843193],[-74.114198887999976,4.7787480888431659],[-74.114160802999947,4.7787495718431616],[-74.114020575999973,4.7786994238431566],[-74.114002181999979,4.77868502184318],[-74.113913452999952,4.7786974488431779],[-74.113908361999961,4.7785985248431979],[-74.113906258999975,4.7785951118431953],[-74.113881059999983,4.7785542218431605],[-74.11383178799997,4.7784344468431952],[-74.113840803999949,4.7783124148432163],[-74.113851931999989,4.778216651843171],[-74.113873616999967,4.7781328278431765],[-74.113893752999957,4.778070682843218],[-74.113937755999984,4.7779658828431923],[-74.113974364999933,4.7778820578432022],[-74.114018365999982,4.7777959728431796],[-74.114165365999952,4.7775151918432384],[-74.114165998999965,4.7775138498432188],[-74.114366792999988,4.7770071578432445],[-74.114369396999962,4.7769980478432412],[-74.114369960999966,4.7769961408432291],[-74.114375029999962,4.7769786968432513],[-74.114375029999962,4.776977213843244],[-74.114515285999971,4.7763939648432761],[-74.11452640899995,4.7763462958432514],[-74.114539365999974,4.7762921308432533],[-74.114540772999987,4.7762861988432341],[-74.114541337999981,4.7762836558432458],[-74.114772915999936,4.7752478738433011],[-74.114773338999953,4.7752452598433202],[-74.11489064899996,4.7745704128433175],[-74.114936416999967,4.7743071408433355],[-74.114936839999984,4.7743045998433296],[-74.115094974999977,4.773716265843361],[-74.115095679999968,4.7737136538433589],[-74.115563684999984,4.7733170688433395],[-74.116144467999959,4.7728478908433463],[-74.116146156999946,4.772846546843355],[-74.116518565999968,4.7724358348434022],[-74.116520254999955,4.7724339278433856],[-74.116521380999984,4.7724327278434053],[-74.11660502899997,4.7720440348433675],[-74.116605790999984,4.7720405018433851],[-74.116110601999935,4.7719788238433836],[-74.115682153999956,4.7720715398434166],[-74.115351171999976,4.7722671358433786],[-74.114876851999952,4.7723083368433619],[-74.114344638999967,4.7719826968434056],[-74.114345259999936,4.771979343843392],[-74.114343020999968,4.7719779728434037],[-74.114421039999968,4.7715574308434396],[-74.114449978999971,4.7714013588434065],[-74.114450190999946,4.7714001578434315],[-74.114450542999975,4.7713989578433846],[-74.114489265999964,4.7712625928434518],[-74.114489829999968,4.7712606148434444],[-74.114687953999976,4.7705636668434312],[-74.114688656999988,4.7705611258434715],[-74.115821862999951,4.7692934648434679],[-74.115823834999958,4.7692924768434546],[-74.11675384199998,4.7688369438434961],[-74.11773489899997,4.7680262588435491],[-74.118145320999986,4.7675264228435434],[-74.118278463999957,4.7668716318435767],[-74.118286138999963,4.7668337808435783],[-74.118297421999955,4.766778444843573],[-74.117676030999974,4.766465679843594],[-74.117144947999975,4.76669037084356],[-74.116426674999957,4.7675060338435582],[-74.115701934999947,4.7679892448435073],[-74.115700483999944,4.7679847448435151],[-74.115700208999954,4.7679849288435072],[-74.115454437999972,4.767221513843535],[-74.115454435999936,4.7672214768435213],[-74.115453649999949,4.7672190358435298],[-74.115453017999982,4.7672171278435318],[-74.115411381999934,4.7663741968435955],[-74.115802124999959,4.7651943548436355],[-74.11580289799997,4.7651923758436423],[-74.115804588999936,4.7651879978436193],[-74.116057896999962,4.7645393588436189],[-74.11612020299998,4.7643798288436559],[-74.116120906999981,4.7643780648436715],[-74.116290591999984,4.7635712308436942],[-74.116291366999974,4.7635686858436666],[-74.116611495999962,4.7624968908437291],[-74.116679013999942,4.7622707668437378],[-74.116724988999977,4.7621169568437196],[-74.116823693999947,4.7617868068437055],[-74.116824398999938,4.7617844068437272],[-74.117697998999972,4.7616105048437101],[-74.118618190999939,4.7616082838437199],[-74.120125136999945,4.7611480378437436],[-74.120126965999987,4.7611474718437634],[-74.120738289999963,4.7605730658437828],[-74.120860145999984,4.760458594843775],[-74.120861553999987,4.7604572548437831],[-74.12089414899998,4.7604016048437519],[-74.121236708999959,4.7598141938438019],[-74.121185221999951,4.7591959268438249],[-74.120958558999973,4.7585290198438086],[-74.120931741999982,4.7584502138438349],[-74.120833907999952,4.7580728828438756],[-74.120758456999965,4.757781994843886],[-74.12075824599998,4.7577796648438575],[-74.120719896999958,4.7573727458438659],[-74.120676901999957,4.7569164638438677],[-74.120676620999973,4.7569140628439035],[-74.120554100999982,4.7559650568438947],[-74.120375261999982,4.7551856088439193],[-74.120242105999978,4.7544005818439992],[-74.120243442999936,4.7543988888439976],[-74.120402399999989,4.7541986848439857],[-74.120405919999939,4.7541943068439565],[-74.120406762999949,4.75419324684397],[-74.120408172999987,4.7541914808439545],[-74.12141958899997,4.7540971698439538],[-74.122407911999971,4.7540779968439537],[-74.123179423999943,4.754053164844005],[-74.124293894999937,4.7540051788439781],[-74.125236884999936,4.753968627843987],[-74.125417669999933,4.7534601638439975],[-74.125417826999978,4.7534597198439723],[-74.12481840099997,4.7527356488440233],[-74.124205722999989,4.7521807828440155],[-74.123757770999987,4.7512013398440489],[-74.123240636999981,4.7499124748441037],[-74.123239763999948,4.749909272844139],[-74.123239256999966,4.7499080098441331],[-74.122946063999962,4.748833288844164],[-74.122504411999955,4.7477526488442008],[-74.122504494999987,4.7477524198441801],[-74.122502880999946,4.7477484728441937],[-74.122503725999934,4.7477460718441789],[-74.122635091999939,4.7473822388441951],[-74.122646917999987,4.7473494008442128],[-74.122678245999964,4.7472627488442303],[-74.122679020999954,4.7472605598441806],[-74.122930741999937,4.7473345798441819],[-74.123382378999963,4.7474136908442288],[-74.123382659999947,4.7474159508441964],[-74.123382892999985,4.7474179748442245],[-74.123383826999941,4.7474181388441963],[-74.123465338999949,4.7481174328441869],[-74.123976040999935,4.7495978038441509],[-74.124279380999951,4.7500317728441077],[-74.125195038999948,4.7504769958440809],[-74.126052698999956,4.7507385998440794],[-74.127252622999947,4.7506331278441092],[-74.127366597999981,4.7503168208441231],[-74.127541536999956,4.7498314478441328],[-74.127541677999943,4.7498295418441137],[-74.127542382999934,4.7498185948440979],[-74.127558508999982,4.7495697998441591],[-74.127575199999967,4.749312435844109],[-74.127119763999985,4.7493134088441131],[-74.126142953999988,4.7494933458441482],[-74.125856706999969,4.7492646368441562],[-74.125661824999952,4.7490184848441199],[-74.125660504999985,4.7490140828441181],[-74.125660239999945,4.7490137478441383],[-74.125451544999976,4.7483207388441846],[-74.125446969999985,4.7483056258441705],[-74.125446759999988,4.7483035778441698],[-74.125376671999959,4.7475435558441825],[-74.125377093999987,4.7475413658442154],[-74.12556921099997,4.7470613628442235],[-74.125570196999945,4.7470589618442061],[-74.126403656999969,4.746673113844202],[-74.126871636999965,4.7462991198442452],[-74.127408315999958,4.7461488538442627],[-74.128288501999975,4.7462104598442245],[-74.129083090999984,4.7463404228442325],[-74.130065710999986,4.7459141808442444],[-74.130331595999962,4.7454108718442489],[-74.130332018999979,4.7454091778442598],[-74.130518998999946,4.7446424508442986],[-74.130519420999974,4.7446354608442665],[-74.130551955999977,4.744051779844324],[-74.130727182999976,4.7431108338443382],[-74.130728098999953,4.7431091378443089],[-74.131050861999938,4.7425023708443668],[-74.131051706999983,4.7425003238443564],[-74.131318436999948,4.7418198278444015],[-74.131319985999937,4.741817779844407],[-74.131859203999966,4.7410899038443901],[-74.131859416999987,4.7410884208443864],[-74.131983815999945,4.7402817928444465],[-74.131673785999965,4.7397445388444703],[-74.131007202999967,4.7394375968444713],[-74.130515075999938,4.7391806798444787],[-74.129651731999957,4.7389934448444846],[-74.129651338999963,4.7389916588444381],[-74.129649295999968,4.7389912158444689],[-74.129613963999986,4.738830550844467],[-74.129539708999971,4.7384926988444995],[-74.129435333999936,4.7378278018444853],[-74.129433363999965,4.7378244838445029],[-74.12937543299995,4.7377259668445442],[-74.129276044999983,4.7375571088444941],[-74.129224200999943,4.7374689188445078],[-74.128802312999937,4.7373497738445289],[-74.128288014999953,4.7373567148445073],[-74.127620620999949,4.7373187298445067],[-74.127379944999973,4.7373050298445536],[-74.127353577999941,4.73730352984456],[-74.127219236999963,4.73729593184453],[-74.12663007499998,4.7370449738445561],[-74.126630161999969,4.7370438218445168],[-74.126627710999969,4.7370427758445501],[-74.126629260999948,4.7370230748445072],[-74.126639330999978,4.7368912248445136],[-74.126649400999952,4.7367590238445354],[-74.126655385999982,4.7366757628445502],[-74.126657146999946,4.7366750558445263],[-74.127209795999988,4.7364427288445379],[-74.127911533999963,4.7362935968445568],[-74.127913294999985,4.7362932448445783],[-74.127916249999942,4.7362906318445281],[-74.128091248999965,4.7361368958445755],[-74.128299471999981,4.7359539918445455],[-74.128349607999951,4.7352730678445694],[-74.128349326999967,4.7352711608446141],[-74.128152474999979,4.73400068684463],[-74.128151772999956,4.7339985688446351],[-74.12785903799994,4.7331355748446731],[-74.127537162999943,4.7322475818447129],[-74.127461425999968,4.7321087388447136],[-74.127340428999958,4.7318869128446934],[-74.127324872999964,4.7318583118446949],[-74.127322689999971,4.7318558418447294],[-74.127279401999942,4.7318062638447138],[-74.126925063999977,4.731400537844725],[-74.126855026999976,4.7313203108447182],[-74.126321412999971,4.7305880278447541],[-74.126320710999948,4.7305866158447349],[-74.126170222999974,4.7302758098447351],[-74.126126793999958,4.7301866848447451],[-74.126113703999977,4.7301164878447315],[-74.126106102999984,4.7300756668447619],[-74.126028473999952,4.7296594258447966],[-74.126029388999939,4.7296583668448022],[-74.126029107999955,4.7296568848447773],[-74.126303782999969,4.7293309758447641],[-74.126307793999956,4.7293261748447746],[-74.126308920999975,4.729324410844792],[-74.126404937999951,4.729170527844798],[-74.12654079899994,4.7289528098448113],[-74.12654262999996,4.728951255844823],[-74.127014822999968,4.7285504268448397],[-74.12701594899994,4.7285494378448387],[-74.127175386999966,4.7284140618448376],[-74.12716328199997,4.7283995828448226],[-74.12716250699998,4.7283985948448084],[-74.127155467999955,4.7283901208448436],[-74.127577823999957,4.7279772828448108],[-74.127624493999974,4.7279297558448183],[-74.127626254999939,4.7279280608448362],[-74.127628012999935,4.7279255188448355],[-74.128142448999938,4.7271774458448528],[-74.128144068999973,4.7271759638448314],[-74.128604433999953,4.7267404578448726],[-74.128606053999988,4.726738903844879],[-74.128925908999975,4.7267665958448832],[-74.129058233999956,4.7270987998448284],[-74.129368498999952,4.7278208348448318],[-74.129498029999979,4.728091253844827],[-74.129645663999952,4.7283981078447912],[-74.129663947999973,4.7289312228448326],[-74.129602406999936,4.7295220338448001],[-74.129391922999957,4.7299696198447316],[-74.129448608999951,4.7301065198447656],[-74.129539627999975,4.7303258998447291],[-74.130037426999934,4.7305829708447424],[-74.130580837999958,4.7308626428447083],[-74.130975027999966,4.7308733858447347],[-74.131425957999966,4.73070567184475],[-74.131452706999937,4.7305950798447549],[-74.131502900999976,4.7303873848447289],[-74.131549997999969,4.7301921178447586],[-74.131550559999937,4.7301897888447719],[-74.131935607999935,4.7297686158447787],[-74.131948417999979,4.7297545618447625],[-74.131949967999958,4.7297532198447447],[-74.132434687999989,4.7293333178447794],[-74.133170703999951,4.7289361628448239],[-74.133787894999955,4.7287056678447854],[-74.134473222999986,4.7285090718448277],[-74.134998059999987,4.7283130368447912],[-74.135569633999978,4.7282887528448452],[-74.136003803999984,4.7282876298448429],[-74.136187381999946,4.728390456844811],[-74.136189034999973,4.7283951918448199],[-74.136511122999934,4.729317434844778],[-74.136683777999963,4.7298732238447956],[-74.136771886999952,4.7300938748447319],[-74.136917728999947,4.7304588088447259],[-74.137066390999962,4.7306989218447351],[-74.137392440999974,4.7307215248447267],[-74.137694842999963,4.7306345248447244],[-74.138072139999963,4.7305706868447617],[-74.138345821999962,4.730409675844724],[-74.138580083999955,4.7303113748447467],[-74.138893747999987,4.7301334128447392],[-74.139715917999979,4.7297413348447508],[-74.140344370999969,4.7294820218448006],[-74.14090975199997,4.729320445844774],[-74.141703762999953,4.7291407928447997],[-74.14239472099996,4.7290419278448139],[-74.142874505999941,4.7288741358448156],[-74.143485498999951,4.7285865698448211],[-74.144124649999981,4.7282238648448445],[-74.144638221999969,4.7279187838448378],[-74.145277369999974,4.7276131398448653],[-74.146070814999973,4.7271990198448615],[-74.146601840999949,4.7268877238448699],[-74.147725837999985,4.7262775588448722],[-74.14855363099997,4.7258916838448819],[-74.149231983999982,4.7254616718449158],[-74.14923367199998,4.7254606138449065],[-74.149294348999945,4.7253561628449381],[-74.149476518999961,4.7250428898449277],[-74.149477784999988,4.7250409108449425],[-74.149718236999945,4.7246587118449535],[-74.14980143799994,4.7245263678449492],[-74.149802633999968,4.7245244608449344],[-74.149891255999989,4.7243871738449714],[-74.150120232999939,4.7240324448449451],[-74.150121429999956,4.7240306778449863],[-74.150353716999973,4.7236879548449817],[-74.150354700999969,4.7236859068449757],[-74.150717770999961,4.7229075218450181],[-74.150718826999935,4.72290526184499],[-74.151101184999959,4.722726729844986],[-74.15150156499999,4.7227086478449856],[-74.152078764999942,4.7227645768449689],[-74.15258782799998,4.7229069438449907],[-74.15337113399994,4.7231001548449969],[-74.153696618999959,4.7231685118449676],[-74.154239468999947,4.7231956248450091],[-74.154765424999937,4.7232001378449757],[-74.155411325999978,4.7232334638449665],[-74.155765530999986,4.7232724418449878],[-74.156531941999958,4.7234656498449699],[-74.157104077999975,4.7237051868449829],[-74.157487572999969,4.7241571538449687],[-74.157487783999954,4.7241595548449302],[-74.157487798999966,4.7241597108449334],[-74.157489904999977,4.7241621898449742],[-74.157507474999989,4.7243341208449303],[-74.157347639999955,4.7244491928449506],[-74.157017427999961,4.725000329844935],[-74.156893499999967,4.7254678508449377],[-74.157079328999941,4.7255627968449243],[-74.157411009999976,4.7255452788449341],[-74.157936402999951,4.7255266258448909],[-74.158558649999975,4.7251639068448972],[-74.159009141999945,4.7247729418449564],[-74.159408386999985,4.7242904538449313],[-74.159766594999951,4.72383889884496],[-74.159767931999966,4.7238372028449902],[-74.16006039399997,4.7232739258449774],[-74.160062153999945,4.7232705368450132],[-74.160062926999956,4.723268276844979],[-74.160243819999948,4.722719830845012],[-74.160244383999952,4.7227174998449986],[-74.160292948999938,4.7225052828449936],[-74.160356363999938,4.7222247768450334],[-74.160390923999955,4.7220718118449954],[-74.160472915999947,4.7215244978450563],[-74.160475520999967,4.7215069138450243],[-74.160475942999938,4.7215039478450116],[-74.160475942999938,4.7215015468450527],[-74.160474664999981,4.72097083084505],[-74.160341683999945,4.7202315038450573],[-74.16011457999997,4.7199650388450811],[-74.159680452999964,4.7198457478451168],[-74.159222929999942,4.719703471845099],[-74.158702246999951,4.7193949598451033],[-74.158467446999964,4.719189132845111],[-74.158166154999947,4.7189415448451379],[-74.157917840999971,4.7187374358451111],[-74.157916659999955,4.7187359698451505],[-74.157915317999937,4.7187348818451174],[-74.157910670999968,4.7187290898451453],[-74.157537733999959,4.7182664078451353],[-74.157081448999975,4.717850580845159],[-74.157080875999952,4.7178498098451875],[-74.157078931999934,4.7178480388451556],[-74.157077945999959,4.7178467678451801],[-74.157063726999979,4.7178276298451562],[-74.156782298999985,4.7174492038451747],[-74.156348493999985,4.7171756998451739],[-74.156240466999975,4.7173938228451906],[-74.156156046999968,4.7180075108451627],[-74.155979364999951,4.7181855888451292],[-74.155664738999974,4.7180773868451551],[-74.155469582999956,4.7179821988451653],[-74.155469761999939,4.717980898845159],[-74.155467008999949,4.7179795558451509],[-74.155475523999939,4.717916845845143],[-74.155518670999982,4.7175994048451617],[-74.155518880999978,4.7175979898451743],[-74.155520077999938,4.7175892348451622],[-74.155541332999974,4.7173792788451809],[-74.155611293999982,4.7169186878451601],[-74.155613897999956,4.7168996198451882],[-74.155613616999972,4.7168975008452048],[-74.155612700999939,4.7168904398451872],[-74.155589822999957,4.7167157958452215],[-74.155568068999969,4.716549906845211],[-74.155567857999984,4.7165476478452311],[-74.155567717999986,4.7165434798451944],[-74.155561097999964,4.7163254738451945],[-74.155549267999959,4.7159365648452249],[-74.155548493999959,4.7159343058452379],[-74.155431711999938,4.7155889698452365],[-74.155344496999987,4.7152916578452633],[-74.155337527999961,4.7152679298452345],[-74.155260728999963,4.7149108718452792],[-74.155258405999973,4.714903950845259],[-74.155092772999978,4.7144180098452511],[-74.15501745399996,4.7141158258452949],[-74.154984860999946,4.7139439338452851],[-74.154974583999945,4.7138896268453063],[-74.154965290999939,4.7138406158452684],[-74.154964728999971,4.7138375788452676],[-74.154942272999961,4.7137191498452742],[-74.154934036999975,4.7136344048452985],[-74.154933331999985,4.713626777845298],[-74.154889262999973,4.7131699308452966],[-74.154885743999955,4.7131337728453024],[-74.154782827999952,4.7126761508453185],[-74.154781490999937,4.7126702188453491],[-74.154781349999951,4.7126680998453114],[-74.154751640999962,4.7121370308453532],[-74.154751780999959,4.7121346308453242],[-74.154768246999936,4.711795509845361],[-74.154784854999946,4.7114546928453844],[-74.154784925999934,4.7114522218453674],[-74.154806176999955,4.7109136678453787],[-74.154806316999952,4.7109099938454113],[-74.154806316999952,4.7109075928453921],[-74.154809270999976,4.7106467898454039],[-74.154811450999944,4.7104570338454055],[-74.154811872999971,4.7104551258454075],[-74.154862971999989,4.7102097188454],[-74.154942225999946,4.7098287168454229],[-74.155077437999978,4.7093461628454039],[-74.155111573999989,4.7092242728454696],[-74.155412761999969,4.7086954598454653],[-74.155635186999973,4.7084276628454784],[-74.155695156999968,4.7083554868454831],[-74.155762941999967,4.7083017428454674],[-74.156060400999934,4.7080660058454553],[-74.156076448999954,4.7080532948454987],[-74.156080953999947,4.708048703845451],[-74.15608573999998,4.7080437608454897],[-74.156525527999975,4.7078821748454969],[-74.15700585999997,4.7079154998455044],[-74.157017191999955,4.7079188188454815],[-74.157308391999948,4.7079420498454745],[-74.157491541999946,4.7079565948454718],[-74.15752110699998,4.7079589238454513],[-74.157767890999935,4.7080322958454905],[-74.158029315999954,4.7081099728454632],[-74.158072533999984,4.708121200845464],[-74.158537594999984,4.7082422378454529],[-74.159027079999987,4.7082996438454376],[-74.159044605999952,4.708299079845494],[-74.159133365999935,4.7082968178454827],[-74.159798821999971,4.7082799978454455],[-74.160348908999936,4.7081738438454659],[-74.160350456999936,4.7081736328454848],[-74.160368124999934,4.7081683348454639],[-74.160871752999981,4.708015571845455],[-74.161474133999945,4.7077511548454742],[-74.161857887999986,4.7075451458454758],[-74.161867531999974,4.7075399888455047],[-74.161993806999988,4.7074324318455316],[-74.162151825999956,4.7072977548455297],[-74.16214415099995,4.7071168248455306],[-74.162139924999963,4.707017106845532],[-74.162140556999987,4.707016046845486],[-74.162133587999961,4.7069531258454944],[-74.162123589999965,4.7068628008455251],[-74.162122605999969,4.7068611058455465],[-74.162060385999951,4.7067551568455013],[-74.161932492999938,4.7066728108455047],[-74.161570837999989,4.7063183778455322],[-74.161570793999942,4.7063182438455318],[-74.161568211999963,4.7063157138455107],[-74.161537029999977,4.7062218578455379],[-74.161511756999971,4.7061457298455505],[-74.161549835999949,4.7060500378455545],[-74.161569614999962,4.7060003908455288],[-74.161572499999977,4.7059931878455332],[-74.16168089599995,4.7059455168455324],[-74.161869395999986,4.7058625318455274],[-74.162198953999962,4.7058698698455741],[-74.162235275999933,4.7058707168455403],[-74.162255405999986,4.7058691608455643],[-74.162560681999935,4.7058454258455571],[-74.163111822999952,4.7058247218455485],[-74.163676548999945,4.7058247078455206],[-74.163992874999963,4.7058021728455532],[-74.16414188899995,4.7057915758455273],[-74.164277033999952,4.7057819678455557],[-74.164302302999943,4.7057801318455317],[-74.164303639999957,4.7057797778455308],[-74.164709214999959,4.7056644438455422],[-74.165274498999963,4.7054028488455693],[-74.165273020999962,4.7054017188455788],[-74.165305694999972,4.7053904888455422],[-74.165537468999958,4.7053108228455649],[-74.165885463999984,4.7051147708455892],[-74.166393380999978,4.7049187118455817],[-74.167164265999986,4.7046186928455835],[-74.16780394999995,4.7044514438455751],[-74.16833552199995,4.7043983208455922],[-74.168912708999983,4.7044598828455753],[-74.169958966999957,4.704589790845584],[-74.170558676999974,4.7046457028455784],[-74.17119329999997,4.7046439848456174],[-74.171872963999988,4.7044880298455922],[-74.172507013999962,4.7042625858455809],[-74.173448513999972,4.7038710268456114],[-74.174156893999964,4.703680040845609],[-74.175265076999949,4.7034195468456499],[-74.176161531999981,4.7031709238456472],[-74.176818105999985,4.7029918008456431],[-74.176995192999982,4.7027788718456627],[-74.177033474999973,4.7025827548456469],[-74.177034038999977,4.7025797898456778],[-74.177033617999939,4.7025784468456688],[-74.176886625999941,4.7021103088456497],[-74.176879515999985,4.7020875678456413],[-74.176878811999984,4.702085660845694],[-74.176754400999982,4.7017577958456682],[-74.17615398199996,4.7013124578457255],[-74.175730610999949,4.7010898298457153],[-74.175313005999953,4.7008672008457193],[-74.174529518999975,4.700605171845722],[-74.173809376999941,4.7005724708457164],[-74.173020945999951,4.7006316108457336],[-74.172038266999948,4.7007485188457228],[-74.17102702699998,4.7008654258457323],[-74.170301663999965,4.7009989568456838],[-74.169393131999982,4.7010468868457282],[-74.169221223999955,4.7008580568457257],[-74.169220795999934,4.7008564848456977],[-74.169219204999933,4.7008547488456918],[-74.169218288999957,4.7008532658456854],[-74.169218007999973,4.7008522058457007],[-74.169169223999972,4.7006713478457423],[-74.16914458499997,4.7005801078457257],[-74.169144020999966,4.7005779888457413],[-74.16920003499996,4.7001044038457449],[-74.169200245999946,4.7001022848457534],[-74.169265750999955,4.6993128818457865],[-74.169266665999942,4.6993114698457665],[-74.169625415999974,4.6987536938457932],[-74.170247059999951,4.698127689845788],[-74.171039883999981,4.6974604378458364],[-74.171730227999944,4.6969485528458179],[-74.172390248999989,4.6960600828458423],[-74.172391266999966,4.6960587158458544],[-74.172391828999935,4.6960393408458927],[-74.172392891999948,4.6959941578458952],[-74.17240695299995,4.6955102638459003],[-74.172407022999948,4.6955078628458837],[-74.172423264999964,4.6950687408459091],[-74.172423124999966,4.6950666218459203],[-74.172370167999986,4.6943715738459328],[-74.172370026999943,4.6943695068459101],[-74.172369819999972,4.6943672078459464],[-74.172222009999984,4.693953051845928],[-74.171747695999954,4.693519317845932],[-74.171427311999935,4.6933422428459837],[-74.171266753999987,4.6930961028459919],[-74.171265588999972,4.6930926648459694],[-74.17126426699997,4.6930906208459815],[-74.171121013999937,4.6926678888459863],[-74.171103554999945,4.6926157718459969],[-74.171053575999963,4.6924661288459619],[-74.170873576999952,4.691924330846005],[-74.170873154999981,4.6919225658460286],[-74.170749043999933,4.6913675618460111],[-74.170723629999941,4.6912538618460298],[-74.170722996999984,4.6912520948460115],[-74.170714477999979,4.691224695846036],[-74.170713421999949,4.6912212348460329],[-74.170516457999952,4.6905892558460671],[-74.170515682999962,4.6905877728460617],[-74.170281573999944,4.690151676846086],[-74.17013372699995,4.6898764598460749],[-74.169504040999982,4.6893618588460688],[-74.168880486999967,4.6890766778460922],[-74.168251348999945,4.688820061846104],[-74.168005114999971,4.6885912788461006],[-74.167735905999962,4.6883281458461354],[-74.167735189999973,4.6883258808460981],[-74.167732866999984,4.6883236168461107],[-74.167636215999948,4.6880157108461287],[-74.167635721999943,4.6880140178461298],[-74.167705255999977,4.6877121808461419],[-74.167736995999974,4.6875743278461313],[-74.167737558999988,4.6875719268461138],[-74.168171129999962,4.6871928218461489],[-74.168490392999956,4.6868769938461652],[-74.169014061999974,4.6866272618461835],[-74.169224088999954,4.6864080478461698],[-74.169507881999948,4.6862192688461874],[-74.169509218999963,4.686218350846171],[-74.169513228999961,4.6862139018461617],[-74.169763515999989,4.6859408038461883],[-74.170069825999974,4.6855718688462167],[-74.170386058999952,4.6851532888462009],[-74.17038725499998,4.6851514518462407],[-74.170740364999972,4.6846157808462392],[-74.170765279999955,4.684577927846262],[-74.170766405999984,4.6845763728462249],[-74.17108897199995,4.6841272138462671],[-74.172591263999948,4.6831780148463054],[-74.173098035999942,4.6829570928462694],[-74.173377323999944,4.6828180998462674],[-74.173683635999964,4.6826111688462992],[-74.173685113999966,4.6826101798463018],[-74.173853044999987,4.6823353168462853],[-74.173853748999989,4.6823331988463019],[-74.173854663999975,4.6823290318463124],[-74.174019898999973,4.6815495128463427],[-74.174020322999979,4.6815474648463482],[-74.174086824999961,4.6812281848463737],[-74.174087175999944,4.6812259948463391],[-74.17409695799995,4.6811608828463775],[-74.174099349999949,4.6811448508463593],[-74.174116659999981,4.6810289618463417],[-74.174133547999986,4.6809158268463449],[-74.174158035999938,4.6807521268463805],[-74.17415824699998,4.6807505018463376],[-74.174189620999982,4.6802877228463844],[-74.174189761999969,4.6802858858463656],[-74.174199119999969,4.6801817898463964],[-74.17420967299995,4.6800635718463894],[-74.174248156999965,4.6796341228463811],[-74.174248650999971,4.6796322878464052],[-74.174521424999966,4.6786063668464308],[-74.174522127999978,4.6786045998464081],[-74.174690122999948,4.6781639898464302],[-74.174690754999972,4.6781621548464507],[-74.174875425999971,4.6776300188464663],[-74.17487627099996,4.6776283938464855],[-74.175004714999943,4.67737676584649],[-74.175005559999988,4.6773751418464959],[-74.175012867999953,4.6771123608465022],[-74.175014695999948,4.6770456948464965],[-74.175015046999988,4.6770331958464659],[-74.175014765999947,4.6770311478464608],[-74.174985546999949,4.6768155418464845],[-74.174984560999974,4.6768140598464711],[-74.17498244899997,4.6768101048465196],[-74.174853121999945,4.6765719688465239],[-74.174579961999939,4.6764485028465348],[-74.174230574999967,4.6762901408465041],[-74.17422812999996,4.6762875318465253],[-74.174227683999959,4.6762873298464989],[-74.17422346099994,4.6762828098464944],[-74.173931085999982,4.6759707778464961],[-74.173484405999943,4.6756988028465276],[-74.173105734999979,4.6754260928465445],[-74.17226317099994,4.6749441318465692],[-74.171775035999985,4.6745116078465649],[-74.171511238999983,4.6743356168465828],[-74.171249070999977,4.6744403908465939],[-74.171170243999939,4.6746242548465435],[-74.171114029999956,4.6747678928465328],[-74.17116305199994,4.6748791118465505],[-74.171162610999943,4.6748810288465723],[-74.171168608999949,4.6748947978465329],[-74.17116938199996,4.6748964948465472],[-74.171193955999968,4.6751408418465727],[-74.171194166999953,4.6751427468465518],[-74.17120824899996,4.675255316846548],[-74.171301182999969,4.6759996588465418],[-74.171301464999942,4.6760017768465358],[-74.171291403999987,4.6761141348465065],[-74.171259460999977,4.6764758558464798],[-74.171259319999933,4.6764776928464959],[-74.171256655999969,4.6767488068464704],[-74.171255463999955,4.6768713328465124],[-74.171255463999955,4.6768731698464645],[-74.171176850999984,4.6771062208464649],[-74.171176215999935,4.6771080578464819],[-74.170955707999951,4.6773563698464669],[-74.170715407999978,4.6772891448464646],[-74.170585263999953,4.6772270738464652],[-74.170570263999934,4.6772199178464877],[-74.170552176999934,4.677212717846456],[-74.170551496999963,4.677210964846461],[-74.170549295999933,4.6772099148464799],[-74.170548380999946,4.6772075138464659],[-74.170473835999985,4.6770154978464999],[-74.170409918999951,4.6768121118464956],[-74.170387041999959,4.6767407848465004],[-74.170386406999967,4.6767392308465077],[-74.170343116999959,4.6766251088464967],[-74.17028314199996,4.6764671338465202],[-74.170248086999948,4.6763746908464903],[-74.170247664999977,4.6763729958465117],[-74.170095893999985,4.6757739948465202],[-74.170095475999972,4.6757724738465196],[-74.169984459999966,4.6755525458465472],[-74.169895685999961,4.6753888508465336],[-74.169895330999964,4.6753884988465559],[-74.169706606999966,4.6753209608465571],[-74.169506961999957,4.6753566728465605],[-74.169491058999938,4.6753636208465252],[-74.169259987999965,4.6755372318465502],[-74.169258791999937,4.6755380778465314],[-74.16882910299995,4.6760262928465419],[-74.168827695999937,4.676027918846505],[-74.16853933699997,4.6763799018465226],[-74.168120205999969,4.6768619038464641],[-74.168118938999953,4.676863385846481],[-74.167756887999985,4.6773189708464624],[-74.167746120999936,4.6773277298464899],[-74.16727947399994,4.6777058478464886],[-74.166842882999958,4.6780910988464353],[-74.166841827999974,4.6780920158464561],[-74.166528684999946,4.6782205548464528],[-74.166277335999951,4.678222116846479],[-74.166189283999984,4.6782092648464166],[-74.16612199399998,4.6781995228464437],[-74.166088701999968,4.6781946498464242],[-74.166080888999943,4.6781909768464445],[-74.166053160999979,4.6781778668464415],[-74.165881120999984,4.6781778698464755],[-74.16577102499997,4.6780847648464574],[-74.165769999999952,4.6780825088464386],[-74.165768161999949,4.6780820188464505],[-74.165767599999981,4.6780805348464538],[-74.165762402999974,4.6780657898464684],[-74.165598758999977,4.6777056538464397],[-74.16552343099994,4.677082474846455],[-74.165410441999938,4.6763647448465173],[-74.165391695999972,4.6759870768465319],[-74.165335203999973,4.6757792608465341],[-74.16522222499998,4.6756848908465445],[-74.165146905999961,4.6756093218465553],[-74.165015188999973,4.6755715398465085],[-74.164767793999943,4.6756152038465411],[-74.164551029999984,4.6756738738465247],[-74.163907679999966,4.6760102408465016],[-74.16388515999995,4.6760226608465176],[-74.163697155999955,4.6761680338465261],[-74.16332573699998,4.6764553288464787],[-74.163144216999967,4.6765957268465224],[-74.16304652499997,4.676671222846478],[-74.162881471999981,4.6767988388465191],[-74.162880205999954,4.6767998278465184],[-74.162830231999976,4.6768313268465036],[-74.162358091999977,4.6771289318465099],[-74.161959643999978,4.6773832478464996],[-74.161958306999963,4.6773840958464579],[-74.161605045999977,4.6775350188464833],[-74.16150988399994,4.6775756988464652],[-74.161507982999979,4.6775765468464821],[-74.16126079299994,4.6777442068464623],[-74.161083211999937,4.6778646188464608],[-74.161079622999978,4.6778670198464809],[-74.160937515999933,4.6779670928464707],[-74.160841651999988,4.6780346088464722],[-74.160549132999961,4.6782406158464411],[-74.160424554999963,4.6785256438464389],[-74.16042392199995,4.678527125846454],[-74.160278084999959,4.6786930178464301],[-74.160276677999946,4.6786945728464167],[-74.160227719999966,4.6788182928464419],[-74.160228380999968,4.6788204158464408],[-74.160663246999945,4.6792060708464316],[-74.160881164999978,4.6793478738463934],[-74.161184670999944,4.6794834598463897],[-74.161506198999973,4.6797054848464077],[-74.161787181999955,4.6798580198463871],[-74.162108147999959,4.6801139438463677],[-74.162372804999961,4.6803704328463978],[-74.162528221999935,4.6805930268463678],[-74.162580170999945,4.6807705658463581],[-74.162580734999949,4.6807724028463662],[-74.162580874999946,4.6807740958463651],[-74.162592421999989,4.6809279088463613],[-74.162592702999973,4.680931508846375],[-74.162592280999945,4.680932498846369],[-74.162518450999983,4.6810923168463425],[-74.162492196999949,4.6811492358463758],[-74.162491351999961,4.6811510738463697],[-74.162394925999934,4.6812417528463532],[-74.162338688999967,4.6812933078463175],[-74.162337140999966,4.6812947198463393],[-74.162099945999955,4.6816005828463281],[-74.161418339999955,4.6822179668463049],[-74.160980967999933,4.6826103458463093],[-74.160964427999943,4.6826189608463213],[-74.160911779999935,4.682646504846292],[-74.160069967999959,4.6830859948462926],[-74.159532992999971,4.6830720228462681],[-74.159527642999933,4.6830686338462977],[-74.159231453999951,4.6828806448463149],[-74.159229060999962,4.6828790918463161],[-74.159103561999984,4.6827263428463262],[-74.158935303999954,4.6825972588462887],[-74.158690605999936,4.682295071846311],[-74.158427078999978,4.6819929758463399],[-74.158144720999985,4.6815396498463349],[-74.157805874999951,4.6810297368463871],[-74.157542346999946,4.6805576068463512],[-74.15735413799996,4.6802743118463779],[-74.15715316099994,4.6798879858463849],[-74.157033737999939,4.679763616846401],[-74.15683714499994,4.6793577598464378],[-74.156837636999967,4.6793558548464027],[-74.156817923999938,4.6789843878464357],[-74.156809682999949,4.6786245758464444],[-74.15681038699995,4.6786226688464359],[-74.156868664999934,4.6784720338464316],[-74.156870667999954,4.678466854846457],[-74.156864649999989,4.678404593846424],[-74.157006914999954,4.6781151308464306],[-74.157022733999952,4.6780743648464505],[-74.157023506999963,4.6780724578464348],[-74.157024421999949,4.6780714688464355],[-74.157029277999982,4.6780660998464301],[-74.157053960999974,4.6780386208464506],[-74.157259976999967,4.6777624278464707],[-74.157598815999961,4.6774035598465069],[-74.158088201999988,4.6771013678464657],[-74.15865290499994,4.6768559418464752],[-74.159040838999942,4.6767368058465122],[-74.159155044999977,4.676698138846505],[-74.159220010999945,4.6766761748465218],[-74.159239717999981,4.6766715138464736],[-74.159275543999968,4.6766630508464937],[-74.159932947999948,4.6764403878465162],[-74.160685856999976,4.6762893308464815],[-74.161325877999957,4.6761003998465265],[-74.16202229299995,4.6756471528465386],[-74.16241761699996,4.6752882818465498],[-74.162662214999955,4.6748917178465357],[-74.162850505999984,4.6745895258465504],[-74.163001047999956,4.6743061368465586],[-74.163114019999966,4.6739662508465623],[-74.163321045999965,4.6734941178466167],[-74.163463392999972,4.6731014258466415],[-74.163495848999958,4.673001677846619],[-74.163497817999939,4.6729956048466121],[-74.163498381999943,4.6729936968466115],[-74.163501457999985,4.6729837748466094],[-74.163528063999934,4.6724175168466306],[-74.163697519999971,4.6718321178466633],[-74.164111668999965,4.6713033038466705],[-74.164365380999982,4.6711618008466678],[-74.164370337999969,4.6711554858466631],[-74.164427910999962,4.6710809088467018],[-74.164428965999946,4.6710794948467003],[-74.164571988999967,4.6710969348466662],[-74.164584984999976,4.6710985208466616],[-74.164770422999936,4.6710766738466907],[-74.165015117999985,4.6712843058466973],[-74.165155580999965,4.6718075078466388],[-74.165214595999942,4.6721051748466662],[-74.165400231999968,4.672630260846633],[-74.165600224999935,4.6729918798466086],[-74.165602830999944,4.6729959028466457],[-74.165603801999964,4.6729974078466459],[-74.165881031999959,4.6731729038466367],[-74.166106896999963,4.6732674538466012],[-74.166408927999953,4.6732667058466104],[-74.166424654999958,4.6732638888466154],[-74.166435845999956,4.6732619108466134],[-74.166439928999978,4.6732614148466309],[-74.166450098999974,4.6732601118466039],[-74.166709255999933,4.6731163018466031],[-74.16716097699998,4.6729274588466234],[-74.167650357999946,4.6727196328466194],[-74.168177395999976,4.6725307868466119],[-74.168581231999951,4.6723788828466066],[-74.168628235999961,4.6724396228466443],[-74.168680828999982,4.672417216846628],[-74.169330051999964,4.6721318888466676],[-74.169841881999957,4.6717793318466345],[-74.170261359999984,4.6712972588466517],[-74.170262696999941,4.6712957058466476],[-74.170493338999961,4.6709805168466696],[-74.170494464999933,4.6709789618466822],[-74.17058891399995,4.670733620846713],[-74.170589406999966,4.6707323508466674],[-74.170610017999934,4.6703944998466964],[-74.170610298999975,4.6703897678467152],[-74.170609806999948,4.6703879318466965],[-74.170464513999946,4.6698461338467432],[-74.170463668999957,4.6698444378467086],[-74.170305644999985,4.6695281318467226],[-74.170169449999946,4.6692586558467619],[-74.169764477999934,4.6689421778467661],[-74.168568223999955,4.6685427518467781],[-74.16780793099997,4.6684328468467955],[-74.167098992999968,4.6683111008467515],[-74.165971751999962,4.6679857008467547],[-74.165198574999977,4.6676524298467772],[-74.164689100999965,4.6674606218467689],[-74.164117013999942,4.6673037958468147],[-74.162830944999939,4.6671569228468082],[-74.162116964999939,4.6671555778468266],[-74.161614250999946,4.6671415718468072],[-74.16092864899997,4.6671056018468162],[-74.160683147999976,4.6671186218467939],[-74.160680792999983,4.6671158738468073],[-74.160680108999941,4.6671159098468271],[-74.16052328699999,4.666932109846833],[-74.160424219999982,4.6668165258468219],[-74.160424042999978,4.6668157908468046],[-74.160421861999964,4.6668132358468242],[-74.160421086999975,4.6668118218468226],[-74.160420805999934,4.6668106208468014],[-74.160375263999981,4.666619097846846],[-74.160374699999977,4.6666169098468515],[-74.16057817799998,4.666348544846854],[-74.16057944399995,4.6663468508468569],[-74.16074737699995,4.6660949428468745],[-74.160748291999937,4.6660930358468597],[-74.160961616999941,4.6656296158468553],[-74.160961899999961,4.6656275688468458],[-74.160968161999961,4.6655831488468555],[-74.160999759999982,4.6653587838468544],[-74.161027979999972,4.6651551138468923],[-74.161028120999958,4.6651539838468548],[-74.161028262999935,4.6651519348468717],[-74.16105373299996,4.6647315988468865],[-74.161054112999977,4.6647246778468663],[-74.160615099999973,4.664414106846877],[-74.160163108999939,4.6642850278469039],[-74.159642917999975,4.6642138028469127],[-74.158967587999939,4.663988725846937],[-74.158519919999947,4.663647670846907],[-74.158519940999952,4.6636472878469268],[-74.158516849999955,4.6636449328469363],[-74.158516989999953,4.6636429548469334],[-74.158522970999968,4.6635382238469107],[-74.158527613999979,4.6634557378469186],[-74.158527332999938,4.6634537598469228],[-74.158473974999936,4.6631064478469577],[-74.158473974999936,4.6631045408469491],[-74.158477347999963,4.662785615846964],[-74.158568081999988,4.6627370248469688],[-74.158569128999943,4.6627364638469366],[-74.158699971999965,4.6626664058469371],[-74.158786473999953,4.6626201478469413],[-74.158813219999956,4.6626058108469577],[-74.159125160999963,4.6625298168469724],[-74.15912684999995,4.6625293928469684],[-74.159129101999952,4.6625297468469773],[-74.159201175999954,4.6625404078469526],[-74.159283454999979,4.662552624846958],[-74.160214640999982,4.662690458846936],[-74.160315993999973,4.6627054288469312],[-74.160457044999987,4.6627511188469706],[-74.160561706999943,4.6627850148469632],[-74.160844724999947,4.6628767438469723],[-74.160853944999985,4.6628797088469343],[-74.161086565999938,4.6629910748469312],[-74.16122642199997,4.6630554788469309],[-74.161611778999941,4.6632113308469618],[-74.161651264999989,4.663227006846931],[-74.161690890999978,4.6632427558469374],[-74.161730165999984,4.6632582898469304],[-74.161759375999964,4.663263938846935],[-74.161958915999946,4.6633026368469537],[-74.161964827999952,4.6633037668469495],[-74.162282191999964,4.6633631508469433],[-74.162284865999936,4.6633636458469319],[-74.162462301999938,4.6632211998469586],[-74.162529235999955,4.6631674538469641],[-74.162542045999942,4.6631523418469358],[-74.162544509999975,4.6631494458469271],[-74.162629038999967,4.6630501508469413],[-74.162755374999961,4.6629017738469329],[-74.162755938999965,4.6629002918469711],[-74.162796687999958,4.6627913918469348],[-74.162834833999966,4.6626894148469544],[-74.162862634999954,4.6626150498469627],[-74.162863337999966,4.6626129308469801],[-74.162898175999942,4.6625092598469458],[-74.162980729999958,4.6622638478469902],[-74.162980729999958,4.6622626488469905],[-74.16298065999996,4.6622578458469652],[-74.162972696999987,4.6618522708469747],[-74.162972696999987,4.6618502218469926],[-74.16297508699995,4.6617337688469584],[-74.162978813999985,4.6615494478470199],[-74.16297979899997,4.6615020608469679],[-74.162980149999953,4.6614866668470265],[-74.162981414999933,4.6614241658470181],[-74.162985421999963,4.6611930938470074],[-74.162985351999964,4.6611909058470111],[-74.162977813999987,4.6609036908470092],[-74.162970980999944,4.6606430288470007],[-74.162970909999956,4.6606411918470361],[-74.16295830699994,4.6604105438470356],[-74.162958023999977,4.6604059538470288],[-74.162945700999956,4.6601789078470253],[-74.162945913999977,4.6601768588470316],[-74.162997704999952,4.6596955768470378],[-74.16299939299995,4.6596801108470638],[-74.162999673999934,4.6596780638470525],[-74.163092364999954,4.6594493188470425],[-74.163150286999951,4.6593063818470837],[-74.163151483999968,4.6593048288470831],[-74.16325797199994,4.6591647138470611],[-74.163258957999972,4.6591634418470429],[-74.163262193999969,4.6591592048470583],[-74.163342991999968,4.6590529188470606],[-74.163344541999948,4.6590518588470662],[-74.163588556999969,4.6588786898470778],[-74.163929630999974,4.6586365228470745],[-74.164037879999967,4.6585598258470817],[-74.164483832999963,4.6586315658470925],[-74.164884180999934,4.6587665818470931],[-74.165234981999959,4.6591309778470942],[-74.16551061499996,4.6594510238470308],[-74.165511529999947,4.6594520838470768],[-74.16551207699996,4.6594532188470641],[-74.165513845999953,4.659455263847045],[-74.165639538999983,4.6597148958470322],[-74.16593602599994,4.6598490318470667],[-74.166204610999955,4.6598704928470287],[-74.166369588999942,4.6597659708470722],[-74.166522105999945,4.659611869847053],[-74.166523231999975,4.6596107398470687],[-74.166559616999962,4.6595034658470551],[-74.166657090999934,4.6592161068470386],[-74.16665758299996,4.6592146948470843],[-74.166728236999973,4.6587901898470836],[-74.166733303999933,4.6587596818470729],[-74.166734710999947,4.6587514198470776],[-74.166734499999961,4.6587496518470726],[-74.166698594999957,4.6584077788471214],[-74.166698875999941,4.6584061528470855],[-74.166699720999986,4.6584008588470862],[-74.166700846999959,4.6583937948470986],[-74.166808518999972,4.6578528368471206],[-74.166808799999956,4.6578512818470861],[-74.166809644999944,4.6578491628471008],[-74.166993753999975,4.6573741608471479],[-74.166994388999967,4.6573721138471349],[-74.167017964999957,4.6572959138471086],[-74.167212978999942,4.6566659678471245],[-74.167651037999974,4.6563766918471456],[-74.167947771999934,4.6562834638471875],[-74.169009717999984,4.6562540528471708],[-74.16948382299995,4.6562738108471766],[-74.169873472999939,4.6564664528471713],[-74.170475971999963,4.656938179847149],[-74.170906164999963,4.6571647178471318],[-74.171357748999981,4.6572539668471133],[-74.171831854999937,4.6572906718471287],[-74.172333544999958,4.657138677847108],[-74.17264040799995,4.6568962948471162],[-74.173089158999971,4.6564691628471637],[-74.173817187999987,4.656012076847194],[-74.174192179999977,4.6557058498471946],[-74.174327662999985,4.6555427798472211],[-74.174475671999971,4.655362338847163],[-74.174476797999944,4.6553606428471941],[-74.17453239699995,4.6552785798472183],[-74.174905125999942,4.654728779847197],[-74.174906534999934,4.6547280738472132],[-74.175088611999968,4.6546359768472243],[-74.175412860999984,4.6544719118472457],[-74.176013660999956,4.6546227328472209],[-74.176573918999964,4.6547797698472229],[-74.177547439999955,4.6542463978472366],[-74.177700585999958,4.6540565628472281],[-74.178366108999967,4.653571226847248],[-74.178906638999933,4.6532582098472623],[-74.179635228999985,4.6528869908472839],[-74.180073280999977,4.652614655847259],[-74.180338398999936,4.6523024988472699],[-74.180439814999943,4.652183072847313],[-74.180487109999945,4.6521271408473011],[-74.180487884999934,4.6521257988472842],[-74.180712598999946,4.6517414698473099],[-74.18071316299995,4.6517399848473246],[-74.181044273999987,4.650885525847313],[-74.181045469999958,4.6508838328473097],[-74.181401230999938,4.6503595248473628],[-74.181762971999945,4.6498263188473814],[-74.181764097999974,4.6498248328473499],[-74.181878322999978,4.6496676268473713],[-74.182171024999946,4.6492648608474028],[-74.182227397999952,4.6491873158473993],[-74.182228734999967,4.6491859738473824],[-74.18272230499997,4.6487072088474264],[-74.183415405999938,4.6481354258474461],[-74.184125958999971,4.6475523418474385],[-74.184802734999948,4.6471008968474399],[-74.18527063199997,4.6469890078474707],[-74.185663743999953,4.6470413258474332],[-74.185682233999955,4.6470437868474423],[-74.185864740999989,4.6471356558474586],[-74.185865866999961,4.6471362198474617],[-74.185867041999984,4.647138907847455],[-74.185868294999977,4.6471395268474431],[-74.185955150999973,4.6473395658474361],[-74.18592300399996,4.6476778238474195],[-74.185669063999967,4.6481722948474316],[-74.185471877999987,4.6486147848474237],[-74.185143430999972,4.6490638798473807],[-74.18474165799995,4.6496795758473706],[-74.184447987999988,4.6502201488473771],[-74.184160718999976,4.6508636808473263],[-74.183861645999968,4.6514615628473264],[-74.183574013999987,4.652053660847276],[-74.183542430999978,4.652483380847257],[-74.183706748999953,4.6527297278472854],[-74.183867228999986,4.6528432778472659],[-74.184101462999934,4.6528189718472648],[-74.184454494999954,4.6526449428472807],[-74.184806395999942,4.6523330608472842],[-74.185295679999967,4.651992359847319],[-74.185768075999988,4.6517025048473188],[-74.186201062999942,4.6515392058473219],[-74.186525947999939,4.6514572658472932],[-74.186788897999975,4.6514612068473378],[-74.18726357099996,4.6516131548473272],[-74.18757889699998,4.6517713278473121],[-74.188296274999971,4.6523402088472885],[-74.188892581999937,4.6527034468472461],[-74.189317151999944,4.6530101988472667],[-74.189908399999979,4.6534762598472525],[-74.190682649999985,4.6540101068472195],[-74.191078501999982,4.6542773108472204],[-74.19153235999994,4.6546981838472092],[-74.192156821999959,4.6549981408471837],[-74.192951884999957,4.655176618847177],[-74.193550986999981,4.6551443768472076],[-74.193927671999973,4.6550556508472116],[-74.194263815999989,4.6549392448471965],[-74.194562917999974,4.6545489738471915],[-74.19456341199998,4.6545475618472283],[-74.194720333999953,4.6540727648472107],[-74.194720967999956,4.6540708588472404],[-74.194836230999954,4.6537084238472612],[-74.194871837999983,4.6535962758472307],[-74.194872539999949,4.6535946498472587],[-74.194900407999967,4.6535291828472447],[-74.195186963999959,4.6528606668472481],[-74.195187736999969,4.6528589708472836],[-74.195359586999984,4.6524795128473029],[-74.195429044999969,4.6523260498473027],[-74.19542981799998,4.6523245648473139],[-74.195451421999962,4.652282121847275],[-74.195818349999968,4.651561408847332],[-74.19581975899996,4.6515598558473359],[-74.196256239999968,4.6510815088473363],[-74.196891895999954,4.6504526558473298],[-74.197381175999965,4.6501514918473301],[-74.198207165999975,4.6498084978473511],[-74.198992601999976,4.6493050528473754],[-74.199989759999937,4.6489490478473776],[-74.200805054999989,4.6486919268474347],[-74.201276875999952,4.648362512847422],[-74.201679430999945,4.6479297168474556],[-74.201788424999961,4.6477657458474564],[-74.201985137999941,4.6474698088474309],[-74.202251438999951,4.647129677847472],[-74.202592632999938,4.6468641158474915],[-74.202817766999942,4.6466083098474602],[-74.202922204999936,4.6464895878474968],[-74.202958917999979,4.6461359148475072],[-74.202959268999962,4.6461341488474748],[-74.202992123999934,4.6459643728474784],[-74.20301449599998,4.6458487648474964],[-74.203013580999936,4.645847565847494],[-74.202886034999949,4.6456762478474882],[-74.202596332999974,4.6452871218475407],[-74.202219595999964,4.6451637308474973],[-74.20181310199996,4.6450057498475319],[-74.201103453999963,4.6447809858475466],[-74.200874348999946,4.6446735228475449],[-74.200702270999955,4.6445428238475301],[-74.200702146999959,4.6445419698475252],[-74.200699163999957,4.644539703847566],[-74.200698881999983,4.6445377278475437],[-74.200669304999963,4.6443332808475626],[-74.20066972799998,4.6443317288475461],[-74.200746774999971,4.6440519208475397],[-74.200747689999957,4.6440504388475832],[-74.200882947999958,4.6438315038475686],[-74.201265259999957,4.6437602878475897],[-74.201619422999954,4.6437580008475612],[-74.201957264999976,4.6438534548475783],[-74.202404354999942,4.6441257338475692],[-74.203385258999958,4.6448188698475397],[-74.203729876999944,4.6451431338474993],[-74.204584648999969,4.6457227208474832],[-74.204795454999953,4.6458561048475167],[-74.205014848999951,4.6459949988474847],[-74.205789101999983,4.646523179847466],[-74.206098231999988,4.6466474468474495],[-74.206418048999979,4.6466395108474732],[-74.206646084999988,4.6465863838474775],[-74.206805992999989,4.6465739408474738],[-74.206923866999944,4.6463799348474604],[-74.206924992999973,4.6463786638474929],[-74.207106069999952,4.646176742847512],[-74.207106350999936,4.6461756128474709],[-74.207155952999983,4.6459482078475025],[-74.207106873999976,4.6456992048474843],[-74.207091735999938,4.6456227928474894],[-74.207090609999966,4.645621522847506],[-74.207088567999961,4.6456187678474832],[-74.206870425999966,4.6453234288474992],[-74.206604767999977,4.6449643628475235],[-74.206507981999948,4.6448421058475358],[-74.206413031999944,4.644722929847549],[-74.20637143099998,4.6446703898475423],[-74.206367841999963,4.6446643878475173],[-74.206043192999971,4.6441218348475291],[-74.206042347999983,4.6441202808475373],[-74.205917048999936,4.6438900668475558],[-74.205754228999979,4.6435907898476065],[-74.205753593999987,4.643589235847549],[-74.205741978999981,4.6435591528475992],[-74.205469751999942,4.6428533898475823],[-74.205469189999974,4.6428519768475711],[-74.205478655999968,4.6424348898476246],[-74.205482373999985,4.6422689998476274],[-74.205482864999965,4.6422674458476294],[-74.205511644999945,4.642178106847636],[-74.205687060999935,4.6416333228476541],[-74.205689524999968,4.6416256958476545],[-74.205690156999935,4.6416237898476282],[-74.207014382999944,4.6406411978476489],[-74.208167507999974,4.6404851678476868],[-74.209110065999937,4.6405138988476704],[-74.21047548599995,4.6406081258477023],[-74.211543601999949,4.6406131138476994],[-74.212085816999945,4.6405181488476845],[-74.212473756999941,4.6404695258476929],[-74.212776116999976,4.6404446388476979],[-74.213490067999942,4.640406153847688],[-74.213959672999977,4.6405806828476814],[-74.21398880299995,4.640630918847668],[-74.214268601999947,4.6411113058476365],[-74.214272712999957,4.641787456847613],[-74.214309685999979,4.6422056198475987],[-74.214294763999987,4.6425724418476362],[-74.21440047699997,4.6430302808475998],[-74.214677679999966,4.6437302328475658],[-74.215128913999934,4.6440748948475834],[-74.215559114999962,4.6443302188475446],[-74.216028153999957,4.6444533348475323],[-74.216593466999939,4.644472487847576],[-74.217221834999975,4.6444114088475432],[-74.218027007999979,4.644406242847551],[-74.218631726999945,4.6443451648475689],[-74.219197034999979,4.6443185538475591],[-74.219705473999966,4.6442755638475601],[-74.220259526999939,4.6443065788475471],[-74.220699270999944,4.6442692448475329],[-74.221035403999963,4.6441409628475503],[-74.221292219999953,4.6440535058475518],[-74.221306148999986,4.643992134847589],[-74.221341252999935,4.6438371888475825],[-74.221341322999933,4.6438352818475712],[-74.221350643999983,4.6434468668475581],[-74.221350219999977,4.6434455948475959],[-74.221223493999958,4.6430756948475924],[-74.221222578999971,4.6430738598476138],[-74.221061447999944,4.6427444498476182],[-74.22079907899996,4.6423942238475995],[-74.220481982999956,4.6420387788476489],[-74.220447803999946,4.6420006318476519],[-74.220017849999977,4.6416827128476159],[-74.219605039999976,4.6414216918476496],[-74.219060971999966,4.6411901518476393],[-74.218351137999946,4.6409309658476561],[-74.217630777999943,4.6408151468476868],[-74.217098883999938,4.6406981338476658],[-74.216669596999964,4.6405403438476691],[-74.21614292199996,4.6403487538476931],[-74.215763889999948,4.6400245428476792],[-74.215763494999976,4.6400235968476817],[-74.215760761999945,4.6400212608477185],[-74.215760129999978,4.6400197778477095],[-74.215757312999983,4.6400130698477069],[-74.215598775999979,4.6396324388476771],[-74.215598072999967,4.6396308148476928],[-74.215425314999948,4.6392263858477492],[-74.215424471999938,4.6392246888477322],[-74.215231305999964,4.6388385548477444],[-74.215170895999961,4.6387178758477301],[-74.21493114499998,4.6383562938477629],[-74.214931045999947,4.6383559478477183],[-74.214928757999985,4.6383524988477625],[-74.214928335999957,4.6383510868477433],[-74.214844342999982,4.638058582847739],[-74.214782597999942,4.6378436898477791],[-74.214782243999935,4.6378415708477299],[-74.214760412999965,4.6377008958477921],[-74.214692734999971,4.6372655948477606],[-74.214693368999974,4.6372640418477626],[-74.214866322999967,4.636822997847819],[-74.214867027999958,4.6368213018477942],[-74.215074461999961,4.6363006658478341],[-74.215075236999951,4.6362986878478329],[-74.216003099999966,4.6358172448478365],[-74.216510967999966,4.6357623918478392],[-74.216881445999945,4.6356680068478342],[-74.217138188999968,4.6355747598478425],[-74.217376337999951,4.6353611788478259],[-74.217505739999979,4.635069996847883],[-74.217506303999983,4.6350686538478696],[-74.217507567999974,4.6350469728478476],[-74.217508339999938,4.6350328488478318],[-74.21752646799996,4.6347089798478445],[-74.217526537999959,4.6347077778478782],[-74.217328904999988,4.6339936788479115],[-74.217327848999957,4.6339919858479073],[-74.217007471999977,4.6334595568478925],[-74.216864945999987,4.6332634028479136],[-74.216665321999983,4.6329893038479071],[-74.216664335999951,4.6329875398479139],[-74.216387266999959,4.6324871468479571],[-74.216204878999974,4.6321769258479577],[-74.216001795999944,4.6318298448479407],[-74.21600123199994,4.631828501847985],[-74.215883949999977,4.6315525268479716],[-74.215792925999949,4.6313384828479629],[-74.215792363999981,4.6313371428479799],[-74.215787002999946,4.6312221008479773],[-74.215777552999953,4.6310185728479967],[-74.215776705999986,4.6310002818479994],[-74.215766197999983,4.6307704808480183],[-74.21576633799998,4.6307692818480177],[-74.215832519999935,4.6302882068479931],[-74.215842858999963,4.6302131338479953],[-74.215844545999971,4.6302007758479977],[-74.215849403999982,4.630205646847986],[-74.21623307699997,4.6297676198480326],[-74.216237652999951,4.629762392847999],[-74.216290500999946,4.629702077848016],[-74.21649621499995,4.6296021278480257],[-74.216672157999938,4.6295165888480323],[-74.21668081599995,4.6295150328480554],[-74.217253986999935,4.6294096108480174],[-74.217460763999952,4.6293787288480406],[-74.217645439999956,4.629351167848017],[-74.217653462999976,4.6293499648480632],[-74.218447228999935,4.6294537698480394],[-74.218468272999985,4.6294613938480245],[-74.218881212999975,4.629610574848054],[-74.218945542999961,4.6296338038480158],[-74.218984254999953,4.6296496188480578],[-74.218991152999934,4.6296524418480471],[-74.219580967999946,4.629893409848],[-74.219701816999986,4.6299278608480314],[-74.220100887999934,4.6300415908480357],[-74.220288105999941,4.6300949608480186],[-74.220290570999964,4.6300956668480024],[-74.220436049999989,4.6301166248479975],[-74.220840393999936,4.6301748458480123],[-74.220860099999982,4.630177667848014],[-74.220862564999948,4.6301780198480342],[-74.221347829999957,4.6300831968479992],[-74.221353249999936,4.6300796638480168],[-74.221453253999982,4.63001475284804],[-74.22180253099998,4.6297881658480096],[-74.222019557999943,4.6295282568480491],[-74.222180638999987,4.6293352318480645],[-74.222183031999975,4.6293323358480549],[-74.222221948999959,4.6292974448480164],[-74.222239400999968,4.6292817648480185],[-74.222268816999986,4.6292553498480444],[-74.222320261999982,4.6292091588480266],[-74.222426075999977,4.6291141418480475],[-74.222315058999982,4.6290317698480461],[-74.22231422699997,4.6290301778480547],[-74.222311797999964,4.629028369848065],[-74.222240415999977,4.6288928558480524],[-74.222238867999977,4.6288897478480679],[-74.222238656999934,4.6288859358480829],[-74.222234430999947,4.6288622068480594],[-74.22217696599995,4.6285384168480919],[-74.222174711999969,4.6285260588480375],[-74.222173444999953,4.6285159598480821],[-74.222172176999948,4.6285061428480567],[-74.222272303999944,4.6282718838480976],[-74.22227279599997,4.6282702578480688],[-74.222378753999976,4.6279389628481056],[-74.222379668999963,4.6279371268480922],[-74.222559523999962,4.6275804728480736],[-74.222586052999986,4.6275418408480862],[-74.222809613999971,4.6271841918481362],[-74.222960267999952,4.6268847428481283],[-74.223156234999976,4.6264868428481485],[-74.223189165999941,4.6264229978481488],[-74.223189586999979,4.6264208798481565],[-74.223192823999966,4.6264145238481253],[-74.22335973099996,4.6260898618481736],[-74.22357812499996,4.6254681598481451],[-74.22347803699995,4.6247302528481873],[-74.223473034999984,4.6246931788482186],[-74.223147396999934,4.6242785478482169],[-74.22264482199995,4.6239287818482326],[-74.222084196999958,4.6237581708481983],[-74.221655918999943,4.6236918628482071],[-74.220906373999981,4.6234201198482303],[-74.220849706999957,4.6233949038482463],[-74.220771684999988,4.6233204258482061],[-74.220771537999951,4.6233200658482572],[-74.220768384999985,4.6233170628482467],[-74.220664194999983,4.6230623438482539],[-74.220694016999971,4.622867991848266],[-74.22072382999994,4.622599063848253],[-74.220953434999956,4.6221685348482948],[-74.221010043999968,4.6217198038483085],[-74.221030937999956,4.6216299708483062],[-74.221066532999942,4.6214770018483105],[-74.221280741999976,4.6211920958483361],[-74.221463446999962,4.621185719848282],[-74.221709008999937,4.6212362578483228],[-74.221875182999952,4.6212940798482958],[-74.222017706999964,4.6213436408483206],[-74.222190981999972,4.6213391028482764],[-74.222257068999966,4.6213373308483137],[-74.222362269999962,4.6211794108483257],[-74.222393654999962,4.6211322308483087],[-74.222375902999943,4.6209895798483336],[-74.222364140999957,4.6208949478483241],[-74.222358438999947,4.6208853458482908],[-74.222320379999985,4.620821015848307],[-74.222058771999968,4.6207435138482982],[-74.221874991999982,4.6207024018483365],[-74.221529679999946,4.6205729908483502],[-74.221277697999938,4.620452878848309],[-74.221038324999938,4.6203043848483345],[-74.221035961999974,4.6203015378483201],[-74.221035022999956,4.6203009548483394],[-74.220877632999986,4.6201113538483636],[-74.220829060999961,4.6200096648483528],[-74.220808222999949,4.619966024848341],[-74.220801875999939,4.619833326848342],[-74.220799125999974,4.6197936388483267],[-74.220798422999962,4.6197918748483353],[-74.220796659999962,4.6197701218483349],[-74.220795602999942,4.6197574808483246],[-74.220858574999966,4.6195837468483427],[-74.220940492999944,4.6195331048483856],[-74.221400263999953,4.6193435088483454],[-74.221507445999976,4.6192873528483789],[-74.221689930999958,4.6191916438483878],[-74.221736930999953,4.6190532198483956],[-74.221736916999987,4.6189183118483985],[-74.221665904999952,4.6188470728483688],[-74.221546531999934,4.6187572318483996],[-74.221489865999956,4.6187331918483707],[-74.221290137999972,4.6186485118483898],[-74.221057087999952,4.6186705898483549],[-74.220641350999983,4.6187844358483829],[-74.220483979999983,4.618872947848379],[-74.220345427999973,4.6188792888483912],[-74.220055621999961,4.6188771458483737],[-74.219847773999959,4.6186659928483715],[-74.219844446999957,4.6186626018483716],[-74.219843161999961,4.6184924068484197],[-74.219843161999961,4.618490357848378],[-74.219843161999961,4.6184867568483705],[-74.219841949999989,4.6183376058484136],[-74.219841237999958,4.6182470678484258],[-74.219856988999936,4.6181032118484096],[-74.219873158999974,4.6179460778484094],[-74.219842883999945,4.6178306878483921],[-74.219828590999953,4.6177761698484341],[-74.219831473999989,4.6177448138484198],[-74.219843164999986,4.6176177948484289],[-74.219652444999952,4.6174573558484209],[-74.219599837999965,4.6174921628484435],[-74.219444540999973,4.617594774848417],[-74.219280864999973,4.6177179978484189],[-74.219126555999935,4.6177954808483994],[-74.218975404999981,4.6179440128484188],[-74.218871453999952,4.6180261908484281],[-74.218641552999941,4.6180041558483982],[-74.218506325999954,4.617914858848418],[-74.218411639999943,4.6178524038484392],[-74.21841169399994,4.6178513128484342],[-74.218408264999937,4.6178490538483983],[-74.21842877399996,4.6174350028484064],[-74.218430320999971,4.6174034348484083],[-74.218444601999977,4.617361129848442],[-74.218493291999948,4.6172170588484311],[-74.218488265999952,4.6169448858484516],[-74.218486921999954,4.6168729228484757],[-74.218423682999969,4.6164905878484372],[-74.218297606999954,4.6162252068484877],[-74.218263538999963,4.6161814248484569],[-74.218106023999951,4.6159789518484571],[-74.217938330999971,4.6158852808484641],[-74.217718333999983,4.6158034928484781],[-74.217491586999984,4.6157774798485036],[-74.217351230999952,4.6157527248484858],[-74.217081797999981,4.6158950298484775],[-74.217078731999948,4.6158901198485029],[-74.217078106999963,4.6158896678484567],[-74.217035308999982,4.6158210988485031],[-74.216992581999989,4.6157526018484782],[-74.216778049999959,4.6154085018484787],[-74.216764465999972,4.6153867438484824],[-74.216639995999969,4.615189432848525],[-74.216429248999987,4.6148707408485246],[-74.215911059999939,4.6140855068485163],[-74.215106613999978,4.6131965548485772],[-74.214809345999981,4.6128684408485752],[-74.213446378999947,4.6113525498486281],[-74.204266420999943,4.5994424848490114],[-74.20406272799994,4.6007682608489588],[-74.202583893999986,4.6004957328489899],[-74.199728294999943,4.5999282478489745],[-74.199727972999938,4.5999256138489697],[-74.199724704999937,4.5999249648490173],[-74.198450774999969,4.599686501849015],[-74.198281162999933,4.5996528288489964],[-74.198214512999982,4.5996395568490041],[-74.196777864999945,4.5992968658490021],[-74.195686987999977,4.5990421968490516],[-74.195636602999969,4.5990325118490434],[-74.195593826999982,4.5990204478490098],[-74.195538558999942,4.5990075458490294],[-74.194717052999977,4.5988198838490053],[-74.194678945999954,4.5988128088490212],[-74.194579469999951,4.5987908308490137],[-74.194488121999939,4.5987706498490466],[-74.194440362999956,4.5987742248490413],[-74.194107506999956,4.5986874808490583],[-74.193723555999952,4.5985993518490558],[-74.193401630999972,4.5985264628490397],[-74.19309904499994,4.5984586698490659],[-74.192891482999983,4.5984067128490258],[-74.192522825999959,4.5983221088490387],[-74.191925194999953,4.5981790748490798],[-74.191720646999954,4.598129233849062],[-74.191463715999987,4.5980755278490486],[-74.191040243999964,4.5979754788490856],[-74.190807616999962,4.5979547938490404],[-74.190723349999985,4.5979057668490606],[-74.190511823999941,4.5978526378490736],[-74.190218674999983,4.5977874278490791],[-74.189994316999957,4.597737095849082],[-74.189795833999938,4.597691828849066],[-74.189648786999953,4.5976598568490799],[-74.189485961999935,4.597622186849093],[-74.189100143999951,4.5975267618490516],[-74.188767375999987,4.597454245849069],[-74.188361494999981,4.5973588968490811],[-74.187939438999933,4.5972600428491024],[-74.187802172999966,4.5972274378490994],[-74.187595170999941,4.5971777368490816],[-74.187372705999962,4.5971270878490822],[-74.187245853999968,4.5971011298490945],[-74.187155020999967,4.597083881849092],[-74.186801335999974,4.5970039938490741],[-74.186515261999944,4.5969522658491151],[-74.186326114999986,4.5969087128491113],[-74.186187377999943,4.5968792198491091],[-74.185942403999945,4.5968270408490914],[-74.185794129999977,4.5967998708490807],[-74.185370028999955,4.5967165828491012],[-74.18526494799994,4.5966937838490765],[-74.185248162999983,4.59669014184911],[-74.185032631999945,4.5966694318491053],[-74.184718109999949,4.5965895078490817],[-74.184631556999989,4.5965657828491375],[-74.184616827999946,4.5965635068491055],[-74.18461515599995,4.5965633908491359],[-74.184479559999943,4.5965540018491202],[-74.184293572999934,4.5964965058491138],[-74.18429340299997,4.5964752298491272],[-74.184265564999976,4.5964676018491346],[-74.183944235999945,4.5963887008490873],[-74.183813616999942,4.5964569548491205],[-74.183812377999971,4.5964525588491165],[-74.183809948999965,4.5964538218491198],[-74.183808540999962,4.5964489478491046],[-74.183795919999966,4.5964040398491077],[-74.183794885999987,4.5964003618491214],[-74.183710135999945,4.5960995208491093],[-74.183651147999967,4.5958901328491502],[-74.183582866999984,4.5955909148491472],[-74.183488610999973,4.5952078708491735],[-74.183434824999949,4.5948801208491847],[-74.183396035999976,4.5946445308491501],[-74.183137218999946,4.5938730808491721],[-74.183340885999939,4.5937670678491873],[-74.183289626999965,4.5936568028491997],[-74.183193639999956,4.5936642348492187],[-74.183192993999967,4.5936609098491941],[-74.183189990999949,4.5936611438492179],[-74.183129660999953,4.5933506958492361],[-74.182976706999966,4.5928513418492516],[-74.182842466999944,4.592281295849264],[-74.182662972999935,4.5916191618492448],[-74.182648401999984,4.5915606178492938],[-74.182561052999972,4.5913222058492584],[-74.182483417999947,4.5911420558492528],[-74.182381498999973,4.5909181218493069],[-74.182092497999975,4.5902350168493156],[-74.182077363999952,4.5901839598493135],[-74.181619736999949,4.5894405548493582],[-74.181348054999944,4.588914721849342],[-74.18091138799997,4.5878770378493829],[-74.180948890999957,4.5877112878493884],[-74.180948884999964,4.5875905948493987],[-74.180851323999946,4.5872061398493953],[-74.180731021999975,4.5866031128494065],[-74.180696515999955,4.5861539648494505],[-74.180685810999989,4.5860151228494379],[-74.180643217999943,4.5856538978494497],[-74.180520571999978,4.584613019849507],[-74.180478948999962,4.5842583358495199],[-74.179740503999938,4.5845151248495011],[-74.179128103999972,4.584711988849473],[-74.178875633999951,4.5847572928494991],[-74.177279365999937,4.5851883158494529],[-74.176449573999946,4.5852850038494903],[-74.175343823999981,4.5855138208494779],[-74.17417052199994,4.5855571078494641],[-74.173306923999974,4.5856632128494432],[-74.172022191999986,4.5856019308494504],[-74.171159000999978,4.5856196898494535],[-74.17000341399995,4.5854215078494427],[-74.168830683999943,4.5852627158494759],[-74.168087017999937,4.5850630818494666],[-74.166290257999947,4.5845371788495033],[-74.166271325999958,4.5845295728495046],[-74.166245235999952,4.5845169288495224],[-74.164578388999985,4.5837826478495423],[-74.163292377999937,4.5830167528495354],[-74.163000576999934,4.5828355758495443],[-74.162788811999974,4.5826726398495667],[-74.161543138999946,4.5816792268495981],[-74.160648249999952,4.580828180849644],[-74.160201867999945,4.5803209258496533],[-74.15906765699998,4.5789836518496623],[-74.158954548999986,4.5787992888497104],[-74.157792515999972,4.5771390858497352],[-74.157790022999961,4.5771337198497504],[-74.157640209999954,4.5768841278497714],[-74.156706597999971,4.5753271628498018],[-74.156682051999951,4.5752944988498072],[-74.156024883999976,4.5740772558498559],[-74.155687296999986,4.5734498958498646],[-74.155678479999949,4.5734244618498607],[-74.154765431999976,4.5716052848499045],[-74.154706494999971,4.5714241778499076],[-74.153903496999988,4.5697606658499632],[-74.153775284999938,4.5693530108499836],[-74.153097244999969,4.5679160398500454],[-74.152882257999977,4.5672154718500497],[-74.152349109999989,4.5660714068500869],[-74.152029766999988,4.5650074678501182],[-74.151669933999983,4.5642267648501731],[-74.151230299999952,4.5627072858501911],[-74.151082948999942,4.5623821138502274],[-74.150774085999956,4.5612642548502302],[-74.150592375999963,4.5605374518502915],[-74.150575664999963,4.5601553178503043],[-74.150275122999972,4.5586927728503674],[-74.150219030999949,4.5570852708504104],[-74.150203874999988,4.5568480668503861],[-74.150205276999941,4.5565870428503956],[-74.150358723999943,4.5550033388504634],[-74.150588163999942,4.5535636208504799],[-74.150686300999951,4.5531585928505045],[-74.15120135799998,4.5516873698505425],[-74.15131785799997,4.5513138168505805],[-74.151359881999952,4.5512158918506076],[-74.152316476999943,4.5494689998506317],[-74.152401048999934,4.5493364038506234],[-74.152946663999955,4.5486530348506395],[-74.153624190999949,4.5477731498507197],[-74.15377074099996,4.5476241348506843],[-74.154976663999946,4.5464346428507429],[-74.155821006999986,4.5457792028507633],[-74.156444556999986,4.5452967128507566],[-74.157298872999945,4.5447764178507715],[-74.158004628999947,4.5443189678507814],[-74.158776860999978,4.5439341628508449],[-74.159647983999946,4.5434859518508075],[-74.160314006999954,4.5432243848508218],[-74.161370111999986,4.5427898218508433],[-74.162964440999986,4.5423064048508532],[-74.163171988999977,4.5422322718508577],[-74.163717152999936,4.5420888768508556],[-74.165005802999985,4.5417302208508668],[-74.165454987999965,4.5416663898508887],[-74.166977464999945,4.54146770485091],[-74.167746744999988,4.541371992850892],[-74.169008669999982,4.5413086508509206],[-74.169904492999933,4.5413105828508957],[-74.171159904999968,4.541358166850908],[-74.171963332999951,4.5414211378508851],[-74.173238700999946,4.5415812328508922],[-74.17322119399995,4.5410534478509321],[-74.173377911999978,4.5405252668509011],[-74.173763334999933,4.5400586368509739],[-74.174172451999937,4.5397351928509773],[-74.174747307999951,4.5394107488509894],[-74.175419085999977,4.5390798828509835],[-74.176170215999946,4.5386339418509882],[-74.176704804999986,4.5382925038509789],[-74.177090585999963,4.5378717918510034],[-74.177367463999985,4.5373886228510054],[-74.177726048999943,4.537191550851027],[-74.17809067099995,4.5370632678510532],[-74.178757222999934,4.5367897088510656],[-74.179486465999958,4.5365158778510581],[-74.180376136999939,4.5363269188510449],[-74.18117437899997,4.5361156368510454],[-74.181665380999959,4.53609545885105],[-74.182658189999984,4.5359689568510522],[-74.183508318999941,4.5358547528510575],[-74.183958418999964,4.5356686108511024],[-74.184185489999948,4.5354666588511066],[-74.184725837999963,4.5351021638510778],[-74.185078655999973,4.5349051778510923],[-74.185516861999986,4.5346559408511107],[-74.185937045999935,4.5342693928511366],[-74.186744910999948,4.5337829418511708],[-74.187160326999958,4.5335454548511276],[-74.187909689999969,4.5330624738511993],[-74.187907652999968,4.5330594168511862],[-74.187231606999944,4.5320461138511803],[-74.187226987999964,4.5320391908511768],[-74.186978021999948,4.5317700168512109],[-74.186707056999978,4.5313419198512301],[-74.186252785999955,4.5308289488512647],[-74.185994530999949,4.5306299118512561],[-74.185355956999956,4.5298717078512585],[-74.184896919999971,4.5295134928512688],[-74.184540385999981,4.5291088108513229],[-74.183245403999933,4.5274663898513348],[-74.183150259999934,4.5268652678513766],[-74.183146723999982,4.5262921648513768],[-74.183174775999987,4.5260921128514111],[-74.182384624999941,4.5249537418514256],[-74.168456825999954,4.5048871638520662],[-74.161276433999944,4.4945414188524095],[-74.158380411999985,4.4903686318525828],[-74.151244780999946,4.4890046418526168],[-74.145560079999939,4.4879179468526225],[-74.121676225999977,4.4879170938526611],[-74.095499898999947,4.4879161588526593],[-74.084411570999976,4.5125321788518571],[-74.082018618999939,4.5178441088516843],[-74.081838603999984,4.5182437088516494],[-74.081729927999959,4.5184849538516305],[-74.083141826999963,4.5187219008516362],[-74.083938056999955,4.5188875418516616],[-74.085030608999944,4.5191281848516311],[-74.086411338999937,4.5194972088516341],[-74.086868600999935,4.519622749851619],[-74.08788624999994,4.5199573748516038],[-74.088661943999966,4.5201949318515844],[-74.089007979999963,4.520321276851587],[-74.090415410999981,4.5208364258515932],[-74.091762726999946,4.5214201358515744],[-74.092115169999943,4.5215712838515536],[-74.092571905999989,4.5218020078515559],[-74.093778758999974,4.5223690198515092],[-74.094734924999955,4.5228969298515169],[-74.095392810999954,4.5232528698514676],[-74.096013737999954,4.523646642851495],[-74.096966086999942,4.5242076028514466],[-74.098035306999975,4.5249441068514571],[-74.098489471999983,4.5252490668514396],[-74.098798143999943,4.5254912828514335],[-74.099978803999988,4.526349731851373],[-74.101143095999987,4.5273359248513509],[-74.101412571999958,4.527546990851369],[-74.101920895999967,4.52800837185133],[-74.10281415299994,4.528800204851299],[-74.103184030999955,4.5291805698513006],[-74.104178102999981,4.5301188428512464],[-74.105014640999968,4.5310252178512194],[-74.10550131499997,4.5315083048512204],[-74.10671758999996,4.5328698658511826],[-74.106794845999957,4.5329493658511515],[-74.107056640999986,4.5332453778511832],[-74.108085322999955,4.5343957468511569],[-74.108350235999978,4.5347145128511102],[-74.109371893999935,4.5358489208510591],[-74.109996089999981,4.5365591548510285],[-74.110665301999973,4.5372902168510096],[-74.111697739999954,4.5384037908510138],[-74.111974380999982,4.5387042768509671],[-74.112859492999974,4.5396416428509507],[-74.113297676999935,4.540093629850956],[-74.113457520999987,4.5402484198509594],[-74.114643498999953,4.5414438308508887],[-74.115316004999954,4.5420930398508865],[-74.115969555999982,4.5428283968508545],[-74.116967891999934,4.5439376648508105],[-74.117247259999942,4.5442970238508158],[-74.118398146999937,4.545782298850761],[-74.118459917999985,4.5458787338507465],[-74.119568018999985,4.5476269448506947],[-74.119572050999977,4.5476352048507129],[-74.120459256999936,4.5494716058506421],[-74.120523897999988,4.5496703218506394],[-74.121058270999981,4.551316283850583],[-74.121193440999946,4.5521962028505527],[-74.121345546999976,4.5531609798505022],[-74.121312737999972,4.5543329008504969],[-74.121348050999984,4.5550056928504672],[-74.121255384999984,4.5557783338504096],[-74.121132359999933,4.5568504198503943],[-74.120962685999984,4.5574135858503899],[-74.120715827999959,4.5586951588503153],[-74.120272869999951,4.559903801850318],[-74.120108367999933,4.5605399078502948],[-74.119434647999981,4.5621361118502506],[-74.119356127999936,4.562384664850196],[-74.119004489999952,4.563381024850206],[-74.118689983999957,4.564229415850158],[-74.118606389999968,4.5643857488501594],[-74.117691987999933,4.5660741868500736],[-74.117562011999951,4.5662597988500631],[-74.116617580999957,4.56791895885004],[-74.116493436999974,4.5680918048500363],[-74.115472882999939,4.5697637328499914],[-74.115393540999946,4.5698693838499933],[-74.114336037999976,4.5714963398499391],[-74.114267645999973,4.5716017908499085],[-74.114263863999952,4.5716085078499233],[-74.113113046999956,4.5732843178498612],[-74.11301014299994,4.5734532838498527],[-74.111937952999938,4.5749312348498306],[-74.111699191999946,4.5752980608498133],[-74.110747827999944,4.5765520378497575],[-74.110329324999952,4.5771428368497391],[-74.109532140999988,4.5781284218496783],[-74.108874852999975,4.5789876148497086],[-74.10829401999996,4.5796658278496363],[-74.107328984999981,4.5808323928496035],[-74.107031144999951,4.5811602178495949],[-74.105976084999952,4.5823384968495473],[-74.105740066999942,4.5826055998495372],[-74.105676675999973,4.5826771728495501],[-74.104417619999936,4.5839964718494954],[-74.103904732999979,4.5845219528494825],[-74.103065741999956,4.5853362028494837],[-74.10196024399994,4.5863667338494079],[-74.101680725999984,4.5866183468494475],[-74.101113105999957,4.5871017468494433],[-74.100261379999949,4.5878408348494073],[-74.099799598999937,4.588211516849376],[-74.098806464999939,4.5890015098493597],[-74.097355618999984,4.5900563008493345],[-74.097309325999959,4.59008880784934],[-74.097250536999979,4.5901259778493255],[-74.095744482999976,4.5910584448492768],[-74.094312824999975,4.5919010908492739],[-74.094159907999938,4.5919937948492686],[-74.094005975999949,4.5920759448492436],[-74.092535262999945,4.5928595028492367],[-74.091036261999989,4.5935481488492256],[-74.090855748999957,4.5936298588491873],[-74.090552164999963,4.5937458818492116],[-74.089129329999935,4.5943186928491802],[-74.088309850999963,4.5945974328491745],[-74.087345237999955,4.5949072948491514],[-74.085767393999959,4.5953269628491453],[-74.085500608999951,4.5953906828491577],[-74.084463649999975,4.5955906788491427],[-74.083595080999942,4.5957682298491127],[-74.083361554999954,4.5958190258491527],[-74.081697550999934,4.5961596748490967],[-74.081005158999972,4.5962251368490969],[-74.079649543999949,4.5962895848490835],[-74.078828439999938,4.5963189498491301],[-74.077523317999976,4.5962835428490934],[-74.076735317999976,4.5962674608490897],[-74.075332204999938,4.5961647148491185],[-74.074698342999966,4.5961183798491341],[-74.073061090999943,4.5959068348491305],[-74.072721027999989,4.5958656068491441],[-74.071187725999948,4.5955906848491335],[-74.070795974999953,4.5955219958491531],[-74.070704185999944,4.595499831849124],[-74.06891283899995,4.5951055328491499],[-74.068244611999944,4.5949143688491425],[-74.067074666999986,4.5946109218491937],[-74.065688911999985,4.5941618108491893],[-74.065279349999969,4.5940418298491794],[-74.064447294999979,4.5937458818492116],[-74.063521240999989,4.5934080708492173],[-74.063003844999969,4.5931843778492141],[-74.061805855999978,4.5927000598492036],[-74.060181648999958,4.5919685728492388],[-74.060119303999954,4.5919419428492549],[-74.06002979799996,4.5919010748492814],[-74.058545653999943,4.5909876078492715],[-74.058225705999973,4.5907685258492803],[-74.053666132999979,4.6067744928487668],[-74.047012803999962,4.6158758218484524],[-74.046948369999939,4.6159639628485012],[-74.038397454999938,4.6328117258479331],[-74.037331672999983,4.6396102438477005],[-74.035035724999943,4.6542553918472178],[-74.028149957999972,4.6641219108469114],[-74.026484829999958,4.6665077978468323],[-74.012391437999952,4.6641474968469003],[-74.012289406999969,4.6641835078469267],[-74.012025931999972,4.6643327478469008],[-74.01185750999997,4.664464298846875],[-74.01173612599996,4.6645134558469108],[-74.011630628999967,4.6646048628468666],[-74.011536632999935,4.6646110738468929],[-74.011161937999987,4.6645853118468867],[-74.010938266999972,4.6645699328469004],[-74.010795058999975,4.6645153938468793],[-74.010545665999985,4.6642159998469266],[-74.010401868999963,4.6640080278469283],[-74.01015773599994,4.6637910208469409],[-74.010128542999951,4.6637685168469263],[-74.009906257999944,4.6637312898469157],[-74.009609638999962,4.6638416288469147],[-74.009334197999976,4.6639816168469084],[-74.009331874999987,4.6639828158469046],[-74.008590676999972,4.6646143738468968],[-74.008588564999968,4.6646162098469235],[-74.008473815999935,4.6647313698468666],[-74.008031082999935,4.6651759098469041],[-74.008027140999957,4.665180501846879],[-74.007622549999951,4.6656479988468487],[-74.007621422999989,4.6656496958468692],[-74.007531374999985,4.6657844218468654],[-74.007338675999961,4.6660735748468385],[-74.007015728999988,4.666558322846841],[-74.007014388999949,4.6665603708468382],[-74.006998756999963,4.6666045748468452],[-74.006774660999952,4.6672764178467885],[-74.006677864999972,4.6677173538467862],[-74.00667180399995,4.667748777846767],[-74.006671381999979,4.6677509678468105],[-74.006657790999952,4.6677900178468024],[-74.006533485999967,4.6681734648467827],[-74.006492719999983,4.6682423118467984],[-74.006451248999952,4.6683177248467915],[-74.006372388999978,4.6684623408467836],[-74.006070300999966,4.6688035888467541],[-74.006069174999936,4.6688045788467436],[-74.005728731999966,4.6691151708467391],[-74.005435972999976,4.6692620028467209],[-74.005386839999971,4.6692886888467307],[-74.005160600999943,4.6694001518467223],[-74.004998347999958,4.6694803438467058],[-74.004996235999954,4.6694814028467055],[-74.004813155999955,4.6696043478467413],[-74.004745229999969,4.6696639138467475],[-74.004650051999988,4.6698904378467105],[-74.004535837999981,4.6701359988466811],[-74.004408298999977,4.6702654418467304],[-74.004237501999967,4.6704588028466807],[-74.004068118999953,4.6705689128467203],[-74.003988025999945,4.6706595688467125],[-74.00387619199995,4.6708011468466637],[-74.003825032999941,4.6708713408467055],[-74.003757218999965,4.6709177408466784],[-74.003704870999968,4.6709879348466643],[-74.003682265999942,4.671040282846656],[-74.003609691999941,4.671137840846705],[-74.003550204999954,4.67125324584668],[-74.003477631999942,4.6713567508466998],[-74.003349602999947,4.6715075798466454],[-74.003349165999964,4.671508094846657],[-74.003087265999966,4.6722343058466551],[-74.003067193999982,4.6722927758466577],[-74.003066349999983,4.6722951768466183],[-74.00304638199998,4.672380663846651],[-74.003045934999989,4.6723929608466594],[-74.003045759999964,4.6723977658466644],[-74.003038620999973,4.6726547478466545],[-74.003050616999985,4.6728525318466119],[-74.00302553399996,4.6730140458466156],[-74.002988910999989,4.6731011738466277],[-74.002921808999986,4.6731968278466374],[-74.002894667999954,4.6732304828466136],[-74.002892532999965,4.6732331298465928],[-74.002883706999967,4.6733045198466021],[-74.002822250999941,4.673695463846598],[-74.002755729999933,4.6740745428466113],[-74.00272247099997,4.6742592788465984],[-74.002683572999956,4.6744773478465644],[-74.002632161999941,4.674628464846581],[-74.002541238999981,4.6749021728465312],[-74.00248223899996,4.6753307588465685],[-74.002482167999972,4.6753337938465371],[-74.002480179999964,4.675416772846539],[-74.002472711999985,4.6757936738465107],[-74.002651703999959,4.6761253468465034],[-74.002654192999955,4.6761312578465271],[-74.002654808999978,4.6761318298464971],[-74.002677121999966,4.676152518846493],[-74.00267658599995,4.6761836408464914],[-74.002676571999984,4.676184430846491],[-74.002828989999955,4.6765465648464764],[-74.003083570999934,4.6769064288464843],[-74.003110025999945,4.6769541738464993],[-74.003129587999979,4.6769819328464761],[-74.003299015999971,4.6772763128464785],[-74.003341579999983,4.6773714478464568],[-74.003349038999943,4.6773849378464725],[-74.003366062999987,4.6774263248464791],[-74.003432406999934,4.6775746418464426],[-74.003571417999979,4.6779181698464614],[-74.003582627999947,4.6781712058464606],[-74.003590199999962,4.6783178858464565],[-74.003715263999936,4.6787215098464436],[-74.003857448999952,4.6790379898464129],[-74.003898326999945,4.6791227428464213],[-74.004267046999985,4.6796143378463775],[-74.004331156999967,4.6796627908464092],[-74.004358012999944,4.679668160846405],[-74.004464765999955,4.6796824638464045],[-74.004566239999974,4.6797624768464043],[-74.004645178999965,4.6797798078463835],[-74.004774893999979,4.6798009358463952],[-74.004915817999972,4.6798162228463935],[-74.005012375999968,4.6798381858463891],[-74.005046087999972,4.6798644048463958],[-74.005089697999949,4.6799536968463711],[-74.00510873199994,4.6799989058463813],[-74.005131337999956,4.6800250808463941],[-74.005172977999962,4.6800774278464043],[-74.005215808999935,4.680120258846368],[-74.005250310999941,4.6801599958463775],[-74.005280767999977,4.6801737968464066],[-74.005331211999987,4.6801737968464066],[-74.005395080999961,4.68019007684636],[-74.005505838999966,4.6802558198464057],[-74.005597810999973,4.6802938208463525],[-74.005716805999953,4.6804099158463615],[-74.005787263999935,4.6804831798463944],[-74.005946998999946,4.6804436958463826],[-74.006923990999951,4.6801974858463904],[-74.007238068999982,4.6801443318463898],[-74.00882502199994,4.6798118698463806],[-74.009826865999969,4.6793352368464012],[-74.010570990999952,4.6791567218464376],[-74.012111556999969,4.6790544978463977],[-74.012541243999976,4.6788914288464065],[-74.014429078999967,4.6787167038464545],[-74.014554615999941,4.6787010808464231],[-74.016583984999954,4.6786614428464528],[-74.016652818999944,4.6786581778464207],[-74.018683623999948,4.6787022008464021],[-74.018800890999955,4.6787019528464153],[-74.02073706799996,4.6788232168464399],[-74.021000091999952,4.6788345898464456],[-74.022749782999938,4.6790149968463979],[-74.023252308999986,4.679059366846408],[-74.024726188999978,4.6792698598463973],[-74.025559912999938,4.6793804068464162],[-74.026669794999975,4.6795817128464137],[-74.027889138999967,4.6797390128464276],[-74.028629786999943,4.6798650918464038],[-74.03028883199994,4.6802200898463662],[-74.030515818999959,4.6802769778463853],[-74.031185779999987,4.6804458218463498],[-74.032375120999973,4.6807353088463755],[-74.032764397999983,4.6808330248463434],[-74.034210710999957,4.6812348378463247],[-74.035299101999954,4.6815487298463268],[-74.036024387999987,4.6817724468463533],[-74.037640248999935,4.6822909268463198],[-74.037817128999961,4.6823464298463184],[-74.03789618899998,4.6823728398462956],[-74.039591063999978,4.6829530958463081],[-74.040554252999982,4.6833029108462894],[-74.041346378999947,4.6835921128462576],[-74.042757946999984,4.6841359058462642],[-74.043084320999981,4.6842613208462716],[-74.043273523999972,4.6843393408462601],[-74.044807369999944,4.6849564088462312],[-74.046060077999982,4.6854926818462364],[-74.046514022999986,4.6856799868462264],[-74.047205016999953,4.685980819846205],[-74.048207163999962,4.6864270498461531],[-74.048913521999964,4.6867622488461489],[-74.049886352999977,4.687198356846161],[-74.051211490999947,4.6878256888461038],[-74.051551846999985,4.6879934628461388],[-74.05182808099994,4.6881380018461547],[-74.053205471999945,4.6888091968461305],[-74.054811043999962,4.68963260584606],[-74.054845346999969,4.6896488268460734],[-74.054889281999976,4.6896705248460862],[-74.056473591999975,4.6905086678460615],[-74.057888250999952,4.6912909628460042],[-74.05808832699995,4.6913919898460312],[-74.058322959999941,4.6915153338459969],[-74.05968874499996,4.6923001928459955],[-74.061065402999986,4.6931229748459673],[-74.061273522999954,4.6932355778459485],[-74.061495260999948,4.6933601208459761],[-74.062884193999935,4.6941259688459089],[-74.064374998999938,4.6952048868458958],[-74.064382705999947,4.6952112688458758],[-74.064394725999989,4.695219395845875],[-74.065954176999981,4.6961697878458351],[-74.067318978999936,4.697049642845859],[-74.067485907999981,4.6971973678458312],[-74.067850238999938,4.6975350658458304],[-74.068898059999981,4.6984327518457754],[-74.069402844999956,4.698894376845776],[-74.070226984999977,4.6998127668457208],[-74.071003719999965,4.7007390998456886],[-74.071440434999943,4.7013934548457161],[-74.072185366999975,4.7025838158456761],[-74.072499790999984,4.7032419268456129],[-74.07303792099998,4.7044285278456046],[-74.073363168999947,4.7054309668455527],[-74.073629162999964,4.7062732388455295],[-74.073984606999943,4.708040443845495],[-74.074000545999979,4.7081179458455003],[-74.074013484999966,4.7082456328454745],[-74.074229438999964,4.7099626528454213],[-74.074251036999954,4.7112668378453506],[-74.074261827999976,4.7118073588453457],[-74.07422312999995,4.7122993918453293],[-74.074144075999982,4.7136520638452781],[-74.073864914999945,4.7153663408452422],[-74.073844168999983,4.7154967678452246],[-74.07377373099996,4.7157856458452061],[-74.073440478999942,4.7173414718451676],[-74.073236362999978,4.7179635138451816],[-74.072852022999939,4.7191861728450943],[-74.072406057999956,4.7202100968450962],[-74.072061838999957,4.7210308718450325],[-74.071424684999954,4.7221941658450346],[-74.071066745999985,4.7228755698449874],[-74.070333049999988,4.7239866348449882],[-74.069869739999945,4.7247202618449515],[-74.069160703999955,4.7256388558449025],[-74.068509873999972,4.7265649508448844],[-74.067951473999983,4.7272269868448626],[-74.067071227999975,4.7284096348448168],[-74.066732249999973,4.7287977588447845],[-74.065669523999986,4.7302543168447713],[-74.065538931999981,4.7304135578447637],[-74.064436414999989,4.7320990008446966],[-74.064409233999982,4.7321399218446887],[-74.063438435999956,4.7339436848446281],[-74.063388302999954,4.734055304844607],[-74.062669672999959,4.7357883738445681],[-74.062539274999949,4.736269425844541],[-74.06211512699997,4.7376330658445251],[-74.061905667999952,4.7388579088444773],[-74.061753808999981,4.7394777618444426],[-74.061601437999968,4.7406262008444253],[-74.061553347999961,4.7413224618443754],[-74.061566690999939,4.741958396844403],[-74.061486191999961,4.7431671638443405],[-74.06147501199996,4.7445351368443101],[-74.061535928999945,4.7450118688442773],[-74.061641802999986,4.7457784798442777],[-74.061714559999984,4.7468565778442349],[-74.061760221999975,4.7477288238441737],[-74.062021941999944,4.7487012878441757],[-74.062342926999975,4.750405599844072],[-74.06242182699998,4.75054599984409],[-74.062725743999977,4.7513516438440897],[-74.063076303999935,4.752390717844059],[-74.063123227999938,4.752739045844022],[-74.064298649999955,4.7542354458439773],[-74.064329108999971,4.7543330278440017],[-74.064457184999981,4.7543604198439917],[-74.066079661999936,4.7549806088439253],[-74.067018626999982,4.7551219508439315],[-74.06799799099997,4.7553366658439504],[-74.068919320999953,4.7547352888439605],[-74.069693833999963,4.7542355278439699],[-74.070468740999956,4.7537382218439799],[-74.071146254999974,4.7535555828439851],[-74.072118838999984,4.7529161038440382],[-74.072639856999956,4.7523908518440638],[-74.07353259599995,4.7516833078440674],[-74.074768105999965,4.7509515348441029],[-74.075101020999966,4.7507192758440837],[-74.075340947999962,4.7505461618440803],[-74.07664813699995,4.7497182208440991],[-74.078176251999935,4.748718766844183],[-74.078190373999973,4.74870869384418],[-74.078200866999964,4.7487014618441501],[-74.079723151999985,4.7476827348442106],[-74.081023165999966,4.7468567488442419],[-74.081277394999972,4.7466940748442195],[-74.081559432999939,4.7465293288442316],[-74.082856017999973,4.7457477878442846],[-74.084307536999972,4.745012019844272],[-74.084496003999959,4.7449081278442522],[-74.084656080999935,4.7448377468443086],[-74.086188586999981,4.744159863844299],[-74.087392302999945,4.7437724478443393],[-74.087982384999975,4.7435874748443005],[-74.089832939999951,4.7432207748443389],[-74.089888955999982,4.7432110428443215],[-74.090488446999984,4.7431672278443484],[-74.091918973999952,4.7430491068443441],[-74.092054158999986,4.7430503818443341],[-74.094059243999936,4.7431671518443528],[-74.094108653999967,4.7431697088443219],[-74.094111811999937,4.7431700818443447],[-74.096036401999982,4.7435092878443177],[-74.096500886999934,4.7436320208443314],[-74.097854648999942,4.7440391538443247],[-74.099165957999958,4.7445735008442931],[-74.099571142999935,4.7447458468442871],[-74.100057732999971,4.7450116848442931],[-74.101205019999952,4.7455961138442291],[-74.102284817999987,4.7463034288442039],[-74.10274878499996,4.7466029808441963],[-74.103066560999935,4.7468562848442009],[-74.104214365999951,4.7477457218441828],[-74.105221699999959,4.7487009048441271],[-74.105587697999965,4.7490487818441434],[-74.106759574999955,4.7503891738440727],[-74.106869106999966,4.7505115908440692],[-74.106895281999982,4.750545538844082],[-74.108052148999946,4.7521453538440461],[-74.108208364999939,4.752390184844014],[-74.10911611399996,4.7539860598439772],[-74.109244725999986,4.7542348408439539],[-74.109754692999957,4.7555930988439474],[-74.10994356499998,4.7560795128438995],[-74.109977310999966,4.7561791488439074],[-74.110544913999945,4.75792418684388],[-74.110570319999965,4.7588383128438441],[-74.110592817999986,4.7597688868438093],[-74.110752553999987,4.7610159298437438],[-74.110836482999957,4.7616135778437236],[-74.110845935999976,4.7620490528437287],[-74.110908895999955,4.7634582778436574],[-74.110818903999984,4.764820305843628],[-74.11078592299998,4.7653029868436043],[-74.110646849999966,4.7660847418435717],[-74.110484248999967,4.7671477028435456],[-74.110348469999963,4.7676920638435636],[-74.109985762999941,4.7689924288434851],[-74.109592395999982,4.7700675488434454],[-74.109268775999965,4.7708371648434325],[-74.108642926999948,4.7721070368434155],[-74.108309690999988,4.7726819118433816],[-74.107545561999984,4.7738895748433388],[-74.107062280999969,4.7745266688433317],[-74.106326163999938,4.775460100843258],[-74.105451522999942,4.7763714378432818],[-74.104998056999989,4.7768417578432389],[-74.10394688699995,4.7777277558432107],[-74.10357221999999,4.7780536218432212],[-74.103335682999955,4.7782162228432163],[-74.102064288999941,4.7791228598431514],[-74.100524371999938,4.7799855138431218],[-74.100458928999956,4.7800228248431553],[-74.100366365999946,4.7800610308431466],[-74.098761984999953,4.7807636688431332],[-74.097748147999937,4.7811201628430799],[-74.096991274999937,4.7813763518430958],[-74.095228295999959,4.7818092928430698],[-74.095129417999942,4.7818306708430551],[-74.094606054999986,4.7819059008431024],[-74.093176626999934,4.7821269908430608],[-74.092907006999951,4.7821533678430423],[-74.091118945999938,4.7822410638430766],[-74.090731047999952,4.7822449008430876],[-74.088943896999979,4.7821512048430659],[-74.088673344999961,4.7821309398430758],[-74.087162379999938,4.7819060458431055],[-74.086715571999946,4.781843331843084],[-74.086632338999948,4.7818241488430733],[-74.084838635999972,4.7814152568430899],[-74.084143172999973,4.781188481843115],[-74.08304282499995,4.7808462168430941],[-74.081442706999951,4.7801856548431108],[-74.081325815999946,4.7801402528431574],[-74.081164677999936,4.7800614018431444],[-74.079666507999946,4.7793340298431444],[-74.078392199999939,4.7785745788431955],[-74.078087348999986,4.7783885428432002],[-74.077789028999973,4.7782167088431962],[-74.076532644999986,4.7774005658432115],[-74.075207365999972,4.7763720028432726],[-74.075067530999945,4.7762569248432509],[-74.074787466999965,4.7760004408432888],[-74.073657911999987,4.7750168648433107],[-74.073133329999962,4.7745272908432925],[-74.072309488999963,4.7736704758433586],[-74.071387808999987,4.7726825748433637],[-74.071019809999939,4.7722220228433834],[-74.069893233999949,4.7708378568434471],[-74.069786640999951,4.7706753868434308],[-74.068808665999939,4.7693009518434755],[-74.068611392999969,4.7690281208435241],[-74.068582660999937,4.768993138843479],[-74.067500159999952,4.7672696288435574],[-74.067405536999956,4.7671484198435801],[-74.066446564999978,4.7654109978436177],[-74.06636290299997,4.7653037018436049],[-74.065443685999981,4.7634642538436713],[-74.065439158999936,4.7634589828436518],[-74.065396267999972,4.7633713148436563],[-74.064537071999951,4.7616142628437519],[-74.064520770999934,4.7613785718437613],[-74.063574369999969,4.7597695408437755],[-74.063416303999986,4.7596083598438259],[-74.06323122799995,4.759609118843807],[-74.062991675999967,4.7597695288437869],[-74.061557229999949,4.7603897298437712],[-74.060688719999973,4.7606583808437604],[-74.059720304999985,4.7608872198437426],[-74.058374714999957,4.7609897788437658],[-74.05778927199998,4.7612211718437329],[-74.056116631999942,4.7616140528437638],[-74.055916316999969,4.7616560498437428],[-74.055864992999943,4.7616612248437526],[-74.05408553999996,4.762164219843716],[-74.053381954999963,4.7622862888436952],[-74.052238643999942,4.762644381843729],[-74.05089088699998,4.7629252858436883],[-74.050372176999986,4.7630905278436622],[-74.048704426999961,4.7634584858436702],[-74.048488142999986,4.7635061488436445],[-74.048428348999948,4.763514700843702],[-74.046602461999953,4.7639189058436813],[-74.046022596999933,4.7640054348436696],[-74.04469144799998,4.7642876378436405],[-74.043649465999977,4.7644394788436264],[-74.042700666999963,4.7645177448436229],[-74.041457596999976,4.764558581843656],[-74.040681276999976,4.7646981338436571],[-74.039143946999957,4.7648892608436402],[-74.038706382999976,4.7649558468436464],[-74.036874328999943,4.7651434258436325],[-74.036703070999977,4.7651641648436129],[-74.034899966999944,4.7653024718435963],[-74.034668351999983,4.7653179018436163],[-74.03465020799996,4.7653185368436102],[-74.03259510099997,4.7654046698436279],[-74.032476286999952,4.7654064238436078],[-74.030489716999966,4.7654355868436289],[-74.030336860999967,4.7654343728436235],[-74.029613806999976,4.7653021238436395],[-74.028408755999976,4.7650951828435995],[-74.028167584999949,4.7650898128436037],[-74.026329694999959,4.7650182468436313],[-74.025992262999978,4.7649991708436366],[-74.024284338999962,4.7648827498436122],[-74.023775151999985,4.7648358938436219],[-74.022273289999987,4.7646876498436308],[-74.021429145999946,4.7644485948436266],[-74.020415002999982,4.7642271508436602],[-74.019096488999935,4.7640050368436739]],[[-74.062133832999962,4.6322573378479373],[-74.062395971999933,4.632256610847957],[-74.064355716999955,4.632429495847938],[-74.064415318999977,4.6324365358479493],[-74.064616538999985,4.6324848128479612],[-74.066288548999978,4.6328703908479136],[-74.066867117999948,4.6331048298479045],[-74.068024799999989,4.6335423018478794],[-74.069388386999947,4.6343295938478937],[-74.069616680999957,4.6344651138478437],[-74.069928041999958,4.63473521284787],[-74.071062832999985,4.6356411958478301],[-74.071537461999981,4.6361743238477935],[-74.072296270999971,4.6371869588478081],[-74.072789434999947,4.638019042847751],[-74.073270933999936,4.6391824588477091],[-74.073492422999948,4.6398637568477028],[-74.073647963999974,4.6412003288476749],[-74.073737316999939,4.6417084688476224],[-74.073720867999953,4.6420898978476313],[-74.073639257999957,4.6435531768475879],[-74.073392039999987,4.6444450008475684],[-74.073193711999977,4.6453978838475001],[-74.072605277999969,4.6467671108474544],[-74.072421978999955,4.6472425878474501],[-74.071593003999965,4.6486973028474239],[-74.071356453999954,4.6490872888473751],[-74.070381643999951,4.6502814998473712],[-74.069764663999933,4.6509319818473216],[-74.069028839999987,4.6516198828472906],[-74.067658088999963,4.6526262558473128],[-74.067538323999941,4.6527189328473035],[-74.067430219999949,4.6527766608473025],[-74.065919659999963,4.6535952738472561],[-74.064739944999985,4.6540081938472158],[-74.064148795999984,4.6542070968472213],[-74.062321619999977,4.654521512847194],[-74.062213266999947,4.6545327358471917],[-74.060198413999956,4.6545219568472147],[-74.06007464299995,4.6545053948472281],[-74.058273217999954,4.6541782998472536],[-74.057628996999938,4.6539444418472584],[-74.056513992999953,4.6535462158472596],[-74.055143217999955,4.6527763778472826],[-74.054910870999947,4.6526428648473139],[-74.05461521899997,4.6523960398472832],[-74.053454956999985,4.6514837018473347],[-74.052908903999935,4.6509315948473207],[-74.052158923999968,4.6500467088473494],[-74.05148098899997,4.6490868348473962],[-74.05105445099997,4.6482768388474369],[-74.050556379999989,4.6472420908474792],[-74.050213467999981,4.6460490928474929],[-74.050021920999939,4.6453973608475225],[-74.049917564999987,4.6442312548475284],[-74.049850231999983,4.6435526458475769],[-74.049906131999933,4.6428939988475717],[-74.049963805999937,4.6417079408476409],[-74.050137691999964,4.6409241878476593],[-74.050419676999979,4.6398632488476776],[-74.05092514599994,4.6386031898477125],[-74.051234139999963,4.6380185698477545],[-74.052020745999982,4.6368177828477748],[-74.05257854499996,4.6361739098477983],[-74.053330051999978,4.6354038218478513],[-74.054687529999967,4.6343292718478866],[-74.054789310999979,4.6342504988479023],[-74.054923025999983,4.6341756698478811],[-74.056381284999986,4.6333278478478874],[-74.057868782999947,4.6327456738479142],[-74.058114669999952,4.6326509828479594],[-74.059483204999935,4.6324847008479564],[-74.060096803999954,4.6324064568479493],[-74.060193967999965,4.6323941118479386],[-74.062133832999962,4.6322573378479373]],[[-74.118932686999983,4.6313557518479751],[-74.118272054999977,4.6310704198479984],[-74.118133667999984,4.6306390528479877],[-74.118153447999987,4.6300016508480146],[-74.118415589999984,4.6287943268480483],[-74.118644359999962,4.627165671848104],[-74.118675485999972,4.6269496028481392],[-74.11871899199997,4.6266037668481461],[-74.119098601999951,4.6251048688481697],[-74.119227021999961,4.6244891368482159],[-74.119526733999976,4.6232601328482241],[-74.119803892999983,4.6218025448482702],[-74.119877520999978,4.621415401848278],[-74.120057661999965,4.6205870808483276],[-74.120337771999971,4.6195706648483368],[-74.120432342999948,4.6192055918483907],[-74.120855252999945,4.6177259228483871],[-74.121164822999958,4.6167894228484547],[-74.121491159999948,4.6158811738484653],[-74.12206428199994,4.6146634288485435],[-74.122366116999956,4.6140364088485386],[-74.123153649999949,4.6128674558485887],[-74.123576700999934,4.6121916208485718],[-74.124368601999947,4.6112897228486078],[-74.125069982999946,4.6103468118486592],[-74.125629299999957,4.6097914898486483],[-74.126671552999937,4.6085019928487307],[-74.126890059999937,4.6082933738487082],[-74.127673494999954,4.6073487908487589],[-74.128149241999949,4.606792521848754],[-74.128239575999942,4.6066571718487692],[-74.129407843999957,4.605290669848821],[-74.129731310999944,4.6048123528488478],[-74.13064049999997,4.6037437368488821],[-74.131174187999989,4.6029675358489035],[-74.131857795999963,4.602170119848914],[-74.132603202999974,4.6011227158489358],[-74.133072458999948,4.6005919348489934],[-74.134069254999986,4.5992778898490272],[-74.134298617999946,4.5990337348490087],[-74.135188898999957,4.5979744498490493],[-74.135559781999973,4.5975363678490453],[-74.135636764999958,4.5974330528490599],[-74.136883276999981,4.5961473218491102],[-74.137394445999973,4.595588196849123],[-74.138255953999987,4.5948437478491844],[-74.139579325999989,4.593743298849188],[-74.139698267999961,4.5936611848491804],[-74.139840302999971,4.5935785028492129],[-74.141251426999986,4.5926712458492549],[-74.142852715999936,4.5918982958492771],[-74.142914192999967,4.5918717698492797],[-74.142949559999977,4.5918633358492844],[-74.144722375999947,4.5913249858492984],[-74.145412306999958,4.5912720458492542],[-74.146736593999947,4.5911362248493086],[-74.14755930299998,4.5912296568492748],[-74.14909295199999,4.5915419768492383],[-74.149437627999987,4.5916543358492543],[-74.149894806999953,4.5918976158492502],[-74.151077251999936,4.592493984849221],[-74.152419905999977,4.5936342568492279],[-74.152504557999976,4.5937027468492131],[-74.152543248999962,4.5937420518491887],[-74.153725351999981,4.595270528849162],[-74.153963869999984,4.5955866118491189],[-74.154767613999979,4.5971486898490728],[-74.154937215999951,4.5974312158491015],[-74.155654715999958,4.5992551018489927],[-74.155662499999949,4.599275847849019],[-74.155663578999963,4.5992811958490201],[-74.156233498999939,4.6011204948489342],[-74.156354790999956,4.6017696628489144],[-74.15669472899998,4.6029651528489213],[-74.156940072999987,4.6044422958488598],[-74.157038631999967,4.6048098238488171],[-74.157201157999964,4.6056308868488385],[-74.157349901999964,4.606654497848794],[-74.157421767999949,4.6072950188487534],[-74.157634580999968,4.6084991768487287],[-74.157885347999979,4.6101792398486507],[-74.157920170999944,4.6103438528486871],[-74.157983596999941,4.6106791238486524],[-74.158173059999967,4.6121885338485935],[-74.158297867999977,4.6131522328485639],[-74.15845077299997,4.614033210848536],[-74.158754504999933,4.6157073038485033],[-74.15877246499997,4.6158778838484675],[-74.158787313999937,4.6159914978484524],[-74.159090757999934,4.6177225558484141],[-74.159307130999935,4.6187779728483536],[-74.159494206999966,4.6195672178483571],[-74.159983270999987,4.6212926948482798],[-74.160016220999978,4.6214118658483185],[-74.160192054999982,4.6218937608482609],[-74.160539423999978,4.6232565128482497],[-74.160587540999984,4.6239323678482265],[-74.160595654999952,4.625101215848205],[-74.160246492999988,4.625677020848169],[-74.158856965999973,4.6269408568480879],[-74.158852733999936,4.6269440378481015],[-74.158850085999973,4.6269461258481348],[-74.15736248199994,4.6280434038480687],[-74.155814301999953,4.6287911768480505],[-74.155700684999942,4.628844713848026],[-74.155586868999933,4.6289355038480249],[-74.154181985999969,4.6298946598480253],[-74.152737989999935,4.6301978668480084],[-74.152328014999966,4.6303620638480147],[-74.151587394999979,4.6306363398479746],[-74.150681029999987,4.6311891178480007],[-74.149642993999976,4.6318880418479784],[-74.149126164999984,4.6321762358479193],[-74.147865398999954,4.6312880778479908],[-74.146586469999988,4.6314521588479698],[-74.145608855999967,4.6315206898479788],[-74.144557083999985,4.6316147638479768],[-74.143104639999933,4.6324818868479305],[-74.143011178999984,4.6326174548479448],[-74.142843275999951,4.6326381628479085],[-74.140994826999986,4.6328027058479471],[-74.140604403999987,4.6328400298479471],[-74.138940423999941,4.6329218358479114],[-74.138423453999962,4.6329412028479053],[-74.136832970999933,4.6329487798479256],[-74.136295852999979,4.6329496318478967],[-74.134697625999934,4.6329272508479482],[-74.134194013999945,4.6329132728479125],[-74.132513608999943,4.6328211448479166],[-74.132135320999964,4.6328019088478962],[-74.130302603999951,4.632668131847927],[-74.130097509999985,4.6326542418479386],[-74.128075112999966,4.6324864648479442],[-74.128071288999934,4.6324864258479623],[-74.127994613999988,4.6324831278479373],[-74.126007005999952,4.632384761847967],[-74.125884902999985,4.6323695708479233],[-74.124007448999976,4.6321705888479592],[-74.123610533999965,4.6321064278479422],[-74.122012233999953,4.6319488638479447],[-74.12132732699996,4.6318279148479409],[-74.120030196999949,4.631704226847968],[-74.118932686999983,4.6313557518479751]]]},"properties":{"objectid":30,"id":3,"temperatura":15.357860559999999,"periodo":"Anual","ano":2023,"sdagis_temp_anualprom_area":369682142.89320493,"fecha_ini":1672531200000,"fecha_fin":1703980800000,"st_area(shape)":0.030130213667329674,"st_perimeter(shape)":1.89804730069587}},{"type":"Feature","id":66,"geometry":{"type":"MultiPolygon","coordinates":[[[[-74.081077876999984,4.5544993328504502],[-74.079402026999958,4.5547381588504878],[-74.079120578999948,4.5547867018504746],[-74.078380767999988,4.5550070288504321],[-74.077297650999981,4.5553076208504555],[-74.076836226999944,4.5555084588504604],[-74.075596566999934,4.5560403228504223],[-74.074266798999986,4.5568517358504073],[-74.074023223999973,4.5569950608504115],[-74.07371375799994,4.5572463008503536],[-74.072561790999941,4.5581443208503538],[-74.072021863999964,4.5586964368503269],[-74.071235011999988,4.5595276368502917],[-74.070489324999983,4.5605411368502589],[-74.070057711999937,4.5611707798502641],[-74.069260591999978,4.562385837850238],[-74.068953833999956,4.5629415498502075],[-74.068479388999947,4.5642305408501382],[-74.068196517999979,4.5653147118501032],[-74.068032221999943,4.5660752498500914],[-74.067949470999963,4.5672651388500372],[-74.067879976999961,4.5679199608500189],[-74.067889492999939,4.5684705618500461],[-74.067920343999958,4.5697646738499822],[-74.068083835999971,4.5707209478499342],[-74.068206668999949,4.5716093908499111],[-74.06871601499995,4.573311533849842],[-74.068755643999964,4.5734541108498528],[-74.069187640999985,4.5744164468498143],[-74.06957719899998,4.5752988338497707],[-74.069637382999986,4.5753995028497751],[-74.07073857499995,4.5771435578497366],[-74.070748898999966,4.5771569928497611],[-74.070788455999946,4.5771988788497202],[-74.072045536999951,4.5785927398496771],[-74.072437305999983,4.5789882848496655],[-74.073433282999986,4.5798701398496231],[-74.074796051999954,4.5808330098496173],[-74.074944405999986,4.5809331098496102],[-74.07510655599998,4.5810147418495992],[-74.076555503999941,4.5818223198496053],[-74.077994481999951,4.5823447628495577],[-74.07830688699994,4.5824677088495864],[-74.079260260999945,4.5826777258495532],[-74.080186520999973,4.5828901848495533],[-74.080445611999949,4.5829155788495326],[-74.082217774999947,4.5830491298495595],[-74.082637790999968,4.5830363108495611],[-74.08444222199995,4.582872279849564],[-74.084646973999952,4.5828389798495817],[-74.085266030999946,4.5826776858495801],[-74.08650419199995,4.5823775298495502],[-74.086950449999961,4.5822021738495557],[-74.08822798999995,4.5816841888495841],[-74.089704410999957,4.5808329108496428],[-74.089822606999974,4.5807663348495931],[-74.089961799999969,4.5806575488495964],[-74.091303461999985,4.5796507648496609],[-74.092027837999979,4.5789881548496769],[-74.092671491999965,4.5783391078496747],[-74.093632911999975,4.5771434088497207],[-74.093886624999982,4.5767617238497547],[-74.094770858999937,4.5752986688498058],[-74.094942983999942,4.5749083988497956],[-74.095582556999943,4.5734539358498312],[-74.095790277999981,4.572691724849868],[-74.096117612999933,4.5716092088498979],[-74.096352544999945,4.5699796838499589],[-74.096392803999947,4.5697644888499482],[-74.096406223999963,4.5694559708499662],[-74.096445593999988,4.567919774850056],[-74.096245913999951,4.5661050998501231],[-74.096243866999941,4.5660750678500817],[-74.096240180999985,4.5660549958500969],[-74.09579374599997,4.5642303648501805],[-74.09556080699997,4.5635463098501798],[-74.095044568999981,4.5623856708502402],[-74.094604147999974,4.5615196118502404],[-74.093951064999942,4.5605409828502959],[-74.093453789999955,4.5598296148503161],[-74.092408043999967,4.5586963038503097],[-74.092146911999976,4.5584116918503534],[-74.091525514999944,4.557900882850368],[-74.090712340999971,4.5572157328503557],[-74.090116089999981,4.5568516328504138],[-74.089157257999943,4.5562292528503923],[-74.088176705999956,4.555769736850432],[-74.087481386999968,4.5554527288504207],[-74.086038971999983,4.555006978850451],[-74.085683883999934,4.5548876298504704],[-74.085526367999989,4.554852553850445],[-74.083757859999935,4.5545459228504592],[-74.083198602999971,4.5544960198504683],[-74.081676376999951,4.5544744248504463],[-74.081077876999984,4.5544993328504502]]],[[[-74.028209540999967,4.6987452188457777],[-74.027216102999944,4.6988926098457569],[-74.026249288999963,4.6990280288457553],[-74.026062052999976,4.699082405845779],[-74.024396285999956,4.6994972418457692],[-74.023476453999933,4.6998859048457291],[-74.022684976999983,4.7002127328457481],[-74.021801133999986,4.7007369038457218],[-74.021122209999987,4.7011864068456788],[-74.020059943999968,4.7021330528456895],[-74.019718144999956,4.7024359258456307],[-74.019565390999958,4.7025814268456463],[-74.018396828999983,4.703829277845621],[-74.017928303999952,4.7044259938456277],[-74.017248692999942,4.7055236448455346],[-74.016819540999961,4.7062706038455406],[-74.016289519999987,4.7075464578454689],[-74.01606451899994,4.7081152418455003],[-74.015685330999986,4.7097336148454412],[-74.015626346999966,4.7099599078453975],[-74.015616482999974,4.7100666168454159],[-74.015418362999981,4.7118045938453603],[-74.015490131999968,4.713536980845312],[-74.015491690999966,4.7136493048452888],[-74.015504953999937,4.7137358438452859],[-74.015801503999967,4.715494037845219],[-74.016081015999987,4.7164238408452048],[-74.016399741999976,4.7173387948451726],[-74.016970324999988,4.7185676188451398],[-74.01731568799994,4.7191835788451231],[-74.01807144199995,4.720343408845098],[-74.018633607999959,4.7210283958450692],[-74.019338474999984,4.7218309478450289],[-74.020514988999935,4.7228732578449932],[-74.020745773999977,4.7230747958449903],[-74.021118152999975,4.7233189148449837],[-74.022273039999959,4.7241102188449737],[-74.023534446999975,4.724718203844942],[-74.023931176999952,4.7249182698449248],[-74.024217419999957,4.7250156438449276],[-74.025708688999941,4.7255189188448865],[-74.02674718999998,4.7257225438449142],[-74.027629425999976,4.7258707268448781],[-74.028998248999983,4.7259450278449169],[-74.029702760999953,4.7259574008449201],[-74.031078947999958,4.7258714178449024],[-74.031966410999985,4.7257134068449105],[-74.032977312999947,4.7254809128449367],[-74.034544357999948,4.7249233218449325],[-74.034737352999969,4.7248499988449488],[-74.034989037999935,4.7247190008449289],[-74.036392254999953,4.7240363628449451],[-74.037697944999934,4.7231330478449607],[-74.037911885999961,4.7229876338449932],[-74.038038077999943,4.7228744768450079],[-74.039319766999938,4.7217446938450385],[-74.039944103999972,4.7210298768450425],[-74.040591444999961,4.7202650458450943],[-74.041311518999976,4.7191852448451259],[-74.041709814999933,4.7185189668451137],[-74.042283089999955,4.7173405898451763],[-74.042631424999968,4.7164309358452092],[-74.04293540499998,4.7154959178452316],[-74.04326244899994,4.7138378918453121],[-74.043295524999962,4.7136512298452864],[-74.043304862999946,4.7133908998452929],[-74.043405319999977,4.7118065298453518],[-74.043245572999979,4.71011883784539],[-74.043232717999956,4.7099618158454009],[-74.043209752999985,4.7098670608454398],[-74.042797123999947,4.7081170888454675],[-74.042509748999976,4.7073942688455253],[-74.042036353999947,4.7062723448455488],[-74.041533777999973,4.7054009918455337],[-74.040896299999986,4.7044275798456168],[-74.040361444999974,4.703748913845641],[-74.039257780999947,4.7025827858456584],[-74.039033252999957,4.7023676588456711],[-74.038591263999933,4.702029754845694],[-74.037574842999959,4.7012126698457362],[-74.036779705999948,4.7007379398457347],[-74.035994178999943,4.700270106845732],[-74.035277665999956,4.6999604608457339],[-74.034295639999982,4.6995323608457307],[-74.032632151999962,4.6990522788457803],[-74.032471373999954,4.6990130718457968],[-74.031524321999939,4.6988929078457833],[-74.030497919999959,4.6987529988457561],[-74.030331290999982,4.6987431018457686],[-74.028383199999951,4.6987383728457575],[-74.028209540999967,4.6987452188457777]]]]},"properties":{"objectid":66,"id":1,"temperatura":14.362955769999999,"periodo":"Anual","ano":2023,"sdagis_temp_anualprom_area":15180166.6701896,"fecha_ini":1672531200000,"fecha_fin":1703980800000,"st_area(shape)":0.0012371947030415738,"st_perimeter(shape)":0.17646542270527513}},{"type":"Feature","id":67,"geometry":{"type":"MultiPolygon","coordinates":[[[[-74.118932686999983,4.6313557518479751],[-74.120030196999949,4.631704226847968],[-74.12132732699996,4.6318279148479409],[-74.122012233999953,4.6319488638479447],[-74.123610533999965,4.6321064278479422],[-74.124007448999976,4.6321705888479592],[-74.125884902999985,4.6323695708479233],[-74.126007005999952,4.632384761847967],[-74.127994613999988,4.6324831278479373],[-74.128071288999934,4.6324864258479623],[-74.128075112999966,4.6324864648479442],[-74.130097509999985,4.6326542418479386],[-74.130302603999951,4.632668131847927],[-74.132135320999964,4.6328019088478962],[-74.132513608999943,4.6328211448479166],[-74.134194013999945,4.6329132728479125],[-74.134697625999934,4.6329272508479482],[-74.136295852999979,4.6329496318478967],[-74.136832970999933,4.6329487798479256],[-74.138423453999962,4.6329412028479053],[-74.138940423999941,4.6329218358479114],[-74.140604403999987,4.6328400298479471],[-74.140994826999986,4.6328027058479471],[-74.142843275999951,4.6326381628479085],[-74.143011178999984,4.6326174548479448],[-74.143104639999933,4.6324818868479305],[-74.144557083999985,4.6316147638479768],[-74.145608855999967,4.6315206898479788],[-74.146586469999988,4.6314521588479698],[-74.147865398999954,4.6312880778479908],[-74.149126164999984,4.6321762358479193],[-74.149642993999976,4.6318880418479784],[-74.150681029999987,4.6311891178480007],[-74.151587394999979,4.6306363398479746],[-74.152328014999966,4.6303620638480147],[-74.152737989999935,4.6301978668480084],[-74.154181985999969,4.6298946598480253],[-74.155586868999933,4.6289355038480249],[-74.155700684999942,4.628844713848026],[-74.155814301999953,4.6287911768480505],[-74.15736248199994,4.6280434038480687],[-74.158850085999973,4.6269461258481348],[-74.158852733999936,4.6269440378481015],[-74.158856965999973,4.6269408568480879],[-74.160246492999988,4.625677020848169],[-74.160595654999952,4.625101215848205],[-74.160587540999984,4.6239323678482265],[-74.160539423999978,4.6232565128482497],[-74.160192054999982,4.6218937608482609],[-74.160016220999978,4.6214118658483185],[-74.159983270999987,4.6212926948482798],[-74.159494206999966,4.6195672178483571],[-74.159307130999935,4.6187779728483536],[-74.159090757999934,4.6177225558484141],[-74.158787313999937,4.6159914978484524],[-74.15877246499997,4.6158778838484675],[-74.158754504999933,4.6157073038485033],[-74.15845077299997,4.614033210848536],[-74.158297867999977,4.6131522328485639],[-74.158173059999967,4.6121885338485935],[-74.157983596999941,4.6106791238486524],[-74.157920170999944,4.6103438528486871],[-74.157885347999979,4.6101792398486507],[-74.157634580999968,4.6084991768487287],[-74.157421767999949,4.6072950188487534],[-74.157349901999964,4.606654497848794],[-74.157201157999964,4.6056308868488385],[-74.157038631999967,4.6048098238488171],[-74.156940072999987,4.6044422958488598],[-74.15669472899998,4.6029651528489213],[-74.156354790999956,4.6017696628489144],[-74.156233498999939,4.6011204948489342],[-74.155663578999963,4.5992811958490201],[-74.155662499999949,4.599275847849019],[-74.155654715999958,4.5992551018489927],[-74.154937215999951,4.5974312158491015],[-74.154767613999979,4.5971486898490728],[-74.153963869999984,4.5955866118491189],[-74.153725351999981,4.595270528849162],[-74.152543248999962,4.5937420518491887],[-74.152504557999976,4.5937027468492131],[-74.152419905999977,4.5936342568492279],[-74.151077251999936,4.592493984849221],[-74.149894806999953,4.5918976158492502],[-74.149437627999987,4.5916543358492543],[-74.14909295199999,4.5915419768492383],[-74.14755930299998,4.5912296568492748],[-74.146736593999947,4.5911362248493086],[-74.145412306999958,4.5912720458492542],[-74.144722375999947,4.5913249858492984],[-74.142949559999977,4.5918633358492844],[-74.142914192999967,4.5918717698492797],[-74.142852715999936,4.5918982958492771],[-74.141251426999986,4.5926712458492549],[-74.139840302999971,4.5935785028492129],[-74.139698267999961,4.5936611848491804],[-74.139579325999989,4.593743298849188],[-74.138255953999987,4.5948437478491844],[-74.137394445999973,4.595588196849123],[-74.136883276999981,4.5961473218491102],[-74.135636764999958,4.5974330528490599],[-74.135559781999973,4.5975363678490453],[-74.135188898999957,4.5979744498490493],[-74.134298617999946,4.5990337348490087],[-74.134069254999986,4.5992778898490272],[-74.133072458999948,4.6005919348489934],[-74.132603202999974,4.6011227158489358],[-74.131857795999963,4.602170119848914],[-74.131174187999989,4.6029675358489035],[-74.13064049999997,4.6037437368488821],[-74.129731310999944,4.6048123528488478],[-74.129407843999957,4.605290669848821],[-74.128239575999942,4.6066571718487692],[-74.128149241999949,4.606792521848754],[-74.127673494999954,4.6073487908487589],[-74.126890059999937,4.6082933738487082],[-74.126671552999937,4.6085019928487307],[-74.125629299999957,4.6097914898486483],[-74.125069982999946,4.6103468118486592],[-74.124368601999947,4.6112897228486078],[-74.123576700999934,4.6121916208485718],[-74.123153649999949,4.6128674558485887],[-74.122366116999956,4.6140364088485386],[-74.12206428199994,4.6146634288485435],[-74.121491159999948,4.6158811738484653],[-74.121164822999958,4.6167894228484547],[-74.120855252999945,4.6177259228483871],[-74.120432342999948,4.6192055918483907],[-74.120337771999971,4.6195706648483368],[-74.120057661999965,4.6205870808483276],[-74.119877520999978,4.621415401848278],[-74.119803892999983,4.6218025448482702],[-74.119526733999976,4.6232601328482241],[-74.119227021999961,4.6244891368482159],[-74.119098601999951,4.6251048688481697],[-74.11871899199997,4.6266037668481461],[-74.118675485999972,4.6269496028481392],[-74.118644359999962,4.627165671848104],[-74.118415589999984,4.6287943268480483],[-74.118153447999987,4.6300016508480146],[-74.118133667999984,4.6306390528479877],[-74.118272054999977,4.6310704198479984],[-74.118932686999983,4.6313557518479751]]],[[[-74.062133832999962,4.6322573378479373],[-74.060193967999965,4.6323941118479386],[-74.060096803999954,4.6324064568479493],[-74.059483204999935,4.6324847008479564],[-74.058114669999952,4.6326509828479594],[-74.057868782999947,4.6327456738479142],[-74.056381284999986,4.6333278478478874],[-74.054923025999983,4.6341756698478811],[-74.054789310999979,4.6342504988479023],[-74.054687529999967,4.6343292718478866],[-74.053330051999978,4.6354038218478513],[-74.05257854499996,4.6361739098477983],[-74.052020745999982,4.6368177828477748],[-74.051234139999963,4.6380185698477545],[-74.05092514599994,4.6386031898477125],[-74.050419676999979,4.6398632488476776],[-74.050137691999964,4.6409241878476593],[-74.049963805999937,4.6417079408476409],[-74.049906131999933,4.6428939988475717],[-74.049850231999983,4.6435526458475769],[-74.049917564999987,4.6442312548475284],[-74.050021920999939,4.6453973608475225],[-74.050213467999981,4.6460490928474929],[-74.050556379999989,4.6472420908474792],[-74.05105445099997,4.6482768388474369],[-74.05148098899997,4.6490868348473962],[-74.052158923999968,4.6500467088473494],[-74.052908903999935,4.6509315948473207],[-74.053454956999985,4.6514837018473347],[-74.05461521899997,4.6523960398472832],[-74.054910870999947,4.6526428648473139],[-74.055143217999955,4.6527763778472826],[-74.056513992999953,4.6535462158472596],[-74.057628996999938,4.6539444418472584],[-74.058273217999954,4.6541782998472536],[-74.06007464299995,4.6545053948472281],[-74.060198413999956,4.6545219568472147],[-74.062213266999947,4.6545327358471917],[-74.062321619999977,4.654521512847194],[-74.064148795999984,4.6542070968472213],[-74.064739944999985,4.6540081938472158],[-74.065919659999963,4.6535952738472561],[-74.067430219999949,4.6527766608473025],[-74.067538323999941,4.6527189328473035],[-74.067658088999963,4.6526262558473128],[-74.069028839999987,4.6516198828472906],[-74.069764663999933,4.6509319818473216],[-74.070381643999951,4.6502814998473712],[-74.071356453999954,4.6490872888473751],[-74.071593003999965,4.6486973028474239],[-74.072421978999955,4.6472425878474501],[-74.072605277999969,4.6467671108474544],[-74.073193711999977,4.6453978838475001],[-74.073392039999987,4.6444450008475684],[-74.073639257999957,4.6435531768475879],[-74.073720867999953,4.6420898978476313],[-74.073737316999939,4.6417084688476224],[-74.073647963999974,4.6412003288476749],[-74.073492422999948,4.6398637568477028],[-74.073270933999936,4.6391824588477091],[-74.072789434999947,4.638019042847751],[-74.072296270999971,4.6371869588478081],[-74.071537461999981,4.6361743238477935],[-74.071062832999985,4.6356411958478301],[-74.069928041999958,4.63473521284787],[-74.069616680999957,4.6344651138478437],[-74.069388386999947,4.6343295938478937],[-74.068024799999989,4.6335423018478794],[-74.066867117999948,4.6331048298479045],[-74.066288548999978,4.6328703908479136],[-74.064616538999985,4.6324848128479612],[-74.064415318999977,4.6324365358479493],[-74.064355716999955,4.632429495847938],[-74.062395971999933,4.632256610847957],[-74.062133832999962,4.6322573378479373]]]]},"properties":{"objectid":67,"id":4,"temperatura":16.086628409999999,"periodo":"Anual","ano":2023,"sdagis_temp_anualprom_area":20457795.554811601,"fecha_ini":1672531200000,"fecha_fin":1703980800000,"st_area(shape)":0.0016672873600753902,"st_perimeter(shape)":0.20938418618831628}}]}