{
"type": "FeatureCollection",
"name": "Temperatura_Promedio_2024",
"crs": { "type": "name", "properties": { "name": "urn:ogc:def:crs:EPSG::4686" } },
"features": [
{ "type": "Feature", "properties": { "id": 2, "temperatur": 14.81634153, "periodo": "Anual", "ano": 2024, "fecha_ini": "2024-01-01", "fecha_fin": "2024-12-31", "st_area_sh": 0.00219868582, "st_perimet": 0.36560346138 }, "geometry": { "type": "MultiPolygon", "coordinates": [ [ [ [ -74.008184192999977, 4.725346854000065 ], [ -74.008245855999974, 4.725045689000069 ], [ -74.008180960999937, 4.724517570000046 ], [ -74.00818140399997, 4.724515732000043 ], [ -74.00826946899997, 4.724150188000067 ], [ -74.008307068999954, 4.723319555000046 ], [ -74.008238160999952, 4.722852433000071 ], [ -74.008224616999939, 4.722778853000023 ], [ -74.008223667999971, 4.722773700000062 ], [ -74.008301673999938, 4.721854778000022 ], [ -74.008348822999949, 4.721217239000055 ], [ -74.008350915999983, 4.721207738000032 ], [ -74.008408172999964, 4.72094779400004 ], [ -74.008437916999981, 4.720678914000075 ], [ -74.00844981399996, 4.720505213000024 ], [ -74.008448424999983, 4.720244564000041 ], [ -74.008425820999946, 4.720029222000051 ], [ -74.00847519499996, 4.719923337000068 ], [ -74.008579533999978, 4.719777417000046 ], [ -74.008720898999968, 4.719575574000032 ], [ -74.008797809999976, 4.719395553000027 ], [ -74.008894892999933, 4.719174738000049 ], [ -74.008936770999981, 4.719039584000029 ], [ -74.00896722799996, 4.718913950000058 ], [ -74.009020858999975, 4.718733584000063 ], [ -74.009063159999982, 4.718695951000029 ], [ -74.009147923999933, 4.718676726000069 ], [ -74.009168781999961, 4.718652454000051 ], [ -74.009165475999964, 4.718628136000063 ], [ -74.009140491999972, 4.718605531000037 ], [ -74.009077736999984, 4.718579273000046 ], [ -74.009048907999954, 4.71852513400006 ], [ -74.009025350999934, 4.718439996000029 ], [ -74.008978688999946, 4.71840684600005 ], [ -74.008894194999982, 4.718367052000076 ], [ -74.008861334999949, 4.718318317000069 ], [ -74.008801064999943, 4.718167442000038 ], [ -74.00860718499996, 4.717993103000026 ], [ -74.008452704999968, 4.717844470000045 ], [ -74.008287995999979, 4.717773439000041 ], [ -74.008092338999973, 4.717568562000054 ], [ -74.007932658999948, 4.717451978000042 ], [ -74.00758979799997, 4.717357266000022 ], [ -74.007431801999985, 4.717222113000048 ], [ -74.007214241999975, 4.716945548000069 ], [ -74.007100552999987, 4.716865851000023 ], [ -74.007082998999977, 4.716848903000027 ], [ -74.007082201999935, 4.716848133000042 ], [ -74.007050319999962, 4.716730295000048 ], [ -74.007047011999987, 4.716374931000075 ], [ -74.007053356999961, 4.716336597000065 ], [ -74.007055350999963, 4.716335467000022 ], [ -74.00705891299998, 4.716333447000068 ], [ -74.007290909999938, 4.716357241000026 ], [ -74.007560518999981, 4.716405264000059 ], [ -74.007670150999957, 4.716412443000024 ], [ -74.007765660999951, 4.716359330000046 ], [ -74.007967019999967, 4.716224349000072 ], [ -74.008276609999939, 4.716062859000033 ], [ -74.008453871999961, 4.715949758000022 ], [ -74.008650404999969, 4.715871863000075 ], [ -74.008844205999935, 4.715824527000052 ], [ -74.009114171999954, 4.715854580000041 ], [ -74.009333881999964, 4.715740729000061 ], [ -74.009508098999959, 4.715647768000053 ], [ -74.009547578999957, 4.715605031000052 ], [ -74.009558998999978, 4.715567857000053 ], [ -74.009554156999968, 4.715444599000023 ], [ -74.009553934999985, 4.715438936000055 ], [ -74.009563828999944, 4.715436460000035 ], [ -74.009576640999967, 4.715425093000022 ], [ -74.009582906999981, 4.715423470000076 ], [ -74.009777637999946, 4.715246743000023 ], [ -74.009796293999955, 4.715230223000049 ], [ -74.009831588999987, 4.715074794000031 ], [ -74.009895849999964, 4.71479594300007 ], [ -74.009898860999954, 4.714791833000049 ], [ -74.009946821999961, 4.714726366000036 ], [ -74.009946070999945, 4.714607428000022 ], [ -74.009946022999941, 4.714599799000041 ], [ -74.010211694999953, 4.713617400000032 ], [ -74.01030254899996, 4.713174604000073 ], [ -74.010333581999987, 4.713023363000048 ], [ -74.010335975999965, 4.713021138000045 ], [ -74.010480294999979, 4.712887034000062 ], [ -74.010576923999963, 4.712689472000022 ], [ -74.010638964999941, 4.712636651000025 ], [ -74.010729860999959, 4.712593637000055 ], [ -74.01076194999996, 4.712545840000075 ], [ -74.01075481099997, 4.71251490700007 ], [ -74.010725357999945, 4.712392645000023 ], [ -74.010665095999968, 4.712229758000035 ], [ -74.010590096999977, 4.711442918000046 ], [ -74.010545418999982, 4.711308520000046 ], [ -74.010534747999941, 4.711239113000033 ], [ -74.010533557999963, 4.711231373000032 ], [ -74.010703638999985, 4.710552100000029 ], [ -74.010706726999956, 4.710549090000029 ], [ -74.010764922999954, 4.71049236600004 ], [ -74.010992217999956, 4.710371156000065 ], [ -74.011096858999963, 4.71022229700003 ], [ -74.011375255999951, 4.70977257900006 ], [ -74.011513263999973, 4.709087294000028 ], [ -74.011651272999984, 4.708478152000055 ], [ -74.011732173999974, 4.707759554000063 ], [ -74.011776641999973, 4.70677037300004 ], [ -74.011889681999946, 4.705289659000073 ], [ -74.011911117999944, 4.705065615000024 ], [ -74.011912592999977, 4.705050200000073 ], [ -74.012081950999971, 4.704364058000067 ], [ -74.012093643999947, 4.704316603000052 ], [ -74.012094770999965, 4.704314131000046 ], [ -74.012562409999987, 4.703311267000061 ], [ -74.012563395999962, 4.703308866000043 ], [ -74.012929153999949, 4.702463253000076 ], [ -74.012951052999938, 4.702250583000023 ], [ -74.012952884999947, 4.702248619000045 ], [ -74.012971833999984, 4.702228299000069 ], [ -74.013096828999949, 4.702228142000024 ], [ -74.013172779999934, 4.702206825000076 ], [ -74.013208678999945, 4.70216778200006 ], [ -74.013248294999983, 4.702117811000051 ], [ -74.013231068999971, 4.702051908000044 ], [ -74.013192766999964, 4.70199957400007 ], [ -74.01313851499998, 4.701546524000037 ], [ -74.012969557999952, 4.701307219000057 ], [ -74.012967167999989, 4.701297962000069 ], [ -74.012964, 4.70128569000002 ], [ -74.012836146999973, 4.700603504000071 ], [ -74.012837513999955, 4.700599677000071 ], [ -74.012900331999958, 4.700555896000026 ], [ -74.012983136999935, 4.700504499000033 ], [ -74.013095447999945, 4.70047308900007 ], [ -74.013160512999946, 4.700439243000062 ], [ -74.013132447999965, 4.700206471000058 ], [ -74.013088427999946, 4.700082025000029 ], [ -74.013101157999984, 4.699839737000048 ], [ -74.013127331999954, 4.69963034400007 ], [ -74.013131286999965, 4.699608150000074 ], [ -74.013132739999946, 4.699599994000039 ], [ -74.013173391999942, 4.699545325000031 ], [ -74.013420425999982, 4.699219307000021 ], [ -74.013427035999939, 4.699213708000059 ], [ -74.013431375999971, 4.699210032000053 ], [ -74.013434876999952, 4.699206098000047 ], [ -74.013464738999971, 4.699172536000049 ], [ -74.013469655999984, 4.699160038000059 ], [ -74.013474320999933, 4.699148181000055 ], [ -74.013481626999976, 4.699138538000057 ], [ -74.013775775999989, 4.698738088000027 ], [ -74.013784620999957, 4.698731578000036 ], [ -74.013785513999949, 4.69873092000006 ], [ -74.013843548999944, 4.69869712000002 ], [ -74.013860206999937, 4.698634064000032 ], [ -74.013860659999978, 4.698628014000064 ], [ -74.013861117999966, 4.698621905000039 ], [ -74.013969538999959, 4.698474303000069 ], [ -74.013971297999944, 4.698471195000025 ], [ -74.014237522999963, 4.69800310200003 ], [ -74.014299029999961, 4.697316115000035 ], [ -74.014280670999938, 4.697195080000029 ], [ -74.014281693999976, 4.697194998000043 ], [ -74.014319385999954, 4.697191966000048 ], [ -74.014357195999935, 4.697190438000064 ], [ -74.014533652999944, 4.697183307000046 ], [ -74.01460455299997, 4.697181231000059 ], [ -74.014657860999989, 4.69719901000002 ], [ -74.014755655999977, 4.697301090000053 ], [ -74.014809194999941, 4.697301090000053 ], [ -74.01482632699998, 4.697251834000042 ], [ -74.014805354999964, 4.697209472000054 ], [ -74.014777072999948, 4.697144046000062 ], [ -74.014758511999958, 4.69708408300005 ], [ -74.014679989999934, 4.697052435000046 ], [ -74.014644680999936, 4.697028321000062 ], [ -74.01461455499998, 4.696984622000059 ], [ -74.014588379999964, 4.69684542400006 ], [ -74.014589569999941, 4.696670533000031 ], [ -74.014581240999973, 4.696613425000066 ], [ -74.014550308999958, 4.696576544000038 ], [ -74.014482493999935, 4.696542042000033 ], [ -74.014443233999941, 4.696458761000031 ], [ -74.01444450799994, 4.696240117000059 ], [ -74.014422508999985, 4.695796266000059 ], [ -74.014369527999975, 4.69572333900004 ], [ -74.014296078999962, 4.695665607000024 ], [ -74.014205106999952, 4.695618812000021 ], [ -74.01409889699994, 4.695626717000039 ], [ -74.014091666999946, 4.69562406600005 ], [ -74.014739382999949, 4.695202187000064 ], [ -74.015336299999944, 4.694819710000047 ], [ -74.015956534999987, 4.694507033000036 ], [ -74.016960173999962, 4.693952271000057 ], [ -74.018388779999952, 4.693357800000058 ], [ -74.018672070999969, 4.693237834000058 ], [ -74.018839154999966, 4.693187478000027 ], [ -74.020454212999937, 4.692645493000043 ], [ -74.021392491999961, 4.692440015000045 ], [ -74.022328421999987, 4.692213176000052 ], [ -74.023756628999934, 4.69202126700003 ], [ -74.024296351999965, 4.691943753000032 ], [ -74.025970178999955, 4.69186415300004 ], [ -74.026367840999967, 4.691854324000076 ], [ -74.028043601999968, 4.691950504000033 ], [ -74.028567452999937, 4.691987578000067 ], [ -74.030032375999951, 4.692183932000034 ], [ -74.030865886999948, 4.69229258200005 ], [ -74.031984376999958, 4.692481248000036 ], [ -74.033322285999986, 4.692872128000033 ], [ -74.033795987999952, 4.693022498000062 ], [ -74.034618819999935, 4.693358987000067 ], [ -74.035525920999987, 4.693705669000053 ], [ -74.036085222999986, 4.693984432000036 ], [ -74.03717635199996, 4.694526980000035 ], [ -74.038249270999984, 4.695203906000074 ], [ -74.038739944999975, 4.695499181000059 ], [ -74.039345715999957, 4.695961469000054 ], [ -74.040223286999947, 4.696610830000054 ], [ -74.040703919999942, 4.697048746000064 ], [ -74.041619389999937, 4.697874068000033 ], [ -74.042549988999951, 4.698893548000058 ], [ -74.042927092999946, 4.699290915000063 ], [ -74.044093719999978, 4.700738329000046 ], [ -74.044161784999972, 4.700834632000067 ], [ -74.045231348999948, 4.702583089000029 ], [ -74.045252949999963, 4.702627746000076 ], [ -74.046022402999938, 4.704427831000032 ], [ -74.046155490999979, 4.704748621000022 ], [ -74.046751680999989, 4.706272570000067 ], [ -74.046975251999982, 4.707013341000049 ], [ -74.04730726799994, 4.708117300000026 ], [ -74.047615078999968, 4.709590718000072 ], [ -74.047697939999978, 4.70996202200007 ], [ -74.047787438999933, 4.710632921000069 ], [ -74.047951214999955, 4.711806738000064 ], [ -74.047986815999934, 4.712633935000042 ], [ -74.048060820999979, 4.713651448000064 ], [ -74.048044528999981, 4.714769407000063 ], [ -74.048021895999966, 4.715496152000071 ], [ -74.047910223999963, 4.716456158000028 ], [ -74.04783028099996, 4.717340849000038 ], [ -74.047742347999986, 4.717933924000022 ], [ -74.047515936999957, 4.719185541000058 ], [ -74.047166502999971, 4.720622845000037 ], [ -74.047045683999954, 4.72103022500005 ], [ -74.046519278999938, 4.722562139000047 ], [ -74.046417792999989, 4.722874903000047 ], [ -74.046387605999939, 4.722958888000051 ], [ -74.045612525999957, 4.724719571000037 ], [ -74.045464288999938, 4.725043954000057 ], [ -74.044606427999952, 4.726564228000029 ], [ -74.044413781999936, 4.726907979000032 ], [ -74.043367039999964, 4.728408873000035 ], [ -74.043252507999966, 4.728579513000057 ], [ -74.042630274999965, 4.729319386000043 ], [ -74.04199704499996, 4.730087361000074 ], [ -74.041822597999953, 4.730253499000071 ], [ -74.040657408999948, 4.731448931000045 ], [ -74.039847207999969, 4.73209810000003 ], [ -74.039222279999933, 4.732644548000053 ], [ -74.038189565999971, 4.733346001000029 ], [ -74.037698014999989, 4.733685260000073 ], [ -74.037207988999967, 4.733942655000021 ], [ -74.036095449999948, 4.734589895000056 ], [ -74.035098440999946, 4.735027673000047 ], [ -74.034397819999981, 4.735329317000037 ], [ -74.03293823599995, 4.73578709700007 ], [ -74.032596646999934, 4.735888789000057 ], [ -74.032463560999986, 4.73591661200004 ], [ -74.030681776999984, 4.736250658000074 ], [ -74.030108091999978, 4.736320078000062 ], [ -74.028557822999971, 4.736249144000055 ], [ -74.028011932999959, 4.736273004000054 ], [ -74.026438627999937, 4.73625589300002 ], [ -74.025913721999984, 4.736229491000074 ], [ -74.024183137999955, 4.73602575700005 ], [ -74.023928510999951, 4.735989646000064 ], [ -74.022069829999964, 4.736042725000061 ], [ -74.021773112999938, 4.736045477000062 ], [ -74.021031764999975, 4.735786227000062 ], [ -74.01999227899995, 4.735450549000063 ], [ -74.019477204999987, 4.73522661800007 ], [ -74.018288376999976, 4.734721963000027 ], [ -74.016859027999942, 4.733941171000026 ], [ -74.016670385999987, 4.73384412300004 ], [ -74.01649161399996, 4.733727500000043 ], [ -74.015111530999945, 4.732863546000033 ], [ -74.014116147999971, 4.732096222000052 ], [ -74.013635969999939, 4.731738265000047 ], [ -74.012775247999969, 4.730958204000046 ], [ -74.012233532999971, 4.730485949000069 ], [ -74.012005160999934, 4.730251321000026 ], [ -74.010899065999979, 4.729115552000053 ], [ -74.010314704999985, 4.728406456000073 ], [ -74.009655646999988, 4.727586983000037 ], [ -74.008941387999982, 4.726561618000062 ], [ -74.008504365999954, 4.725898347000054 ], [ -74.008184192999977, 4.725346854000065 ] ], [ [ -74.029296952999971, 4.70452866200003 ], [ -74.027490732999979, 4.704875617000027 ], [ -74.026729428999943, 4.705300739000052 ], [ -74.025863871999945, 4.70573790900005 ], [ -74.025266439999939, 4.706271289000028 ], [ -74.024515435999945, 4.70708412700003 ], [ -74.023854195999945, 4.70811588600003 ], [ -74.023524488999954, 4.70905169100007 ], [ -74.023242942999957, 4.709960544000069 ], [ -74.023216420999972, 4.711404447000064 ], [ -74.023207846999981, 4.71180524600004 ], [ -74.023435549999988, 4.712587014000064 ], [ -74.023705544999984, 4.713649989000032 ], [ -74.023860552999963, 4.713974222000047 ], [ -74.02491544999998, 4.715494787000068 ], [ -74.025029938999978, 4.715631408000036 ], [ -74.02530150299998, 4.715830138000058 ], [ -74.026498113999935, 4.716769470000031 ], [ -74.028049529999976, 4.717339722000077 ], [ -74.028247478999958, 4.71741898700003 ], [ -74.028346356999975, 4.717432319000068 ], [ -74.030308252999987, 4.717527440000026 ], [ -74.030510103999973, 4.717503092000072 ], [ -74.031009778999987, 4.717339927000069 ], [ -74.032327412999962, 4.716971751000074 ], [ -74.033002241999952, 4.716535692000036 ], [ -74.033872566999946, 4.71596740800004 ], [ -74.034280407999972, 4.715495433000058 ], [ -74.035128610999948, 4.714460597000027 ], [ -74.035527655999942, 4.713650804000054 ], [ -74.035964726999964, 4.712223961000063 ], [ -74.036050617999933, 4.71180613000007 ], [ -74.036030549999964, 4.711274006000053 ], [ -74.036023847999957, 4.709961424000028 ], [ -74.035544525999967, 4.708429453000065 ], [ -74.035421566999958, 4.708116682000025 ], [ -74.034452699999974, 4.706637498000021 ], [ -74.034033161999957, 4.706271892000075 ], [ -74.033023, 4.705432616000053 ], [ -74.031740377999938, 4.704881994000061 ], [ -74.031309448999934, 4.704720929000075 ], [ -74.029405911999959, 4.704514440000025 ], [ -74.029296952999971, 4.70452866200003 ] ] ], [ [ [ -74.081197356999951, 4.555307042000038 ], [ -74.081535655999971, 4.555295010000066 ], [ -74.083264344999975, 4.555403737000063 ], [ -74.083764397999971, 4.555479434000063 ], [ -74.085168238999984, 4.555783915000063 ], [ -74.086285863999933, 4.556172630000049 ], [ -74.086926530999961, 4.55641717900005 ], [ -74.087705407999977, 4.556851671000061 ], [ -74.088553977999936, 4.557277875000068 ], [ -74.089399932999982, 4.557895798000061 ], [ -74.090050686999973, 4.55836582400002 ], [ -74.090378678999969, 4.558696343000065 ], [ -74.091416587999959, 4.559681151000063 ], [ -74.092065128999934, 4.560541024000031 ], [ -74.092629198999987, 4.561262933000023 ], [ -74.093260520999934, 4.562385712000037 ], [ -74.093655916999978, 4.563167845000066 ], [ -74.094041447999984, 4.564230408000071 ], [ -74.094456694999963, 4.565465496000058 ], [ -74.094604624999988, 4.566075108000064 ], [ -74.094782075999944, 4.567250194000053 ], [ -74.094908668999949, 4.567919814000049 ], [ -74.094936091999955, 4.568321784000034 ], [ -74.094985622999957, 4.569764525000039 ], [ -74.094854877999978, 4.571065998000051 ], [ -74.094822389999933, 4.571609242000022 ], [ -74.094610559999978, 4.572577203000037 ], [ -74.09442323899998, 4.573453964000066 ], [ -74.09430198299998, 4.573794339000074 ], [ -74.093763354999965, 4.575298693000036 ], [ -74.09343015099995, 4.575968372000034 ], [ -74.092782067999963, 4.577143427000067 ], [ -74.092353160999949, 4.577785848000076 ], [ -74.091389149999941, 4.578988168000024 ], [ -74.091107787999988, 4.579310680000049 ], [ -74.090336846999946, 4.58000566000004 ], [ -74.089717230999952, 4.580583190000027 ], [ -74.08934439799998, 4.580832917000066 ], [ -74.088196364999988, 4.581629225000029 ], [ -74.086921057999973, 4.582253261000062 ], [ -74.086537319999934, 4.582435107000038 ], [ -74.08573740199995, 4.582677681000064 ], [ -74.084744685999965, 4.583008809000034 ], [ -74.08430963099994, 4.583102738000036 ], [ -74.082797554999956, 4.583313988000043 ], [ -74.082035916999985, 4.58336521800004 ], [ -74.080667193999943, 4.583300702000031 ], [ -74.079980131999946, 4.583248907000041 ], [ -74.078303461999951, 4.58288179300007 ], [ -74.078094204999957, 4.582837366000035 ], [ -74.07766490399996, 4.582677728000021 ], [ -74.076340117999962, 4.582196676000024 ], [ -74.075530903999947, 4.581752298000026 ], [ -74.074709284999983, 4.581341765000047 ], [ -74.073979641999983, 4.580833006000034 ], [ -74.07320834099994, 4.580261102000065 ], [ -74.071856019999984, 4.578988280000033 ], [ -74.071832521999966, 4.578962971000067 ], [ -74.071736140999974, 4.578846070000054 ], [ -74.070565069999986, 4.577476497000021 ], [ -74.070324487999983, 4.577143554000031 ], [ -74.069481714999938, 4.575670061000039 ], [ -74.069279864999942, 4.575298830000065 ], [ -74.068594185999984, 4.573523278000039 ], [ -74.068566981999936, 4.573454108000021 ], [ -74.068519871999968, 4.573255767000035 ], [ -74.068107918999942, 4.571609390000049 ], [ -74.068037645999937, 4.57080122800005 ], [ -74.067909767999936, 4.569764674000055 ], [ -74.067940672999953, 4.568559522000044 ], [ -74.06796137799995, 4.567919962000076 ], [ -74.06813152899997, 4.566948713000045 ], [ -74.068253733999939, 4.566075253000065 ], [ -74.068372957999941, 4.565621393000072 ], [ -74.068807923999941, 4.564230545000044 ], [ -74.069169928999941, 4.563317160000054 ], [ -74.069620635999968, 4.562385842000026 ], [ -74.070189363999987, 4.561399612000059 ], [ -74.070815010999979, 4.560541140000055 ], [ -74.071391959999971, 4.559800439000071 ], [ -74.072648036999965, 4.558696442000041 ], [ -74.072797910999952, 4.55855473500003 ], [ -74.073066665999988, 4.558371021000028 ], [ -74.074281399999961, 4.557443812000031 ], [ -74.075379419999933, 4.55685174000007 ], [ -74.075894868999967, 4.556558816000063 ], [ -74.07632805999998, 4.556391724000036 ], [ -74.077627743999983, 4.555881369000076 ], [ -74.07891822299996, 4.555579084000044 ], [ -74.079503692999936, 4.555452604000038 ], [ -74.081197356999951, 4.555307042000038 ] ] ], [ [ [ -74.076135144999967, 4.663719919000073 ], [ -74.075739427999963, 4.662000274000036 ], [ -74.075675286999967, 4.660829689000025 ], [ -74.075670271999968, 4.660155565000025 ], [ -74.075763087999974, 4.659634023000024 ], [ -74.075908526999967, 4.65831085800005 ], [ -74.076330452999969, 4.656930614000032 ], [ -74.076462536999941, 4.656466150000028 ], [ -74.077233369999988, 4.654810368000028 ], [ -74.077335816999948, 4.654621442000064 ], [ -74.078351725999937, 4.653064540000059 ], [ -74.078603487999942, 4.652776732000063 ], [ -74.079628540999977, 4.651594105000072 ], [ -74.080442155999947, 4.650932018000049 ], [ -74.081051706999972, 4.650378017000037 ], [ -74.082060499999955, 4.649732810000046 ], [ -74.082615940999972, 4.649407095000072 ], [ -74.08344268999997, 4.649087291000058 ], [ -74.084322855999972, 4.648684140000057 ], [ -74.084889186999987, 4.648506185000031 ], [ -74.086203123999951, 4.648262449000072 ], [ -74.087218260999975, 4.648147840000036 ], [ -74.088299977999952, 4.648217152000029 ], [ -74.089257612999972, 4.648293014000046 ], [ -74.090708094999968, 4.648712773000057 ], [ -74.091081496999948, 4.648812666000026 ], [ -74.091638324999963, 4.649087174000044 ], [ -74.092740985999967, 4.649618038000028 ], [ -74.093811099999982, 4.650415969000051 ], [ -74.094236415999944, 4.650708544000054 ], [ -74.094475602999978, 4.650931820000039 ], [ -74.095578020999938, 4.652066406000074 ], [ -74.096132746999956, 4.65277648700004 ], [ -74.096740133999958, 4.653736231000039 ], [ -74.097231635999947, 4.654621165000037 ], [ -74.097677600999987, 4.655796503000033 ], [ -74.097923631999947, 4.656465855000022 ], [ -74.098210976999951, 4.658062040000061 ], [ -74.098260751999987, 4.658310553000035 ], [ -74.098259197999937, 4.658475285000065 ], [ -74.098304175999942, 4.660155260000067 ], [ -74.09807092899996, 4.66150790100005 ], [ -74.097980265999979, 4.66199997800004 ], [ -74.097279354999955, 4.663821565000035 ], [ -74.097268961999987, 4.66384470600002 ], [ -74.096180857999968, 4.665601883000022 ], [ -74.096111983999947, 4.665689447000034 ], [ -74.094858282999951, 4.666992812000046 ], [ -74.094153693999942, 4.667534204000049 ], [ -74.093373421999956, 4.668101732000025 ], [ -74.092460086999949, 4.668554001000075 ], [ -74.091744115999973, 4.668959642000061 ], [ -74.090533929999935, 4.669378988000062 ], [ -74.08997285199996, 4.669570863000047 ], [ -74.089728604999948, 4.669611606000046 ], [ -74.088063847999933, 4.669942721000041 ], [ -74.087389933999987, 4.669986515000062 ], [ -74.085998638999968, 4.670043122000038 ], [ -74.085256483999956, 4.67000476100003 ], [ -74.083747053999957, 4.669819631000053 ], [ -74.08328652299997, 4.669738874000075 ], [ -74.082112153999958, 4.669379094000021 ], [ -74.081476927999972, 4.669194284000071 ], [ -74.081174866999959, 4.669038975000035 ], [ -74.079826161999961, 4.66837367100004 ], [ -74.078783000999977, 4.667534400000022 ], [ -74.07836580299994, 4.667222159000062 ], [ -74.077218272999971, 4.665852389000065 ], [ -74.077104832999964, 4.665724140000066 ], [ -74.077084584999966, 4.665689693000047 ], [ -74.076888572999962, 4.665279413000064 ], [ -74.076180932999989, 4.663844983000047 ], [ -74.076135144999967, 4.663719919000073 ] ], [ [ -74.085559454999952, 4.65452252800003 ], [ -74.084777373999941, 4.654621404000068 ], [ -74.083565337999971, 4.654746393000039 ], [ -74.083364313999937, 4.654845801000022 ], [ -74.081982595999989, 4.655685170000027 ], [ -74.081383717999984, 4.65646614000002 ], [ -74.080884883999943, 4.657466872000043 ], [ -74.08060298099997, 4.658310853000046 ], [ -74.080673428999944, 4.659522332000051 ], [ -74.080781879999961, 4.660155560000021 ], [ -74.081569463999983, 4.661654561000034 ], [ -74.082067302999974, 4.66200026100006 ], [ -74.083057065999981, 4.662758710000048 ], [ -74.084092690999967, 4.663041571000065 ], [ -74.084993195999971, 4.663083363000055 ], [ -74.086171628999978, 4.662965070000041 ], [ -74.08764300699994, 4.662167681000028 ], [ -74.087793678999958, 4.662094575000026 ], [ -74.087889701999984, 4.662000199000033 ], [ -74.088995832999956, 4.660494381000035 ], [ -74.089156622999951, 4.660155471000053 ], [ -74.089226492999956, 4.659415672000023 ], [ -74.08937825199996, 4.658310759000074 ], [ -74.088753179999969, 4.656548746000055 ], [ -74.088709735999942, 4.65646606200005 ], [ -74.087425423999946, 4.655166813000051 ], [ -74.085948059999964, 4.654621391000035 ], [ -74.085674038999969, 4.654521127000066 ], [ -74.085559454999952, 4.65452252800003 ] ] ] ] } },
{ "type": "Feature", "properties": { "id": 1, "temperatur": 14.39312293, "periodo": "Anual", "ano": 2024, "fecha_ini": "2024-01-01", "fecha_fin": "2024-12-31", "st_area_sh": 0.00018933832, "st_perimet": 0.06796826138000001 }, "geometry": { "type": "MultiPolygon", "coordinates": [ [ [ [ -74.029296952999971, 4.70452866200003 ], [ -74.029405911999959, 4.704514440000025 ], [ -74.031309448999934, 4.704720929000075 ], [ -74.031740377999938, 4.704881994000061 ], [ -74.033023, 4.705432616000053 ], [ -74.034033161999957, 4.706271892000075 ], [ -74.034452699999974, 4.706637498000021 ], [ -74.035421566999958, 4.708116682000025 ], [ -74.035544525999967, 4.708429453000065 ], [ -74.036023847999957, 4.709961424000028 ], [ -74.036030549999964, 4.711274006000053 ], [ -74.036050617999933, 4.71180613000007 ], [ -74.035964726999964, 4.712223961000063 ], [ -74.035527655999942, 4.713650804000054 ], [ -74.035128610999948, 4.714460597000027 ], [ -74.034280407999972, 4.715495433000058 ], [ -74.033872566999946, 4.71596740800004 ], [ -74.033002241999952, 4.716535692000036 ], [ -74.032327412999962, 4.716971751000074 ], [ -74.031009778999987, 4.717339927000069 ], [ -74.030510103999973, 4.717503092000072 ], [ -74.030308252999987, 4.717527440000026 ], [ -74.028346356999975, 4.717432319000068 ], [ -74.028247478999958, 4.71741898700003 ], [ -74.028049529999976, 4.717339722000077 ], [ -74.026498113999935, 4.716769470000031 ], [ -74.02530150299998, 4.715830138000058 ], [ -74.025029938999978, 4.715631408000036 ], [ -74.02491544999998, 4.715494787000068 ], [ -74.023860552999963, 4.713974222000047 ], [ -74.023705544999984, 4.713649989000032 ], [ -74.023435549999988, 4.712587014000064 ], [ -74.023207846999981, 4.71180524600004 ], [ -74.023216420999972, 4.711404447000064 ], [ -74.023242942999957, 4.709960544000069 ], [ -74.023524488999954, 4.70905169100007 ], [ -74.023854195999945, 4.70811588600003 ], [ -74.024515435999945, 4.70708412700003 ], [ -74.025266439999939, 4.706271289000028 ], [ -74.025863871999945, 4.70573790900005 ], [ -74.026729428999943, 4.705300739000052 ], [ -74.027490732999979, 4.704875617000027 ], [ -74.029296952999971, 4.70452866200003 ] ] ], [ [ [ -74.085559454999952, 4.65452252800003 ], [ -74.085674038999969, 4.654521127000066 ], [ -74.085948059999964, 4.654621391000035 ], [ -74.087425423999946, 4.655166813000051 ], [ -74.088709735999942, 4.65646606200005 ], [ -74.088753179999969, 4.656548746000055 ], [ -74.08937825199996, 4.658310759000074 ], [ -74.089226492999956, 4.659415672000023 ], [ -74.089156622999951, 4.660155471000053 ], [ -74.088995832999956, 4.660494381000035 ], [ -74.087889701999984, 4.662000199000033 ], [ -74.087793678999958, 4.662094575000026 ], [ -74.08764300699994, 4.662167681000028 ], [ -74.086171628999978, 4.662965070000041 ], [ -74.084993195999971, 4.663083363000055 ], [ -74.084092690999967, 4.663041571000065 ], [ -74.083057065999981, 4.662758710000048 ], [ -74.082067302999974, 4.66200026100006 ], [ -74.081569463999983, 4.661654561000034 ], [ -74.080781879999961, 4.660155560000021 ], [ -74.080673428999944, 4.659522332000051 ], [ -74.08060298099997, 4.658310853000046 ], [ -74.080884883999943, 4.657466872000043 ], [ -74.081383717999984, 4.65646614000002 ], [ -74.081982595999989, 4.655685170000027 ], [ -74.083364313999937, 4.654845801000022 ], [ -74.083565337999971, 4.654746393000039 ], [ -74.084777373999941, 4.654621404000068 ], [ -74.085559454999952, 4.65452252800003 ] ] ] ] } },
{ "type": "Feature", "properties": { "id": 3, "temperatur": 15.53839429, "periodo": "Anual", "ano": 2024, "fecha_ini": "2024-01-01", "fecha_fin": "2024-12-31", "st_area_sh": 0.03485967996, "st_perimet": 1.9390835900500001 }, "geometry": { "type": "MultiPolygon", "coordinates": [ [ [ [ -74.008184192999977, 4.725346854000065 ], [ -74.008504365999954, 4.725898347000054 ], [ -74.008941387999982, 4.726561618000062 ], [ -74.009655646999988, 4.727586983000037 ], [ -74.010314704999985, 4.728406456000073 ], [ -74.010899065999979, 4.729115552000053 ], [ -74.012005160999934, 4.730251321000026 ], [ -74.012233532999971, 4.730485949000069 ], [ -74.012775247999969, 4.730958204000046 ], [ -74.013635969999939, 4.731738265000047 ], [ -74.014116147999971, 4.732096222000052 ], [ -74.015111530999945, 4.732863546000033 ], [ -74.01649161399996, 4.733727500000043 ], [ -74.016670385999987, 4.73384412300004 ], [ -74.016859027999942, 4.733941171000026 ], [ -74.018288376999976, 4.734721963000027 ], [ -74.019477204999987, 4.73522661800007 ], [ -74.01999227899995, 4.735450549000063 ], [ -74.021031764999975, 4.735786227000062 ], [ -74.021773112999938, 4.736045477000062 ], [ -74.022069829999964, 4.736042725000061 ], [ -74.023928510999951, 4.735989646000064 ], [ -74.024183137999955, 4.73602575700005 ], [ -74.025913721999984, 4.736229491000074 ], [ -74.026438627999937, 4.73625589300002 ], [ -74.028011932999959, 4.736273004000054 ], [ -74.028557822999971, 4.736249144000055 ], [ -74.030108091999978, 4.736320078000062 ], [ -74.030681776999984, 4.736250658000074 ], [ -74.032463560999986, 4.73591661200004 ], [ -74.032596646999934, 4.735888789000057 ], [ -74.03293823599995, 4.73578709700007 ], [ -74.034397819999981, 4.735329317000037 ], [ -74.035098440999946, 4.735027673000047 ], [ -74.036095449999948, 4.734589895000056 ], [ -74.037207988999967, 4.733942655000021 ], [ -74.037698014999989, 4.733685260000073 ], [ -74.038189565999971, 4.733346001000029 ], [ -74.039222279999933, 4.732644548000053 ], [ -74.039847207999969, 4.73209810000003 ], [ -74.040657408999948, 4.731448931000045 ], [ -74.041822597999953, 4.730253499000071 ], [ -74.04199704499996, 4.730087361000074 ], [ -74.042630274999965, 4.729319386000043 ], [ -74.043252507999966, 4.728579513000057 ], [ -74.043367039999964, 4.728408873000035 ], [ -74.044413781999936, 4.726907979000032 ], [ -74.044606427999952, 4.726564228000029 ], [ -74.045464288999938, 4.725043954000057 ], [ -74.045612525999957, 4.724719571000037 ], [ -74.046387605999939, 4.722958888000051 ], [ -74.046417792999989, 4.722874903000047 ], [ -74.046519278999938, 4.722562139000047 ], [ -74.047045683999954, 4.72103022500005 ], [ -74.047166502999971, 4.720622845000037 ], [ -74.047515936999957, 4.719185541000058 ], [ -74.047742347999986, 4.717933924000022 ], [ -74.04783028099996, 4.717340849000038 ], [ -74.047910223999963, 4.716456158000028 ], [ -74.048021895999966, 4.715496152000071 ], [ -74.048044528999981, 4.714769407000063 ], [ -74.048060820999979, 4.713651448000064 ], [ -74.047986815999934, 4.712633935000042 ], [ -74.047951214999955, 4.711806738000064 ], [ -74.047787438999933, 4.710632921000069 ], [ -74.047697939999978, 4.70996202200007 ], [ -74.047615078999968, 4.709590718000072 ], [ -74.04730726799994, 4.708117300000026 ], [ -74.046975251999982, 4.707013341000049 ], [ -74.046751680999989, 4.706272570000067 ], [ -74.046155490999979, 4.704748621000022 ], [ -74.046022402999938, 4.704427831000032 ], [ -74.045252949999963, 4.702627746000076 ], [ -74.045231348999948, 4.702583089000029 ], [ -74.044161784999972, 4.700834632000067 ], [ -74.044093719999978, 4.700738329000046 ], [ -74.042927092999946, 4.699290915000063 ], [ -74.042549988999951, 4.698893548000058 ], [ -74.041619389999937, 4.697874068000033 ], [ -74.040703919999942, 4.697048746000064 ], [ -74.040223286999947, 4.696610830000054 ], [ -74.039345715999957, 4.695961469000054 ], [ -74.038739944999975, 4.695499181000059 ], [ -74.038249270999984, 4.695203906000074 ], [ -74.03717635199996, 4.694526980000035 ], [ -74.036085222999986, 4.693984432000036 ], [ -74.035525920999987, 4.693705669000053 ], [ -74.034618819999935, 4.693358987000067 ], [ -74.033795987999952, 4.693022498000062 ], [ -74.033322285999986, 4.692872128000033 ], [ -74.031984376999958, 4.692481248000036 ], [ -74.030865886999948, 4.69229258200005 ], [ -74.030032375999951, 4.692183932000034 ], [ -74.028567452999937, 4.691987578000067 ], [ -74.028043601999968, 4.691950504000033 ], [ -74.026367840999967, 4.691854324000076 ], [ -74.025970178999955, 4.69186415300004 ], [ -74.024296351999965, 4.691943753000032 ], [ -74.023756628999934, 4.69202126700003 ], [ -74.022328421999987, 4.692213176000052 ], [ -74.021392491999961, 4.692440015000045 ], [ -74.020454212999937, 4.692645493000043 ], [ -74.018839154999966, 4.693187478000027 ], [ -74.018672070999969, 4.693237834000058 ], [ -74.018388779999952, 4.693357800000058 ], [ -74.016960173999962, 4.693952271000057 ], [ -74.015956534999987, 4.694507033000036 ], [ -74.015336299999944, 4.694819710000047 ], [ -74.014739382999949, 4.695202187000064 ], [ -74.014091666999946, 4.69562406600005 ], [ -74.014005924999935, 4.695592626000064 ], [ -74.013895778999938, 4.69553219900007 ], [ -74.013645934999943, 4.695246663000034 ], [ -74.013574492999965, 4.695178372000044 ], [ -74.013542766999933, 4.695058177000021 ], [ -74.013486511999986, 4.69493019500004 ], [ -74.013287767999941, 4.694886890000021 ], [ -74.013091251999981, 4.694875496000066 ], [ -74.013056870999947, 4.694873503000053 ], [ -74.012808738999979, 4.694800757000053 ], [ -74.012736981999979, 4.694754115000023 ], [ -74.012735444999976, 4.694753491000029 ], [ -74.01246619799997, 4.694644184000026 ], [ -74.012247287999969, 4.694357697000044 ], [ -74.011907500999939, 4.694077871000047 ], [ -74.011623297999961, 4.693989326000064 ], [ -74.01158008799996, 4.693998874000044 ], [ -74.01150679999995, 4.693989355000042 ], [ -74.011399247999975, 4.693973335000067 ], [ -74.011396555999966, 4.693972127000052 ], [ -74.011347289999946, 4.693890737000061 ], [ -74.011346899999978, 4.693883390000053 ], [ -74.011352980999959, 4.693825810000021 ], [ -74.011370693999936, 4.693744906000063 ], [ -74.011374501999967, 4.693701123000039 ], [ -74.011363080999956, 4.693489828000054 ], [ -74.011358321999978, 4.693340397000043 ], [ -74.011345711999979, 4.693159237000032 ], [ -74.011383067999986, 4.693041537000056 ], [ -74.011429704999955, 4.692989189000059 ], [ -74.011503944999959, 4.692900673000054 ], [ -74.011651470999936, 4.692737918000034 ], [ -74.011897414999964, 4.692437617000053 ], [ -74.01193428199997, 4.692200552000031 ], [ -74.011953956999946, 4.69215484700004 ], [ -74.011997320999967, 4.692126782000059 ], [ -74.012054250999938, 4.692037183000025 ], [ -74.012098983999977, 4.691922969000075 ], [ -74.012133247999941, 4.691861103000065 ], [ -74.012244607999946, 4.691809706000072 ], [ -74.012300596999978, 4.691775107000069 ], [ -74.01237049599996, 4.691749490000063 ], [ -74.012440674999937, 4.691736419000051 ], [ -74.012487311999962, 4.691728805000025 ], [ -74.012520060999975, 4.691700605000051 ], [ -74.012516415999983, 4.691642466000076 ], [ -74.012470304999965, 4.691616243000055 ], [ -74.012394751999977, 4.691597815000023 ], [ -74.012267211999983, 4.691439819000038 ], [ -74.01214485099996, 4.691294600000049 ], [ -74.012143866999963, 4.691293432000066 ], [ -74.011964058999979, 4.690754902000037 ], [ -74.011963891999983, 4.69075306700006 ], [ -74.011956930999986, 4.690676487000076 ], [ -74.011943213999984, 4.69055632900006 ], [ -74.011908529999971, 4.69025252900002 ], [ -74.011881977999963, 4.689881034000052 ], [ -74.011871983999981, 4.68986390200007 ], [ -74.011790129999952, 4.689730176000069 ], [ -74.011651169999936, 4.689447973000028 ], [ -74.011537431999955, 4.689271417000043 ], [ -74.011411376999945, 4.689089043000024 ], [ -74.011348621999957, 4.688906168000074 ], [ -74.011330774999976, 4.688718786000038 ], [ -74.01132185299997, 4.688513558000068 ], [ -74.011311381999974, 4.688195661000066 ], [ -74.011334942999952, 4.687792265000041 ], [ -74.011307812999974, 4.687400922000052 ], [ -74.011290264999957, 4.687294262000023 ], [ -74.011240295999983, 4.687198608000074 ], [ -74.011238154999944, 4.687165772000071 ], [ -74.011241722999955, 4.687132935000022 ], [ -74.011260509999943, 4.687109534000058 ], [ -74.011337662999949, 4.68707302200005 ], [ -74.011415528999976, 4.687019711000062 ], [ -74.011467084999936, 4.686968119000028 ], [ -74.011495798999988, 4.686902720000035 ], [ -74.011525831999961, 4.686782441000048 ], [ -74.011551529999963, 4.686639673000059 ], [ -74.011570089999964, 4.686471207000068 ], [ -74.011580082999956, 4.686394112000073 ], [ -74.011630051999987, 4.686339861000022 ], [ -74.011707145999935, 4.686262766000027 ], [ -74.01179994599994, 4.686147124000058 ], [ -74.011880013999985, 4.686074075000022 ], [ -74.011907634999943, 4.685991771000033 ], [ -74.011892691999947, 4.685834981000028 ], [ -74.011878801999956, 4.685689230000037 ], [ -74.011793431999934, 4.685503718000064 ], [ -74.011686914999984, 4.685341723000022 ], [ -74.011647148999941, 4.685257144000047 ], [ -74.011578262999933, 4.68520755000003 ], [ -74.011387733999982, 4.685099210000033 ], [ -74.011297145999947, 4.684995356000059 ], [ -74.011293663999936, 4.684991398000022 ], [ -74.011292284999968, 4.684989831000053 ], [ -74.011291917999984, 4.684976832000075 ], [ -74.01128635799995, 4.68460727300004 ], [ -74.011246023999945, 4.684252890000039 ], [ -74.01123836499994, 4.684185870000022 ], [ -74.011203444999978, 4.683862562000058 ], [ -74.011055075999934, 4.68366502300006 ], [ -74.011055446999933, 4.683657944000061 ], [ -74.011063971999988, 4.683513978000065 ], [ -74.011109061999946, 4.683428517000038 ], [ -74.011174989999972, 4.683303562000049 ], [ -74.010972636999952, 4.68317743800003 ], [ -74.010914815999968, 4.683115632000067 ], [ -74.010899514999949, 4.683111745000076 ], [ -74.010817852999935, 4.683091005000051 ], [ -74.010766693999983, 4.683087079000074 ], [ -74.010715121999965, 4.683069867000029 ], [ -74.010653789999935, 4.683015634000071 ], [ -74.010531306999951, 4.682931282000027 ], [ -74.010385385999939, 4.682841458000041 ], [ -74.01026778399995, 4.682740895000052 ], [ -74.010182614999962, 4.682703037000067 ], [ -74.010147399999937, 4.682678291000059 ], [ -74.010042703999943, 4.682608811000023 ], [ -74.009997478999935, 4.682572399000037 ], [ -74.009944549999943, 4.682523569000068 ], [ -74.009890180999946, 4.682488742000032 ], [ -74.009825458999956, 4.682460189000039 ], [ -74.009755025999937, 4.682414503000075 ], [ -74.00969149499997, 4.682379431000072 ], [ -74.009634506999987, 4.682350615000075 ], [ -74.009559553999964, 4.682289344000026 ], [ -74.009500067999966, 4.682227478000073 ], [ -74.009458783999946, 4.682179079000036 ], [ -74.009358845999941, 4.682152905000066 ], [ -74.009225818999937, 4.682144949000076 ], [ -74.009085208999977, 4.682081521000043 ], [ -74.008949578999989, 4.682026794000024 ], [ -74.008802052999954, 4.681905442000073 ], [ -74.008556967999937, 4.681788848000053 ], [ -74.008388554999954, 4.681702708000046 ], [ -74.00826578799996, 4.681685848000029 ], [ -74.008120765999934, 4.681653028000028 ], [ -74.008041766999952, 4.681645415000048 ], [ -74.007973524999954, 4.681615386000033 ], [ -74.007891603999951, 4.68156939000005 ], [ -74.007853361999935, 4.681532104000041 ], [ -74.00778840299995, 4.681487608000054 ], [ -74.007745571999976, 4.681453345000023 ], [ -74.007706310999936, 4.681428360000041 ], [ -74.007651344999942, 4.68140623000005 ], [ -74.007601376999958, 4.681391953000059 ], [ -74.007565684999975, 4.681369111000038 ], [ -74.007524281999963, 4.681350551000037 ], [ -74.007471457999941, 4.681334133000064 ], [ -74.007406820999961, 4.681308184000045 ], [ -74.007351307999954, 4.681293452000034 ], [ -74.007312829999989, 4.681266060000041 ], [ -74.006990044999952, 4.681036272000028 ], [ -74.006862506999937, 4.680978214000049 ], [ -74.006688330999964, 4.680974406000075 ], [ -74.006556983999985, 4.680943949000039 ], [ -74.006417070999987, 4.680929672000048 ], [ -74.006304056999966, 4.68092040800002 ], [ -74.00608017199994, 4.680787751000025 ], [ -74.005716805999953, 4.680409916000031 ], [ -74.005597810999973, 4.680293821000021 ], [ -74.005505838999966, 4.68025582000007 ], [ -74.005395080999961, 4.68019007700002 ], [ -74.005331211999987, 4.680173797000066 ], [ -74.005280767999977, 4.680173797000066 ], [ -74.005250310999941, 4.680159996000043 ], [ -74.005215808999935, 4.680120259000034 ], [ -74.005172977999962, 4.680077428000061 ], [ -74.005131337999956, 4.680025081000053 ], [ -74.00510873199994, 4.679998906000037 ], [ -74.005089697999949, 4.67995369700003 ], [ -74.005046087999972, 4.679864405000046 ], [ -74.005012375999968, 4.67983818600004 ], [ -74.004915817999972, 4.679816223000046 ], [ -74.004774893999979, 4.679800936000049 ], [ -74.004645178999965, 4.679779808000035 ], [ -74.004566239999974, 4.679762477000054 ], [ -74.004464765999955, 4.679682464000052 ], [ -74.004358012999944, 4.679668161000052 ], [ -74.004331156999967, 4.679662791000055 ], [ -74.004267046999985, 4.679614338000022 ], [ -74.003898326999945, 4.67912274300005 ], [ -74.003857448999952, 4.67903799000004 ], [ -74.003715263999936, 4.678721510000059 ], [ -74.003590199999962, 4.678317886000059 ], [ -74.003582627999947, 4.678171206000059 ], [ -74.003571417999979, 4.677918170000055 ], [ -74.003432406999934, 4.677574642000025 ], [ -74.003366062999987, 4.677426325000056 ], [ -74.003349038999943, 4.677384938000046 ], [ -74.003341579999983, 4.677371448000031 ], [ -74.003299015999971, 4.67727631300005 ], [ -74.003129587999979, 4.676981933000036 ], [ -74.003110025999945, 4.676954174000059 ], [ -74.003083570999934, 4.676906429000041 ], [ -74.002828989999955, 4.676546565000024 ], [ -74.002676571999984, 4.676184431000024 ], [ -74.00267658599995, 4.676183641000023 ], [ -74.002677121999966, 4.676152519000027 ], [ -74.002654808999978, 4.676131830000031 ], [ -74.002654192999955, 4.676131258000055 ], [ -74.002651703999959, 4.676125347000038 ], [ -74.002472711999985, 4.675793674000033 ], [ -74.002480179999964, 4.675416773000052 ], [ -74.002482167999972, 4.675333794000039 ], [ -74.00248223899996, 4.675330759000076 ], [ -74.002541238999981, 4.674902173000021 ], [ -74.002632161999941, 4.674628465000069 ], [ -74.002683572999956, 4.674477348000039 ], [ -74.00272247099997, 4.674259279000069 ], [ -74.002755729999933, 4.674074543000074 ], [ -74.002822250999941, 4.673695464000048 ], [ -74.002883706999967, 4.673304520000045 ], [ -74.002892532999965, 4.673233130000028 ], [ -74.002894667999954, 4.673230483000054 ], [ -74.002921808999986, 4.673196828000073 ], [ -74.002988910999989, 4.673101174000067 ], [ -74.00302553399996, 4.673014046000048 ], [ -74.003050616999985, 4.672852532000036 ], [ -74.003038620999973, 4.67265474800007 ], [ -74.003045759999964, 4.672397766000074 ], [ -74.003045934999989, 4.672392961000071 ], [ -74.00304638199998, 4.672380664000059 ], [ -74.003066349999983, 4.672295177000024 ], [ -74.003067193999982, 4.672292776000063 ], [ -74.003087265999966, 4.672234306000064 ], [ -74.003349165999964, 4.671508095000036 ], [ -74.003349602999947, 4.671507580000025 ], [ -74.003477631999942, 4.671356751000076 ], [ -74.003550204999954, 4.671253246000049 ], [ -74.003609691999941, 4.671137841000075 ], [ -74.003682265999942, 4.671040283000025 ], [ -74.003704870999968, 4.670987935000028 ], [ -74.003757218999965, 4.670917741000039 ], [ -74.003825032999941, 4.670871341000066 ], [ -74.00387619199995, 4.67080114700002 ], [ -74.003988025999945, 4.670659569000065 ], [ -74.004068118999953, 4.670568913000068 ], [ -74.004237501999967, 4.670458803000031 ], [ -74.004408298999977, 4.670265442000073 ], [ -74.004535837999981, 4.670135999000024 ], [ -74.004650051999988, 4.669890438000039 ], [ -74.004745229999969, 4.669663914000068 ], [ -74.004813155999955, 4.669604348000064 ], [ -74.004996235999954, 4.66948140300002 ], [ -74.004998347999958, 4.669480344000021 ], [ -74.005160600999943, 4.669400152000037 ], [ -74.005386839999971, 4.669288689000041 ], [ -74.005435972999976, 4.669262003000028 ], [ -74.005728731999966, 4.669115171000044 ], [ -74.006069174999936, 4.668804579000039 ], [ -74.006070300999966, 4.668803589000049 ], [ -74.006372388999978, 4.668462341000065 ], [ -74.006451248999952, 4.668317725000065 ], [ -74.006492719999983, 4.668242312000075 ], [ -74.006533485999967, 4.668173465000052 ], [ -74.006657790999952, 4.667790018000062 ], [ -74.006671381999979, 4.667750968000064 ], [ -74.00667180399995, 4.667748778000032 ], [ -74.006677864999972, 4.667717354000047 ], [ -74.006774660999952, 4.667276418000029 ], [ -74.006998756999963, 4.666604575000065 ], [ -74.007014388999949, 4.66656037100006 ], [ -74.007015728999988, 4.666558323000061 ], [ -74.007338675999961, 4.666073575000041 ], [ -74.007531374999985, 4.665784422000058 ], [ -74.007621422999989, 4.66564969600006 ], [ -74.007622549999951, 4.665647999000043 ], [ -74.008027140999957, 4.665180502000055 ], [ -74.008031082999935, 4.665175910000073 ], [ -74.008473815999935, 4.664731370000027 ], [ -74.008588564999968, 4.664616210000077 ], [ -74.008590676999972, 4.664614374000053 ], [ -74.009331874999987, 4.663982816000043 ], [ -74.009334197999976, 4.663981617000047 ], [ -74.009609638999962, 4.663841629000046 ], [ -74.009906257999944, 4.663731290000044 ], [ -74.010128542999951, 4.663768517000051 ], [ -74.01015773599994, 4.663791021000065 ], [ -74.010401868999963, 4.664008028000069 ], [ -74.010545665999985, 4.664216 ], [ -74.010795058999975, 4.664515394000034 ], [ -74.010938266999972, 4.664569933000053 ], [ -74.011161937999987, 4.664585312000042 ], [ -74.011536632999935, 4.664611074000049 ], [ -74.011630628999967, 4.664604863000022 ], [ -74.01173612599996, 4.664513456000066 ], [ -74.01185750999997, 4.664464299000031 ], [ -74.012025931999972, 4.664332748000049 ], [ -74.012289406999969, 4.664183508000065 ], [ -74.012391437999952, 4.664147497000044 ], [ -74.026484829999958, 4.666507798000055 ], [ -74.028149957999972, 4.664121911000052 ], [ -74.035035724999943, 4.654255392000039 ], [ -74.035345439999958, 4.652279852000049 ], [ -74.035708298999964, 4.652775492000046 ], [ -74.035719883999946, 4.652789263000045 ], [ -74.035765359999971, 4.652840765000064 ], [ -74.036990695999975, 4.654270061000034 ], [ -74.037311833999979, 4.65462029400004 ], [ -74.038333067999986, 4.65562651700003 ], [ -74.039269948999959, 4.656465112000035 ], [ -74.039745281999956, 4.65686161800005 ], [ -74.040537364999977, 4.657445305000067 ], [ -74.041224086999989, 4.657981011000061 ], [ -74.041718503999959, 4.658309949000056 ], [ -74.042767484999956, 4.658988167000075 ], [ -74.043893128999969, 4.659588180000071 ], [ -74.04438384599996, 4.659868539000058 ], [ -74.045028520999949, 4.660154817000034 ], [ -74.046070947999965, 4.66062598700006 ], [ -74.046742103999975, 4.660850178000032 ], [ -74.047840509999958, 4.661240147000058 ], [ -74.049268122999933, 4.661550835000071 ], [ -74.049724655999967, 4.661655194000048 ], [ -74.051569275999952, 4.661860653000076 ], [ -74.051720222999961, 4.661876617000075 ], [ -74.053678537999986, 4.661836952000044 ], [ -74.053871599999979, 4.661827282000047 ], [ -74.055626935999953, 4.661533662000068 ], [ -74.056246238999961, 4.661389963000033 ], [ -74.05743842399994, 4.660992419000024 ], [ -74.058999426999947, 4.660294799000042 ], [ -74.059122628999944, 4.660229963000063 ], [ -74.059228364999967, 4.660155330000066 ], [ -74.060716610999975, 4.659310700000049 ], [ -74.062053018999961, 4.658310690000064 ], [ -74.062209671999938, 4.658216044000028 ], [ -74.062410194999984, 4.658056866000038 ], [ -74.063642421999987, 4.657016575000057 ], [ -74.06413775599998, 4.656466024000053 ], [ -74.065001614999971, 4.655689271000028 ], [ -74.065909541999986, 4.654621346000056 ], [ -74.066292506999957, 4.654243270000052 ], [ -74.067440031999979, 4.652776661000075 ], [ -74.067519414999936, 4.652686070000073 ], [ -74.068122616999972, 4.651818976000072 ], [ -74.068681777999984, 4.651016706000064 ], [ -74.06873363699998, 4.650931970000045 ], [ -74.06977169299995, 4.649221435000072 ], [ -74.069849491999946, 4.649087274000067 ], [ -74.070771264999962, 4.647269162000043 ], [ -74.070785579999949, 4.647242574000074 ], [ -74.070894410999983, 4.647001974000034 ], [ -74.071619097999985, 4.645397872000046 ], [ -74.071689168999967, 4.645174961000066 ], [ -74.072338142999968, 4.643553169000029 ], [ -74.072506273999977, 4.642905584000061 ], [ -74.072951677999981, 4.641708464000033 ], [ -74.07323662899995, 4.64048544700006 ], [ -74.073460910999984, 4.639863757000057 ], [ -74.07382496699995, 4.638219598000035 ], [ -74.073863013999983, 4.638019050000025 ], [ -74.073871404999977, 4.637899206000043 ], [ -74.07419131499995, 4.636174342000061 ], [ -74.074273623999943, 4.634908796000047 ], [ -74.07438177399996, 4.63432963300005 ], [ -74.074433317999933, 4.633472941000036 ], [ -74.074418261999938, 4.632484924000039 ], [ -74.074262137999938, 4.631199385000059 ], [ -74.074237413999981, 4.63064021200006 ], [ -74.074184140999989, 4.630216601000029 ], [ -74.073863701999983, 4.62879550100007 ], [ -74.073515432999955, 4.627689389000068 ], [ -74.073175496999966, 4.626950787000055 ], [ -74.072566129999984, 4.62564984200003 ], [ -74.072166297999956, 4.625106070000072 ], [ -74.071292528999948, 4.62417391200006 ], [ -74.070464350999941, 4.62326134400007 ], [ -74.069982735999986, 4.622760888000073 ], [ -74.069033003999948, 4.622111154000038 ], [ -74.068467963999979, 4.621704112000032 ], [ -74.06800525999995, 4.621416605000036 ], [ -74.066920105999941, 4.620704839000041 ], [ -74.065823078999983, 4.620221698000023 ], [ -74.065227079999943, 4.619957859000067 ], [ -74.064303772999949, 4.619571836000034 ], [ -74.063519282999948, 4.619236553000064 ], [ -74.063040023999974, 4.619074128000022 ], [ -74.061698135999961, 4.618712240000036 ], [ -74.060504143999935, 4.61835614000006 ], [ -74.059867698999938, 4.618204072000026 ], [ -74.058045347999951, 4.617772114000047 ], [ -74.057997531999945, 4.617764949000048 ], [ -74.05599112799996, 4.617891272000065 ], [ -74.055816037999989, 4.617866869000068 ], [ -74.054642353999952, 4.617726879000031 ], [ -74.053863537999973, 4.617570826000076 ], [ -74.05367571499994, 4.617556440000044 ], [ -74.051762425999982, 4.617726781000044 ], [ -74.051654473999974, 4.617732907000061 ], [ -74.051646838999943, 4.61773391600002 ], [ -74.049673294999934, 4.617979005000052 ], [ -74.049342976999981, 4.618048470000076 ], [ -74.047764341999937, 4.618350637000049 ], [ -74.046904326999936, 4.618597252000029 ], [ -74.045928630999981, 4.618849576000059 ], [ -74.045403007999937, 4.61900883800007 ], [ -74.046948369999939, 4.61596396300007 ], [ -74.047012803999962, 4.615875822000021 ], [ -74.053666132999979, 4.606774493000046 ], [ -74.060996273999933, 4.581042331000049 ], [ -74.061048785999958, 4.579519406000031 ], [ -74.061608935999971, 4.563274312000033 ], [ -74.071074704999944, 4.542137453000066 ], [ -74.073039953999967, 4.537775148000037 ], [ -74.077638866999962, 4.527566378000074 ], [ -74.081838603999984, 4.518243709000046 ], [ -74.082018618999939, 4.517844109000066 ], [ -74.084411570999976, 4.512532179000061 ], [ -74.095499898999947, 4.487916159000065 ], [ -74.121676225999977, 4.487917094000068 ], [ -74.145560079999939, 4.487917947000028 ], [ -74.151244780999946, 4.489004642000054 ], [ -74.158380411999985, 4.49036863200007 ], [ -74.161276433999944, 4.494541419000029 ], [ -74.168456825999954, 4.504887164000024 ], [ -74.182384624999941, 4.524953742000037 ], [ -74.183174775999987, 4.526092113000061 ], [ -74.183146723999982, 4.526292165000029 ], [ -74.183150259999934, 4.526865268000051 ], [ -74.183245403999933, 4.527466390000029 ], [ -74.184540385999981, 4.529108811000071 ], [ -74.184896919999971, 4.529513493000024 ], [ -74.185355956999956, 4.52987170800003 ], [ -74.185994530999949, 4.530629912000052 ], [ -74.186252785999955, 4.530828949000067 ], [ -74.186707056999978, 4.531341920000045 ], [ -74.186978021999948, 4.531770017000042 ], [ -74.187226987999964, 4.532039191000024 ], [ -74.187231606999944, 4.532046114000025 ], [ -74.187907652999968, 4.533059417000061 ], [ -74.187909689999969, 4.533062474000076 ], [ -74.187160326999958, 4.533545455000024 ], [ -74.186744910999948, 4.533782942000073 ], [ -74.185937045999935, 4.534269393000045 ], [ -74.185516861999986, 4.53465594100004 ], [ -74.185078655999973, 4.534905178000031 ], [ -74.184725837999963, 4.535102164000023 ], [ -74.184185489999948, 4.535466659000065 ], [ -74.183958418999964, 4.535668611000062 ], [ -74.183508318999941, 4.535854753000024 ], [ -74.182658189999984, 4.535968957000023 ], [ -74.181665380999959, 4.536095459000023 ], [ -74.18117437899997, 4.536115637000023 ], [ -74.180376136999939, 4.536326919000032 ], [ -74.179486465999958, 4.536515878000046 ], [ -74.178757222999934, 4.536789709000061 ], [ -74.17809067099995, 4.537063268000054 ], [ -74.177726048999943, 4.537191551000035 ], [ -74.177367463999985, 4.537388623000027 ], [ -74.177090585999963, 4.537871792000033 ], [ -74.176704804999986, 4.538292504000026 ], [ -74.176170215999946, 4.538633942000047 ], [ -74.175419085999977, 4.539079883000056 ], [ -74.174747307999951, 4.539410749000069 ], [ -74.174172451999937, 4.53973519300007 ], [ -74.173763334999933, 4.540058637000072 ], [ -74.173377911999978, 4.540525267000021 ], [ -74.17322119399995, 4.541053448000071 ], [ -74.173256352999942, 4.542113416000063 ], [ -74.173630905999971, 4.542666985000039 ], [ -74.173810891999949, 4.54314733800004 ], [ -74.174076812999942, 4.543672886000024 ], [ -74.174511978999988, 4.543859268000062 ], [ -74.17522188099997, 4.544147155000076 ], [ -74.175527253999974, 4.544592339000076 ], [ -74.175582615999986, 4.54470027800005 ], [ -74.175746964999973, 4.545020715000021 ], [ -74.176011258999949, 4.545282760000021 ], [ -74.176240507999978, 4.54543036900003 ], [ -74.176379777999955, 4.545790497000041 ], [ -74.176290974999972, 4.546198 ], [ -74.176104525999961, 4.546525777000056 ], [ -74.175553993999984, 4.547067893000076 ], [ -74.174946710999961, 4.547679161000076 ], [ -74.174521743999946, 4.548237633000042 ], [ -74.174121012999933, 4.549002386000041 ], [ -74.173941050999986, 4.54945047800004 ], [ -74.173858825999957, 4.550018340000065 ], [ -74.173890276999941, 4.550482337000062 ], [ -74.173796701999947, 4.551044596000054 ], [ -74.173760055999935, 4.551589225000043 ], [ -74.173934731999964, 4.552132584000049 ], [ -74.174021993999986, 4.552491315000054 ], [ -74.174173266999958, 4.552438111000072 ], [ -74.174713753999981, 4.553174814000045 ], [ -74.174898412999937, 4.553174808000051 ], [ -74.175330781999946, 4.553025644000058 ], [ -74.175788494999949, 4.553120196000066 ], [ -74.175943769999947, 4.55330271400004 ], [ -74.175946316999955, 4.553304077000064 ], [ -74.175947823999934, 4.553305849000026 ], [ -74.176150501999984, 4.553414315000055 ], [ -74.176425236999989, 4.553360070000053 ], [ -74.176743216999967, 4.55350677000007 ], [ -74.176906317999965, 4.553506941000023 ], [ -74.176899803999959, 4.553572942000073 ], [ -74.176893193999945, 4.553639961000044 ], [ -74.176892418999955, 4.553648083000041 ], [ -74.176896671999941, 4.553648895000038 ], [ -74.176896443999965, 4.553651216000048 ], [ -74.176917246999949, 4.553655227000036 ], [ -74.176975040999935, 4.553739957000062 ], [ -74.177059423999935, 4.553863682000042 ], [ -74.177058864999935, 4.553947298000026 ], [ -74.177056415999971, 4.554310713000064 ], [ -74.176694296999983, 4.554845897000064 ], [ -74.176565955999934, 4.555333824000058 ], [ -74.176473018999957, 4.556004940000037 ], [ -74.176453260999949, 4.556374572000038 ], [ -74.176452486999949, 4.556389050000064 ], [ -74.176645549999989, 4.557094688000063 ], [ -74.176803140999937, 4.557670526000038 ], [ -74.176877605999948, 4.557843756000068 ], [ -74.176963890999957, 4.55804445800004 ], [ -74.17696529899996, 4.558047778000059 ], [ -74.176871425999934, 4.558189588000062 ], [ -74.176778609999985, 4.558329775000061 ], [ -74.176608808999958, 4.558602097000062 ], [ -74.176444917999959, 4.558864815000049 ], [ -74.176369420999947, 4.559213969000041 ], [ -74.176328260999981, 4.559404295000036 ], [ -74.176380732999974, 4.560486984000022 ], [ -74.176503056999934, 4.560810355000058 ], [ -74.176508406999972, 4.560824478000029 ], [ -74.176883940999971, 4.561274814000058 ], [ -74.177083742999969, 4.561514353000064 ], [ -74.17733450999998, 4.562053746000061 ], [ -74.17740693099995, 4.562209463000045 ], [ -74.177407846999984, 4.562211440000056 ], [ -74.177560730999971, 4.562921105000044 ], [ -74.17780053599995, 4.563842206000061 ], [ -74.177890078999951, 4.564472071000068 ], [ -74.177945350999948, 4.565096431000029 ], [ -74.177938040999948, 4.565313873000036 ], [ -74.177926021999951, 4.565669663000051 ], [ -74.177925409999943, 4.566143602000068 ], [ -74.17792499899997, 4.566420508000022 ], [ -74.177906238999981, 4.567085335000058 ], [ -74.177903213999969, 4.567121493000059 ], [ -74.17782105799995, 4.568105955000021 ], [ -74.178026393999971, 4.56875971900007 ], [ -74.178053820999935, 4.568847043000062 ], [ -74.178054242999963, 4.56884838600007 ], [ -74.178060013999982, 4.568866676000027 ], [ -74.178107874999966, 4.568981079000025 ], [ -74.178210702999934, 4.569226766000043 ], [ -74.178395167999952, 4.56950069800007 ], [ -74.178449576999981, 4.569722234000039 ], [ -74.178463866999948, 4.569780635000029 ], [ -74.178465413999959, 4.56978685100006 ], [ -74.178513427999974, 4.570164671000043 ], [ -74.178463249999936, 4.570188190000067 ], [ -74.177300536999951, 4.570733860000075 ], [ -74.177118622999956, 4.57088415000004 ], [ -74.176936921999982, 4.571034227000041 ], [ -74.176661412999977, 4.571300764000057 ], [ -74.176579217999972, 4.571380215000033 ], [ -74.17642897199994, 4.571484387000055 ], [ -74.176329041999963, 4.571553743000038 ], [ -74.176202930999978, 4.57159075200002 ], [ -74.175929947999975, 4.571670918000052 ], [ -74.175922910999986, 4.571671414000036 ], [ -74.175593202999949, 4.571695861000023 ], [ -74.175582436999946, 4.571701865000023 ], [ -74.175416707999943, 4.571794385000032 ], [ -74.175399890999984, 4.571876799000052 ], [ -74.175397639999971, 4.571887676000074 ], [ -74.175161645999935, 4.573039587000039 ], [ -74.175074619999975, 4.57373358500007 ], [ -74.175005470999963, 4.574542057000031 ], [ -74.175012739999943, 4.575011122000035 ], [ -74.175115137999967, 4.575056670000038 ], [ -74.17511731999997, 4.575057585000025 ], [ -74.175120063999941, 4.575058859000023 ], [ -74.175267572999985, 4.57512446000004 ], [ -74.175297271999966, 4.57514500800005 ], [ -74.175323030999948, 4.575170290000074 ], [ -74.175333592999948, 4.575185084000054 ], [ -74.175324356999965, 4.575293960000067 ], [ -74.175295714999947, 4.575390757000037 ], [ -74.175403091999954, 4.575403136000034 ], [ -74.175485500999969, 4.575412637000056 ], [ -74.175523471999952, 4.575468585000067 ], [ -74.175633681999955, 4.575488496000048 ], [ -74.175667109999949, 4.575463777000039 ], [ -74.175698957999941, 4.575460693000025 ], [ -74.175699372999986, 4.575479509000047 ], [ -74.175806749999936, 4.57546757800003 ], [ -74.175905623999938, 4.575456517000021 ], [ -74.175929609999969, 4.575464330000045 ], [ -74.175937844999964, 4.575500631000068 ], [ -74.175969450999958, 4.575679794000052 ], [ -74.175988526999959, 4.575788127000067 ], [ -74.176053850999949, 4.576158814000053 ], [ -74.176051318999953, 4.576184095000031 ], [ -74.17605019399997, 4.57619532700005 ], [ -74.176054206999936, 4.576231696000036 ], [ -74.176065679999965, 4.57626644000004 ], [ -74.176084118999938, 4.576298077000047 ], [ -74.17610868099996, 4.576325195000038 ], [ -74.176468452999984, 4.57662814300005 ], [ -74.176635250999936, 4.57676867400005 ], [ -74.176950825999938, 4.577015692000032 ], [ -74.177566492999972, 4.577474705000043 ], [ -74.177661222999973, 4.577562340000043 ], [ -74.177684024999962, 4.57758345600007 ], [ -74.177701357999979, 4.577570660000049 ], [ -74.177704396999957, 4.577574349000031 ], [ -74.177843017999976, 4.577742579000073 ], [ -74.178064319999976, 4.577624166000021 ], [ -74.178303825999933, 4.577501962000042 ], [ -74.178538026999945, 4.577305394000064 ], [ -74.178636683999969, 4.577230882000038 ], [ -74.178667085999962, 4.577200025000025 ], [ -74.178800786999943, 4.577117853000061 ], [ -74.178899785999988, 4.577073298000073 ], [ -74.17927797599998, 4.576991170000042 ], [ -74.179288081999971, 4.576988975000063 ], [ -74.179377661999979, 4.576995035000039 ], [ -74.179392920999987, 4.576996084000029 ], [ -74.179393072999972, 4.57699694400003 ], [ -74.179393335999976, 4.576998434000075 ], [ -74.17939341899995, 4.576998899000046 ], [ -74.179393437999977, 4.576999015000069 ], [ -74.179414041999962, 4.577115374000073 ], [ -74.179523685999982, 4.577534152000055 ], [ -74.179555275999974, 4.577694618000066 ], [ -74.179579550999961, 4.577795254000023 ], [ -74.179692114999966, 4.578322860000071 ], [ -74.179698427999938, 4.578369660000021 ], [ -74.179919413999983, 4.580007212000055 ], [ -74.179937088999964, 4.58023821300003 ], [ -74.179994620999935, 4.580990961000055 ], [ -74.180280099999948, 4.583210850000057 ], [ -74.180286997999985, 4.583252941000069 ], [ -74.180340710999985, 4.583581467000045 ], [ -74.180355283999972, 4.583670803000075 ], [ -74.180440382999961, 4.583955471000024 ], [ -74.180445379999981, 4.583972279000022 ], [ -74.180520571999978, 4.584613020000063 ], [ -74.180643217999943, 4.585653898000032 ], [ -74.180685810999989, 4.586015123000038 ], [ -74.180696515999955, 4.586153965000051 ], [ -74.180731021999975, 4.586603113000024 ], [ -74.180851323999946, 4.587206140000035 ], [ -74.180948884999964, 4.587590595000052 ], [ -74.180948890999957, 4.587711288000037 ], [ -74.18091138799997, 4.587877038000045 ], [ -74.181348054999944, 4.588914722000027 ], [ -74.181619736999949, 4.589440555000067 ], [ -74.182077363999952, 4.590183960000047 ], [ -74.182092497999975, 4.590235017000055 ], [ -74.182381498999973, 4.590918122000062 ], [ -74.182483417999947, 4.591142056000024 ], [ -74.182561052999972, 4.591322206000029 ], [ -74.182648401999984, 4.591560618000074 ], [ -74.182662972999935, 4.591619162000029 ], [ -74.182842466999944, 4.592281296000067 ], [ -74.182976706999966, 4.592851342000074 ], [ -74.183129660999953, 4.593350696000073 ], [ -74.183189990999949, 4.593661144000066 ], [ -74.183192993999967, 4.59366091000004 ], [ -74.183193639999956, 4.593664235000062 ], [ -74.183289626999965, 4.593656803000044 ], [ -74.183340885999939, 4.593767068000034 ], [ -74.183137218999946, 4.593873081000027 ], [ -74.183396035999976, 4.594644531000029 ], [ -74.183434824999949, 4.594880121000074 ], [ -74.183488610999973, 4.595207871000071 ], [ -74.183582866999984, 4.595590915000059 ], [ -74.183651147999967, 4.595890133000069 ], [ -74.183710135999945, 4.596099521000042 ], [ -74.183794885999987, 4.596400362000054 ], [ -74.183795919999966, 4.596404040000039 ], [ -74.183808540999962, 4.596448948000045 ], [ -74.183809948999965, 4.596453822000058 ], [ -74.183812377999971, 4.596452559000056 ], [ -74.183813616999942, 4.596456955000065 ], [ -74.183944235999945, 4.596388701000024 ], [ -74.184265564999976, 4.596467602000075 ], [ -74.18429340299997, 4.596475230000067 ], [ -74.184293572999934, 4.596496506000051 ], [ -74.184479559999943, 4.596554002000062 ], [ -74.18461515599995, 4.596563391000075 ], [ -74.184616827999946, 4.596563507000042 ], [ -74.184631556999989, 4.596565783000074 ], [ -74.184718109999949, 4.596589508000022 ], [ -74.185032631999945, 4.596669432000056 ], [ -74.185248162999983, 4.596690142000057 ], [ -74.18526494799994, 4.596693784000024 ], [ -74.185370028999955, 4.596716583000045 ], [ -74.185794129999977, 4.59679987100003 ], [ -74.185942403999945, 4.59682704100004 ], [ -74.186187377999943, 4.596879220000062 ], [ -74.186326114999986, 4.596908713000062 ], [ -74.186515261999944, 4.596952266000073 ], [ -74.186801335999974, 4.597003994000033 ], [ -74.187155020999967, 4.597083882000049 ], [ -74.187245853999968, 4.597101130000055 ], [ -74.187372705999962, 4.597127088000036 ], [ -74.187595170999941, 4.597177737000038 ], [ -74.187802172999966, 4.597227438000061 ], [ -74.187939438999933, 4.597260043000063 ], [ -74.188361494999981, 4.597358897000049 ], [ -74.188767375999987, 4.597454246000041 ], [ -74.189100143999951, 4.59752676200003 ], [ -74.189485961999935, 4.59762218700007 ], [ -74.189648786999953, 4.597659857000053 ], [ -74.189795833999938, 4.597691829000041 ], [ -74.189994316999957, 4.59773709600006 ], [ -74.190218674999983, 4.597787428000061 ], [ -74.190511823999941, 4.597852638000063 ], [ -74.190723349999985, 4.597905767000043 ], [ -74.190807616999962, 4.597954794000032 ], [ -74.191040243999964, 4.59797547900007 ], [ -74.191463715999987, 4.598075528000038 ], [ -74.191720646999954, 4.598129234000055 ], [ -74.191925194999953, 4.598179075000075 ], [ -74.192522825999959, 4.598322109000037 ], [ -74.192891482999983, 4.598406713000031 ], [ -74.19309904499994, 4.59845867000007 ], [ -74.193401630999972, 4.598526463000042 ], [ -74.193723555999952, 4.598599352000065 ], [ -74.194107506999956, 4.59868748100007 ], [ -74.194440362999956, 4.598774225000057 ], [ -74.194488121999939, 4.598770650000063 ], [ -74.194579469999951, 4.598790831000031 ], [ -74.194678945999954, 4.598812809000037 ], [ -74.194717052999977, 4.598819884000022 ], [ -74.195538558999942, 4.599007546000053 ], [ -74.195593826999982, 4.599020448000033 ], [ -74.195636602999969, 4.599032512000065 ], [ -74.195686987999977, 4.599042197000074 ], [ -74.196777864999945, 4.599296866000032 ], [ -74.198214512999982, 4.599639557000046 ], [ -74.198281162999933, 4.599652829000036 ], [ -74.198450774999969, 4.599686502000054 ], [ -74.199724704999937, 4.599924965000071 ], [ -74.199727972999938, 4.599925614000028 ], [ -74.199728294999943, 4.599928248000026 ], [ -74.202583893999986, 4.600495733000059 ], [ -74.20406272799994, 4.600768261000042 ], [ -74.204266420999943, 4.599442485000054 ], [ -74.213446378999947, 4.611352550000049 ], [ -74.214809345999981, 4.612868441000046 ], [ -74.215106613999978, 4.613196555000059 ], [ -74.215911059999939, 4.614085507000027 ], [ -74.216429248999987, 4.614870741000061 ], [ -74.216639995999969, 4.615189433000069 ], [ -74.216764465999972, 4.615386744000034 ], [ -74.216778049999959, 4.615408502000037 ], [ -74.216992581999989, 4.615752602000043 ], [ -74.217035308999982, 4.615821099000073 ], [ -74.217078106999963, 4.615889668000023 ], [ -74.217078731999948, 4.615890120000074 ], [ -74.217081797999981, 4.615895030000047 ], [ -74.217351230999952, 4.61575272500005 ], [ -74.217491586999984, 4.615777480000077 ], [ -74.217718333999983, 4.615803493000044 ], [ -74.217938330999971, 4.615885281000033 ], [ -74.218106023999951, 4.615978952000034 ], [ -74.218263538999963, 4.616181425000036 ], [ -74.218297606999954, 4.61622520700007 ], [ -74.218423682999969, 4.616490588000033 ], [ -74.218486921999954, 4.616872923000074 ], [ -74.218488265999952, 4.616944886000056 ], [ -74.218493291999948, 4.617217059000041 ], [ -74.218444601999977, 4.617361130000063 ], [ -74.218430320999971, 4.617403435000028 ], [ -74.21842877399996, 4.617435003000026 ], [ -74.218408264999937, 4.617849054000033 ], [ -74.21841169399994, 4.617851313000074 ], [ -74.218411639999943, 4.617852404000075 ], [ -74.218506325999954, 4.617914859000052 ], [ -74.218641552999941, 4.61800415600004 ], [ -74.218871453999952, 4.61802619100007 ], [ -74.218975404999981, 4.617944013000056 ], [ -74.219126555999935, 4.61779548100003 ], [ -74.219280864999973, 4.617717998000046 ], [ -74.219444540999973, 4.617594775000043 ], [ -74.219599837999965, 4.617492163000065 ], [ -74.219652444999952, 4.617457356000045 ], [ -74.219843164999986, 4.617617795000058 ], [ -74.219831473999989, 4.617744814000048 ], [ -74.219828590999953, 4.61777617000007 ], [ -74.219842883999945, 4.617830688000026 ], [ -74.219873158999974, 4.617946078000045 ], [ -74.219856988999936, 4.618103212000051 ], [ -74.219841237999958, 4.618247068000073 ], [ -74.219841949999989, 4.618337606000068 ], [ -74.219843161999961, 4.618486757000028 ], [ -74.219843161999961, 4.618490358000031 ], [ -74.219843161999961, 4.618492407000076 ], [ -74.219844446999957, 4.618662602000029 ], [ -74.219847773999959, 4.618665993000036 ], [ -74.220055621999961, 4.618877146000045 ], [ -74.220345427999973, 4.618879289000063 ], [ -74.220483979999983, 4.618872948000046 ], [ -74.220641350999983, 4.618784436000055 ], [ -74.221057087999952, 4.618670590000022 ], [ -74.221290137999972, 4.61864851200005 ], [ -74.221489865999956, 4.618733192000036 ], [ -74.221546531999934, 4.618757232000064 ], [ -74.221665904999952, 4.61884707300004 ], [ -74.221736916999987, 4.618918312000062 ], [ -74.221736930999953, 4.619053220000069 ], [ -74.221689930999958, 4.619191644000068 ], [ -74.221507445999976, 4.619287353000061 ], [ -74.221400263999953, 4.619343509000032 ], [ -74.220940492999944, 4.619533105000073 ], [ -74.220858574999966, 4.619583747000036 ], [ -74.220795602999942, 4.619757481000022 ], [ -74.220796659999962, 4.619770122000034 ], [ -74.220798422999962, 4.619791875000033 ], [ -74.220799125999974, 4.619793639000022 ], [ -74.220801875999939, 4.619833327000038 ], [ -74.220808222999949, 4.619966025000053 ], [ -74.220829060999961, 4.620009665000055 ], [ -74.220877632999986, 4.620111354000073 ], [ -74.221035022999956, 4.620300955000062 ], [ -74.221035961999974, 4.620301538000035 ], [ -74.221038324999938, 4.620304385000054 ], [ -74.221277697999938, 4.620452879000027 ], [ -74.221529679999946, 4.620572991000074 ], [ -74.221874991999982, 4.620702402000063 ], [ -74.222058771999968, 4.620743514000026 ], [ -74.222320379999985, 4.620821016000036 ], [ -74.222358438999947, 4.620885346000023 ], [ -74.222364140999957, 4.620894948000057 ], [ -74.222375902999943, 4.620989580000071 ], [ -74.222393654999962, 4.621132231000047 ], [ -74.222362269999962, 4.621179411000071 ], [ -74.222257068999966, 4.621337331000063 ], [ -74.222190981999972, 4.621339103000025 ], [ -74.222017706999964, 4.621343641000067 ], [ -74.221875182999952, 4.621294080000041 ], [ -74.221709008999937, 4.621236258000067 ], [ -74.221463446999962, 4.621185720000028 ], [ -74.221280741999976, 4.621192096000073 ], [ -74.221066532999942, 4.621477002000063 ], [ -74.221030937999956, 4.621629971000061 ], [ -74.221010043999968, 4.621719804000065 ], [ -74.220953434999956, 4.622168535000071 ], [ -74.22072382999994, 4.622599064000042 ], [ -74.220694016999971, 4.622867992000067 ], [ -74.220664194999983, 4.623062344000061 ], [ -74.220768384999985, 4.623317063000059 ], [ -74.220771537999951, 4.623320066000076 ], [ -74.220771684999988, 4.623320426000021 ], [ -74.220849706999957, 4.623394904000065 ], [ -74.220906373999981, 4.623420120000048 ], [ -74.221655918999943, 4.623691863000033 ], [ -74.222084196999958, 4.62375817100002 ], [ -74.22264482199995, 4.623928782000064 ], [ -74.223147396999934, 4.624278548000063 ], [ -74.223473034999984, 4.624693179000076 ], [ -74.22347803699995, 4.624730253000052 ], [ -74.22357812499996, 4.625468160000025 ], [ -74.22335973099996, 4.626089862000072 ], [ -74.223192823999966, 4.62641452400004 ], [ -74.223189586999979, 4.626420880000069 ], [ -74.223189165999941, 4.626422998000066 ], [ -74.223156234999976, 4.626486843000066 ], [ -74.222960267999952, 4.626884743000062 ], [ -74.222809613999971, 4.627184192000072 ], [ -74.222586052999986, 4.627541841000038 ], [ -74.222559523999962, 4.627580473000023 ], [ -74.222379668999963, 4.627937127000052 ], [ -74.222378753999976, 4.627938963000076 ], [ -74.22227279599997, 4.628270258000043 ], [ -74.222272303999944, 4.628271884000071 ], [ -74.222172176999948, 4.628506143000038 ], [ -74.222173444999953, 4.628515960000072 ], [ -74.222174711999969, 4.628526059000023 ], [ -74.22217696599995, 4.628538417000073 ], [ -74.222234430999947, 4.628862207000054 ], [ -74.222238656999934, 4.628885936000074 ], [ -74.222238867999977, 4.628889748000063 ], [ -74.222240415999977, 4.62889285600005 ], [ -74.222311797999964, 4.629028370000071 ], [ -74.22231422699997, 4.62903017800005 ], [ -74.222315058999982, 4.62903177000004 ], [ -74.222426075999977, 4.629114142000049 ], [ -74.222320261999982, 4.629209159000027 ], [ -74.222268816999986, 4.629255350000051 ], [ -74.222239400999968, 4.62928176500003 ], [ -74.222221948999959, 4.62929744500002 ], [ -74.222183031999975, 4.629332336000061 ], [ -74.222180638999987, 4.629335232000074 ], [ -74.222019557999943, 4.629528257000061 ], [ -74.22180253099998, 4.629788166000026 ], [ -74.221453253999982, 4.630014753000069 ], [ -74.221353249999936, 4.63007966400005 ], [ -74.221347829999957, 4.630083197000033 ], [ -74.220862564999948, 4.630178020000074 ], [ -74.220860099999982, 4.630177668000044 ], [ -74.220840393999936, 4.630174846000045 ], [ -74.220436049999989, 4.630116625000028 ], [ -74.220290570999964, 4.630095667000035 ], [ -74.220288105999941, 4.630094961000054 ], [ -74.220100887999934, 4.630041591000065 ], [ -74.219701816999986, 4.629927861000056 ], [ -74.219580967999946, 4.629893410000022 ], [ -74.218991152999934, 4.629652442000065 ], [ -74.218984254999953, 4.629649619000077 ], [ -74.218945542999961, 4.629633804000036 ], [ -74.218881212999975, 4.629610575000072 ], [ -74.218468272999985, 4.629461394000032 ], [ -74.218447228999935, 4.629453770000055 ], [ -74.217653462999976, 4.629349965000074 ], [ -74.217645439999956, 4.629351168000028 ], [ -74.217460763999952, 4.629378729000052 ], [ -74.217253986999935, 4.629409611000028 ], [ -74.21668081599995, 4.629515033000075 ], [ -74.216672157999938, 4.629516589000048 ], [ -74.21649621499995, 4.629602128000045 ], [ -74.216290500999946, 4.629702078000037 ], [ -74.216237652999951, 4.629762393000021 ], [ -74.21623307699997, 4.629767620000052 ], [ -74.215849403999982, 4.630205647000025 ], [ -74.215844545999971, 4.630200776000038 ], [ -74.215842858999963, 4.63021313400003 ], [ -74.215832519999935, 4.630288207000035 ], [ -74.21576633799998, 4.630769282000074 ], [ -74.215766197999983, 4.63077048100007 ], [ -74.215776705999986, 4.631000282000059 ], [ -74.215777552999953, 4.631018573000063 ], [ -74.215787002999946, 4.631222101000048 ], [ -74.215792363999981, 4.631337143000053 ], [ -74.215792925999949, 4.631338483000036 ], [ -74.215883949999977, 4.631552527000053 ], [ -74.21600123199994, 4.631828502000076 ], [ -74.216001795999944, 4.631829845000027 ], [ -74.216204878999974, 4.632176926000056 ], [ -74.216387266999959, 4.632487147000063 ], [ -74.216664335999951, 4.632987540000045 ], [ -74.216665321999983, 4.632989304000034 ], [ -74.216864945999987, 4.633263403000058 ], [ -74.217007471999977, 4.633459557000037 ], [ -74.217327848999957, 4.633991986000069 ], [ -74.217328904999988, 4.633993679000071 ], [ -74.217526537999959, 4.634707778000063 ], [ -74.21752646799996, 4.634708980000028 ], [ -74.217508339999938, 4.635032849000027 ], [ -74.217507567999974, 4.635046973000044 ], [ -74.217506303999983, 4.635068654000065 ], [ -74.217505739999979, 4.635069997000073 ], [ -74.217376337999951, 4.635361179000029 ], [ -74.217138188999968, 4.635574760000054 ], [ -74.216881445999945, 4.635668007000049 ], [ -74.216510967999966, 4.635762392000061 ], [ -74.216003099999966, 4.635817245000055 ], [ -74.215075236999951, 4.636298688000068 ], [ -74.215074461999961, 4.636300666000068 ], [ -74.214867027999958, 4.636821302000044 ], [ -74.214866322999967, 4.636822998000071 ], [ -74.214693368999974, 4.637264042000027 ], [ -74.214692734999971, 4.637265595000031 ], [ -74.214760412999965, 4.637700896000069 ], [ -74.214782243999935, 4.637841571000024 ], [ -74.214782597999942, 4.637843690000068 ], [ -74.214844342999982, 4.638058583000031 ], [ -74.214928335999957, 4.638351087000046 ], [ -74.214928757999985, 4.638352499000064 ], [ -74.214931045999947, 4.638355948000026 ], [ -74.21493114499998, 4.638356294000062 ], [ -74.215170895999961, 4.638717876000044 ], [ -74.215231305999964, 4.638838555000063 ], [ -74.215424471999938, 4.639224689000059 ], [ -74.215425314999948, 4.639226386000075 ], [ -74.215598072999967, 4.639630815000032 ], [ -74.215598775999979, 4.639632439000025 ], [ -74.215757312999983, 4.640013070000066 ], [ -74.215760129999978, 4.640019778000067 ], [ -74.215760761999945, 4.640021261000072 ], [ -74.215763494999976, 4.640023597000038 ], [ -74.215763889999948, 4.640024543000038 ], [ -74.21614292199996, 4.640348754000058 ], [ -74.216669596999964, 4.640540344000044 ], [ -74.217098883999938, 4.640698134000047 ], [ -74.217630777999943, 4.640815147000069 ], [ -74.218351137999946, 4.640930966000042 ], [ -74.219060971999966, 4.641190152000036 ], [ -74.219605039999976, 4.641421692000051 ], [ -74.220017849999977, 4.641682713000023 ], [ -74.220447803999946, 4.642000632000077 ], [ -74.220481982999956, 4.642038779000075 ], [ -74.22079907899996, 4.642394224000043 ], [ -74.221061447999944, 4.642744450000066 ], [ -74.221222578999971, 4.643073860000072 ], [ -74.221223493999958, 4.64307569500005 ], [ -74.221350219999977, 4.64344559500006 ], [ -74.221350643999983, 4.643446867000023 ], [ -74.221341322999933, 4.643835282000055 ], [ -74.221341252999935, 4.643837189000067 ], [ -74.221306148999986, 4.643992135000076 ], [ -74.221292219999953, 4.644053506000034 ], [ -74.221035403999963, 4.644140963000041 ], [ -74.220699270999944, 4.644269245000032 ], [ -74.220259526999939, 4.644306579000045 ], [ -74.219705473999966, 4.644275564000054 ], [ -74.219197034999979, 4.644318554000051 ], [ -74.218631726999945, 4.644345165000061 ], [ -74.218027007999979, 4.644406243000049 ], [ -74.217221834999975, 4.644411409000043 ], [ -74.216593466999939, 4.644472488000076 ], [ -74.216028153999957, 4.644453335000037 ], [ -74.215559114999962, 4.64433021900004 ], [ -74.215128913999934, 4.644074895000074 ], [ -74.214677679999966, 4.643730233000042 ], [ -74.21440047699997, 4.643030281000051 ], [ -74.214294763999987, 4.642572442000073 ], [ -74.214309685999979, 4.642205620000027 ], [ -74.214272712999957, 4.641787457000021 ], [ -74.214268601999947, 4.641111306000028 ], [ -74.21398880299995, 4.640630919000046 ], [ -74.213959672999977, 4.640580683000053 ], [ -74.213490067999942, 4.640406154000061 ], [ -74.212776116999976, 4.640444639000066 ], [ -74.212473756999941, 4.640469526000061 ], [ -74.212085816999945, 4.640518149000059 ], [ -74.211543601999949, 4.640613114000075 ], [ -74.21047548599995, 4.640608126000075 ], [ -74.209110065999937, 4.640513899000041 ], [ -74.208167507999974, 4.640485168000055 ], [ -74.207014382999944, 4.640641198000026 ], [ -74.205690156999935, 4.64162379000004 ], [ -74.205689524999968, 4.641625696000062 ], [ -74.205687060999935, 4.641633323000065 ], [ -74.205511644999945, 4.642178107000063 ], [ -74.205482864999965, 4.642267446000062 ], [ -74.205482373999985, 4.642269 ], [ -74.205478655999968, 4.642434890000061 ], [ -74.205469189999974, 4.642851977000021 ], [ -74.205469751999942, 4.642853390000028 ], [ -74.205741978999981, 4.643559153000069 ], [ -74.205753593999987, 4.643589236000025 ], [ -74.205754228999979, 4.643590790000076 ], [ -74.205917048999936, 4.643890067000029 ], [ -74.206042347999983, 4.644120281000028 ], [ -74.206043192999971, 4.644121835000021 ], [ -74.206367841999963, 4.644664388000024 ], [ -74.20637143099998, 4.644670390000044 ], [ -74.206413031999944, 4.644722930000057 ], [ -74.206507981999948, 4.644842106000056 ], [ -74.206604767999977, 4.644964363000042 ], [ -74.206870425999966, 4.64532342900003 ], [ -74.207088567999961, 4.64561876800002 ], [ -74.207090609999966, 4.645621523000045 ], [ -74.207091735999938, 4.64562279300003 ], [ -74.207106873999976, 4.645699205000028 ], [ -74.207155952999983, 4.64594820800005 ], [ -74.207106350999936, 4.646175613000025 ], [ -74.207106069999952, 4.646176743000069 ], [ -74.206924992999973, 4.646378664000054 ], [ -74.206923866999944, 4.646379935000027 ], [ -74.206805992999989, 4.646573941000042 ], [ -74.206646084999988, 4.646586384000045 ], [ -74.206418048999979, 4.646639511000046 ], [ -74.206098231999988, 4.646647447000021 ], [ -74.205789101999983, 4.646523180000031 ], [ -74.205014848999951, 4.645994999000038 ], [ -74.204795454999953, 4.645856105000064 ], [ -74.204584648999969, 4.645722721000027 ], [ -74.203729876999944, 4.645143134000023 ], [ -74.203385258999958, 4.644818870000051 ], [ -74.202404354999942, 4.644125734000056 ], [ -74.201957264999976, 4.643853455000055 ], [ -74.201619422999954, 4.643758001000037 ], [ -74.201265259999957, 4.643760288000067 ], [ -74.200882947999958, 4.643831504000048 ], [ -74.200747689999957, 4.644050439000068 ], [ -74.200746774999971, 4.644051921000028 ], [ -74.20066972799998, 4.644331729000044 ], [ -74.200669304999963, 4.644333281000058 ], [ -74.200698881999983, 4.644537728000046 ], [ -74.200699163999957, 4.644539704000067 ], [ -74.200702146999959, 4.644541970000034 ], [ -74.200702270999955, 4.644542824000041 ], [ -74.200874348999946, 4.644673523000051 ], [ -74.201103453999963, 4.644780986000058 ], [ -74.20181310199996, 4.645005750000053 ], [ -74.202219595999964, 4.645163731000025 ], [ -74.202596332999974, 4.64528712200007 ], [ -74.202886034999949, 4.645676248000029 ], [ -74.203013580999936, 4.645847566000043 ], [ -74.20301449599998, 4.645848765000039 ], [ -74.202992123999934, 4.645964373000027 ], [ -74.202959268999962, 4.646134149000034 ], [ -74.202958917999979, 4.646135915000059 ], [ -74.202922204999936, 4.646489588000065 ], [ -74.202817766999942, 4.646608310000033 ], [ -74.202592632999938, 4.646864116000074 ], [ -74.202251438999951, 4.647129678000056 ], [ -74.201985137999941, 4.647469809000029 ], [ -74.201788424999961, 4.647765746000061 ], [ -74.201679430999945, 4.647929717000068 ], [ -74.201276875999952, 4.648362513000052 ], [ -74.200805054999989, 4.648691927000073 ], [ -74.199989759999937, 4.64894904800002 ], [ -74.198992601999976, 4.649305053000035 ], [ -74.198207165999975, 4.649808498000027 ], [ -74.197381175999965, 4.65015149200002 ], [ -74.196891895999954, 4.650452656000027 ], [ -74.196256239999968, 4.651081509000051 ], [ -74.19581975899996, 4.651559856000063 ], [ -74.195818349999968, 4.651561409000067 ], [ -74.195451421999962, 4.652282122000031 ], [ -74.19542981799998, 4.652324565000072 ], [ -74.195429044999969, 4.652326050000056 ], [ -74.195359586999984, 4.65247951300006 ], [ -74.195187736999969, 4.652858971000057 ], [ -74.195186963999959, 4.652860667000027 ], [ -74.194900407999967, 4.653529183000046 ], [ -74.194872539999949, 4.653594650000059 ], [ -74.194871837999983, 4.65359627600003 ], [ -74.194836230999954, 4.653708424000058 ], [ -74.194720967999956, 4.654070859000058 ], [ -74.194720333999953, 4.654072765000024 ], [ -74.19456341199998, 4.654547562000062 ], [ -74.194562917999974, 4.654548974000022 ], [ -74.194263815999989, 4.654939245000037 ], [ -74.193927671999973, 4.655055651000055 ], [ -74.193550986999981, 4.655144377000056 ], [ -74.192951884999957, 4.655176619000031 ], [ -74.192156821999959, 4.654998141000021 ], [ -74.19153235999994, 4.65469818400004 ], [ -74.191078501999982, 4.654277311000044 ], [ -74.190682649999985, 4.654010107000033 ], [ -74.189908399999979, 4.653476260000048 ], [ -74.189317151999944, 4.65301019900005 ], [ -74.188892581999937, 4.652703447000022 ], [ -74.188296274999971, 4.652340209000045 ], [ -74.18757889699998, 4.651771328000052 ], [ -74.18726357099996, 4.651613155000064 ], [ -74.186788897999975, 4.651461207000068 ], [ -74.186525947999939, 4.651457266000023 ], [ -74.186201062999942, 4.651539206000052 ], [ -74.185768075999988, 4.65170250500006 ], [ -74.185295679999967, 4.651992360000065 ], [ -74.184806395999942, 4.652333061000036 ], [ -74.184454494999954, 4.652644943000041 ], [ -74.184101462999934, 4.652818972000034 ], [ -74.183867228999986, 4.652843278000034 ], [ -74.183706748999953, 4.652729728000054 ], [ -74.183542430999978, 4.652483381000025 ], [ -74.183574013999987, 4.652053661000025 ], [ -74.183861645999968, 4.651461563000055 ], [ -74.184160718999976, 4.650863681000033 ], [ -74.184447987999988, 4.650220149000063 ], [ -74.18474165799995, 4.64967957600004 ], [ -74.185143430999972, 4.649063880000028 ], [ -74.185471877999987, 4.648614785000063 ], [ -74.185669063999967, 4.648172295000052 ], [ -74.18592300399996, 4.647677824000027 ], [ -74.185955150999973, 4.647339566000028 ], [ -74.185868294999977, 4.647139527000036 ], [ -74.185867041999984, 4.647138908000045 ], [ -74.185865866999961, 4.64713622000005 ], [ -74.185864740999989, 4.647135656000046 ], [ -74.185682233999955, 4.64704378700003 ], [ -74.185663743999953, 4.647041326000021 ], [ -74.18527063199997, 4.646989008000048 ], [ -74.184802734999948, 4.64710089700003 ], [ -74.184125958999971, 4.64755234200004 ], [ -74.183415405999938, 4.648135426000067 ], [ -74.18272230499997, 4.648707209000065 ], [ -74.182228734999967, 4.649185974000034 ], [ -74.182227397999952, 4.649187316000052 ], [ -74.182171024999946, 4.649264861000063 ], [ -74.181878322999978, 4.649667627000042 ], [ -74.181764097999974, 4.649824833000025 ], [ -74.181762971999945, 4.649826319000056 ], [ -74.181401230999938, 4.650359525000056 ], [ -74.181045469999958, 4.650883833000023 ], [ -74.181044273999987, 4.650885526000025 ], [ -74.18071316299995, 4.651739985000063 ], [ -74.180712598999946, 4.651741470000047 ], [ -74.180487884999934, 4.652125799000032 ], [ -74.180487109999945, 4.652127141000051 ], [ -74.180439814999943, 4.65218307300006 ], [ -74.180338398999936, 4.652302499000029 ], [ -74.180073280999977, 4.652614656000026 ], [ -74.179635228999985, 4.652886991000059 ], [ -74.178906638999933, 4.653258210000047 ], [ -74.178366108999967, 4.653571227000043 ], [ -74.177700585999958, 4.65405656300004 ], [ -74.177547439999955, 4.654246398000055 ], [ -74.176573918999964, 4.654779770000061 ], [ -74.176013660999956, 4.654622733000053 ], [ -74.175412860999984, 4.654471912000076 ], [ -74.175088611999968, 4.654635977000055 ], [ -74.174906534999934, 4.654728074000047 ], [ -74.174905125999942, 4.654728780000028 ], [ -74.17453239699995, 4.655278580000072 ], [ -74.174476797999944, 4.655360643000051 ], [ -74.174475671999971, 4.655362339000021 ], [ -74.174327662999985, 4.655542780000076 ], [ -74.174192179999977, 4.655705850000061 ], [ -74.173817187999987, 4.656012077000071 ], [ -74.173089158999971, 4.656469163000054 ], [ -74.17264040799995, 4.656896295000024 ], [ -74.172333544999958, 4.657138678000024 ], [ -74.171831854999937, 4.657290672000045 ], [ -74.171357748999981, 4.657253967000031 ], [ -74.170906164999963, 4.657164718000047 ], [ -74.170475971999963, 4.656938180000054 ], [ -74.169873472999939, 4.656466453000064 ], [ -74.16948382299995, 4.656273811000062 ], [ -74.169009717999984, 4.656254053000055 ], [ -74.167947771999934, 4.656283464000069 ], [ -74.167651037999974, 4.656376692000038 ], [ -74.167212978999942, 4.656665968000027 ], [ -74.167017964999957, 4.657295914000031 ], [ -74.166994388999967, 4.657372114000054 ], [ -74.166993753999975, 4.657374161000064 ], [ -74.166809644999944, 4.657849163000037 ], [ -74.166808799999956, 4.657851282000024 ], [ -74.166808518999972, 4.657852837000064 ], [ -74.166700846999959, 4.658393795000052 ], [ -74.166699720999986, 4.658400859000039 ], [ -74.166698875999941, 4.658406153000044 ], [ -74.166698594999957, 4.658407779000072 ], [ -74.166734499999961, 4.65874965200004 ], [ -74.166734710999947, 4.658751420000044 ], [ -74.166733303999933, 4.658759682000039 ], [ -74.166728236999973, 4.658790190000047 ], [ -74.16665758299996, 4.65921469500006 ], [ -74.166657090999934, 4.65921610700002 ], [ -74.166559616999962, 4.659503466000047 ], [ -74.166523231999975, 4.659610740000062 ], [ -74.166522105999945, 4.659611870000049 ], [ -74.166369588999942, 4.65976597100007 ], [ -74.166204610999955, 4.659870493000028 ], [ -74.16593602599994, 4.659849032000068 ], [ -74.165639538999983, 4.659714896000025 ], [ -74.165513845999953, 4.65945526400003 ], [ -74.16551207699996, 4.659453219000056 ], [ -74.165511529999947, 4.659452084000065 ], [ -74.16551061499996, 4.65945102400002 ], [ -74.165234981999959, 4.659130978000064 ], [ -74.164884180999934, 4.658766582000055 ], [ -74.164483832999963, 4.658631566000054 ], [ -74.164037879999967, 4.658559826000044 ], [ -74.163929630999974, 4.658636523000041 ], [ -74.163588556999969, 4.658878690000051 ], [ -74.163344541999948, 4.659051859000044 ], [ -74.163342991999968, 4.659052919000032 ], [ -74.163262193999969, 4.659159205000037 ], [ -74.163258957999972, 4.659163442000022 ], [ -74.16325797199994, 4.659164714000042 ], [ -74.163151483999968, 4.659304829000064 ], [ -74.163150286999951, 4.659306382000068 ], [ -74.163092364999954, 4.659449319000032 ], [ -74.162999673999934, 4.659678064000047 ], [ -74.16299939299995, 4.659680111000057 ], [ -74.162997704999952, 4.659695577000036 ], [ -74.162945913999977, 4.660176859000046 ], [ -74.162945700999956, 4.660178908000034 ], [ -74.162958023999977, 4.660405954000055 ], [ -74.16295830699994, 4.660410544000058 ], [ -74.162970909999956, 4.660641192000071 ], [ -74.162970980999944, 4.660643029000028 ], [ -74.162977813999987, 4.660903691000044 ], [ -74.162985351999964, 4.661190906000058 ], [ -74.162985421999963, 4.661193094000055 ], [ -74.162981414999933, 4.661424166000074 ], [ -74.162980149999953, 4.661486667000077 ], [ -74.16297979899997, 4.661502061000022 ], [ -74.162978813999985, 4.661549448000073 ], [ -74.16297508699995, 4.661733769000023 ], [ -74.162972696999987, 4.661850222000055 ], [ -74.162972696999987, 4.661852271000043 ], [ -74.16298065999996, 4.662257846000045 ], [ -74.162980729999958, 4.66226264900007 ], [ -74.162980729999958, 4.662263848000066 ], [ -74.162898175999942, 4.662509260000036 ], [ -74.162863337999966, 4.662612931000069 ], [ -74.162862634999954, 4.662615050000056 ], [ -74.162834833999966, 4.662689415000045 ], [ -74.162796687999958, 4.662791392000031 ], [ -74.162755938999965, 4.662900292000074 ], [ -74.162755374999961, 4.662901774000034 ], [ -74.162629038999967, 4.66305015100005 ], [ -74.162544509999975, 4.663149446000034 ], [ -74.162542045999942, 4.663152342000046 ], [ -74.162529235999955, 4.663167454000074 ], [ -74.162462301999938, 4.663221200000066 ], [ -74.162284865999936, 4.66336364600005 ], [ -74.162282191999964, 4.663363151000055 ], [ -74.161964827999952, 4.663303767000059 ], [ -74.161958915999946, 4.663302637000072 ], [ -74.161759375999964, 4.663263939000046 ], [ -74.161730165999984, 4.663258290000044 ], [ -74.161690890999978, 4.663242756000045 ], [ -74.161651264999989, 4.663227007000046 ], [ -74.161611778999941, 4.66321133100007 ], [ -74.16122642199997, 4.663055479000036 ], [ -74.161086565999938, 4.662991075000036 ], [ -74.160853944999985, 4.662879709000038 ], [ -74.160844724999947, 4.662876744000073 ], [ -74.160561706999943, 4.662785015000054 ], [ -74.160457044999987, 4.662751119000063 ], [ -74.160315993999973, 4.662705429000027 ], [ -74.160214640999982, 4.662690459000032 ], [ -74.159283454999979, 4.662552625000046 ], [ -74.159201175999954, 4.662540408000041 ], [ -74.159129101999952, 4.662529747000065 ], [ -74.15912684999995, 4.662529393000057 ], [ -74.159125160999963, 4.662529817000063 ], [ -74.158813219999956, 4.662605811000049 ], [ -74.158786473999953, 4.66262014800003 ], [ -74.158699971999965, 4.662666406000028 ], [ -74.158569128999943, 4.662736464000034 ], [ -74.158568081999988, 4.662737025000069 ], [ -74.158477347999963, 4.662785616000065 ], [ -74.158473974999936, 4.663104541000052 ], [ -74.158473974999936, 4.663106448000065 ], [ -74.158527332999938, 4.663453760000039 ], [ -74.158527613999979, 4.663455738000039 ], [ -74.158522970999968, 4.663538224000035 ], [ -74.158516989999953, 4.663642955000057 ], [ -74.158516849999955, 4.663644933000057 ], [ -74.158519940999952, 4.66364728800005 ], [ -74.158519919999947, 4.663647671000035 ], [ -74.158967587999939, 4.663988726000071 ], [ -74.159642917999975, 4.664213803000052 ], [ -74.160163108999939, 4.664285028000052 ], [ -74.160615099999973, 4.664414107000027 ], [ -74.161054112999977, 4.664724678000027 ], [ -74.16105373299996, 4.664731599000049 ], [ -74.161028262999935, 4.66515193500004 ], [ -74.161028120999958, 4.665153984000028 ], [ -74.161027979999972, 4.665155114000072 ], [ -74.160999759999982, 4.665358784000034 ], [ -74.160968161999961, 4.665583149000042 ], [ -74.160961899999961, 4.665627569000037 ], [ -74.160961616999941, 4.665629616000047 ], [ -74.160748291999937, 4.666093036000063 ], [ -74.16074737699995, 4.666094943000076 ], [ -74.16057944399995, 4.666346851000071 ], [ -74.16057817799998, 4.666348545000062 ], [ -74.160374699999977, 4.666616910000073 ], [ -74.160375263999981, 4.666619098000069 ], [ -74.160420805999934, 4.666810621000025 ], [ -74.160421086999975, 4.666811822000057 ], [ -74.160421861999964, 4.666813236000053 ], [ -74.160424042999978, 4.666815791000033 ], [ -74.160424219999982, 4.666816526000048 ], [ -74.160523287, 4.666932110000062 ], [ -74.160680108999941, 4.667115910000064 ], [ -74.160680792999983, 4.667115874000046 ], [ -74.160683147999976, 4.667118622000032 ], [ -74.16092864899997, 4.667105602000049 ], [ -74.161614250999946, 4.667141572000048 ], [ -74.162116964999939, 4.667155578000063 ], [ -74.162830944999939, 4.66715692300005 ], [ -74.164117013999942, 4.667303796000056 ], [ -74.164689100999965, 4.667460622000021 ], [ -74.165198574999977, 4.667652430000032 ], [ -74.165971751999962, 4.667985701000021 ], [ -74.167098992999968, 4.668311101000029 ], [ -74.16780793099997, 4.668432847000076 ], [ -74.168568223999955, 4.668542752000064 ], [ -74.169764477999934, 4.668942178000066 ], [ -74.170169449999946, 4.669258656000068 ], [ -74.170305644999985, 4.669528132000039 ], [ -74.170463668999957, 4.669844438000041 ], [ -74.170464513999946, 4.669846134000068 ], [ -74.170609806999948, 4.67038793200004 ], [ -74.170610298999975, 4.670389768000064 ], [ -74.170610017999934, 4.670394500000043 ], [ -74.170589406999966, 4.670732351000026 ], [ -74.17058891399995, 4.670733621000068 ], [ -74.170494464999933, 4.670978962000049 ], [ -74.170493338999961, 4.670980517000032 ], [ -74.170262696999941, 4.671295706000024 ], [ -74.170261359999984, 4.671297259000028 ], [ -74.169841881999957, 4.671779332000028 ], [ -74.169330051999964, 4.67213188900007 ], [ -74.168680828999982, 4.672417217000032 ], [ -74.168628235999961, 4.672439623000059 ], [ -74.168581231999951, 4.672378883000022 ], [ -74.168177395999976, 4.672530787000028 ], [ -74.167650357999946, 4.672719633000042 ], [ -74.16716097699998, 4.67292745900005 ], [ -74.166709255999933, 4.673116302000039 ], [ -74.166450098999974, 4.673260112000037 ], [ -74.166439928999978, 4.67326141500007 ], [ -74.166435845999956, 4.673261911000054 ], [ -74.166424654999958, 4.673263889000054 ], [ -74.166408927999953, 4.673266706000049 ], [ -74.166106896999963, 4.67326745400004 ], [ -74.165881031999959, 4.673172904000069 ], [ -74.165603801999964, 4.672997408000072 ], [ -74.165602830999944, 4.672995903000071 ], [ -74.165600224999935, 4.672991880000041 ], [ -74.165400231999968, 4.672630261000052 ], [ -74.165214595999942, 4.67210517500007 ], [ -74.165155580999965, 4.671807508000029 ], [ -74.165015117999985, 4.671284306000075 ], [ -74.164770422999936, 4.671076674000062 ], [ -74.164584984999976, 4.671098521000033 ], [ -74.164571988999967, 4.671096935000037 ], [ -74.164428965999946, 4.671079495000072 ], [ -74.164427910999962, 4.671080909000068 ], [ -74.164370337999969, 4.671155486000032 ], [ -74.164365380999982, 4.671161801000039 ], [ -74.164111668999965, 4.671303304000048 ], [ -74.163697519999971, 4.671832118000054 ], [ -74.163528063999934, 4.672417517000042 ], [ -74.163501457999985, 4.672983775000034 ], [ -74.163498381999943, 4.672993697000038 ], [ -74.163497817999939, 4.67299560500004 ], [ -74.163495848999958, 4.673001678000048 ], [ -74.163463392999972, 4.673101426000073 ], [ -74.163321045999965, 4.673494118000065 ], [ -74.163114019999966, 4.673966251000024 ], [ -74.163001047999956, 4.674306137000031 ], [ -74.162850505999984, 4.674589526000034 ], [ -74.162662214999955, 4.674891718000026 ], [ -74.16241761699996, 4.675288282000054 ], [ -74.16202229299995, 4.675647153000057 ], [ -74.161325877999957, 4.676100400000053 ], [ -74.160685856999976, 4.676289331000021 ], [ -74.159932947999948, 4.67644038800006 ], [ -74.159275543999968, 4.676663051000048 ], [ -74.159239717999981, 4.67667151400002 ], [ -74.159220010999945, 4.676676175000068 ], [ -74.159155044999977, 4.676698139000052 ], [ -74.159040838999942, 4.676736806000065 ], [ -74.15865290499994, 4.676855942000032 ], [ -74.158088201999988, 4.677101368000024 ], [ -74.157598815999961, 4.677403560000073 ], [ -74.157259976999967, 4.677762428000051 ], [ -74.157053960999974, 4.678038621000042 ], [ -74.157029277999982, 4.678066100000024 ], [ -74.157024421999949, 4.678071469000031 ], [ -74.157023506999963, 4.678072458000031 ], [ -74.157022733999952, 4.678074365000043 ], [ -74.157006914999954, 4.678115131000027 ], [ -74.156864649999989, 4.678404594000028 ], [ -74.156870667999954, 4.678466855000067 ], [ -74.156868664999934, 4.678472034000038 ], [ -74.15681038699995, 4.678622669000049 ], [ -74.156809682999949, 4.678624576000061 ], [ -74.156817923999938, 4.67898438800006 ], [ -74.156837636999967, 4.67935585500004 ], [ -74.15683714499994, 4.679357760000073 ], [ -74.157033737999939, 4.679763617000049 ], [ -74.15715316099994, 4.67988798600004 ], [ -74.15735413799996, 4.680274312000051 ], [ -74.157542346999946, 4.680557607000026 ], [ -74.157805874999951, 4.681029737000074 ], [ -74.158144720999985, 4.681539650000047 ], [ -74.158427078999978, 4.68199297600006 ], [ -74.158690605999936, 4.682295072000045 ], [ -74.158935303999954, 4.682597259000033 ], [ -74.159103561999984, 4.68272634300007 ], [ -74.159229060999962, 4.682879092000064 ], [ -74.159231453999951, 4.682880645000068 ], [ -74.159527642999933, 4.683068634000051 ], [ -74.159532992999971, 4.683072023000022 ], [ -74.160069967999959, 4.683085995000056 ], [ -74.160911779999935, 4.682646505000037 ], [ -74.160964427999943, 4.68261896100006 ], [ -74.160980967999933, 4.682610346000047 ], [ -74.161418339999955, 4.682217967000042 ], [ -74.162099945999955, 4.681600583000034 ], [ -74.162337140999966, 4.681294720000039 ], [ -74.162338688999967, 4.681293308000022 ], [ -74.162394925999934, 4.681241753000052 ], [ -74.162491351999961, 4.68115107400007 ], [ -74.162492196999949, 4.681149236000067 ], [ -74.162518450999983, 4.681092317000036 ], [ -74.162592280999945, 4.68093249900005 ], [ -74.162592702999973, 4.680931509000061 ], [ -74.162592421999989, 4.680927909000047 ], [ -74.162580874999946, 4.68077409600005 ], [ -74.162580734999949, 4.680772403000049 ], [ -74.162580170999945, 4.680770566000035 ], [ -74.162528221999935, 4.680593027000043 ], [ -74.162372804999961, 4.680370433000064 ], [ -74.162108147999959, 4.680113944000027 ], [ -74.161787181999955, 4.67985802000004 ], [ -74.161506198999973, 4.679705485000056 ], [ -74.161184670999944, 4.679483460000029 ], [ -74.160881164999978, 4.67934787400003 ], [ -74.160663246999945, 4.679206071000067 ], [ -74.160228380999968, 4.678820416000065 ], [ -74.160227719999966, 4.678818293000063 ], [ -74.160276677999946, 4.67869457300003 ], [ -74.160278084999959, 4.678693018000047 ], [ -74.16042392199995, 4.678527126000063 ], [ -74.160424554999963, 4.678525644000047 ], [ -74.160549132999961, 4.678240616000039 ], [ -74.160841651999988, 4.678034609000065 ], [ -74.160937515999933, 4.677967093000063 ], [ -74.161079622999978, 4.677867020000065 ], [ -74.161083211999937, 4.677864619000047 ], [ -74.16126079299994, 4.677744207000046 ], [ -74.161507982999979, 4.677576547000058 ], [ -74.16150988399994, 4.677575699000045 ], [ -74.161605045999977, 4.677535019000061 ], [ -74.161958306999963, 4.677384096000026 ], [ -74.161959643999978, 4.677383248000069 ], [ -74.162358091999977, 4.677128932000073 ], [ -74.162830231999976, 4.676831327000059 ], [ -74.162880205999954, 4.676799828000071 ], [ -74.162881471999981, 4.676798839000071 ], [ -74.16304652499997, 4.676671223000028 ], [ -74.163144216999967, 4.676595727000063 ], [ -74.16332573699998, 4.676455329000021 ], [ -74.163697155999955, 4.676168034000057 ], [ -74.16388515999995, 4.676022661000047 ], [ -74.163907679999966, 4.676010241000029 ], [ -74.164551029999984, 4.67567387400004 ], [ -74.164767793999943, 4.675615204000053 ], [ -74.165015188999973, 4.675571540000021 ], [ -74.165146905999961, 4.675609322000071 ], [ -74.16522222499998, 4.67568489100006 ], [ -74.165335203999973, 4.675779261000059 ], [ -74.165391695999972, 4.675987077000059 ], [ -74.165410441999938, 4.676364745000058 ], [ -74.16552343099994, 4.67708247500002 ], [ -74.165598758999977, 4.677705654000022 ], [ -74.165762402999974, 4.678065790000062 ], [ -74.165767599999981, 4.678080535000049 ], [ -74.165768161999949, 4.678082019000044 ], [ -74.16577, 4.678082509000035 ], [ -74.16577102499997, 4.678084765000051 ], [ -74.165881120999984, 4.67817787000007 ], [ -74.166053160999979, 4.678177867000045 ], [ -74.166080888999943, 4.678190977000042 ], [ -74.166088701999968, 4.678194650000023 ], [ -74.16612199399998, 4.678199523000046 ], [ -74.166189283999984, 4.678209265000021 ], [ -74.166277335999951, 4.678222117000075 ], [ -74.166528684999946, 4.678220555000053 ], [ -74.166841827999974, 4.678092016000051 ], [ -74.166842882999958, 4.678091099000028 ], [ -74.16727947399994, 4.677705848000073 ], [ -74.167746120999936, 4.677327730000059 ], [ -74.167756887999985, 4.677318971000034 ], [ -74.168118938999953, 4.676863386000036 ], [ -74.168120205999969, 4.67686190400002 ], [ -74.16853933699997, 4.676379902000065 ], [ -74.168827695999937, 4.676027919000035 ], [ -74.16882910299995, 4.676026293000064 ], [ -74.169258791999937, 4.675538078000045 ], [ -74.169259987999965, 4.675537232000067 ], [ -74.169491058999938, 4.675363621000031 ], [ -74.169506961999957, 4.675356673000067 ], [ -74.169706606999966, 4.675320961000068 ], [ -74.169895330999964, 4.675388499000064 ], [ -74.169895685999961, 4.675388851000037 ], [ -74.169984459999966, 4.675552546000063 ], [ -74.170095475999972, 4.675772474000041 ], [ -74.170095893999985, 4.675773995000043 ], [ -74.170247664999977, 4.676372996000055 ], [ -74.170248086999948, 4.676374691000035 ], [ -74.17028314199996, 4.676467134000063 ], [ -74.170343116999959, 4.676625109000042 ], [ -74.170386406999967, 4.676739231000056 ], [ -74.170387041999959, 4.67674078500005 ], [ -74.170409918999951, 4.67681211200005 ], [ -74.170473835999985, 4.67701549800006 ], [ -74.170548380999946, 4.677207514000031 ], [ -74.170549295999933, 4.677209915000049 ], [ -74.170551496999963, 4.677210965000029 ], [ -74.170552176999934, 4.677212718000021 ], [ -74.170570263999934, 4.677219918000048 ], [ -74.170585263999953, 4.677227074000029 ], [ -74.170715407999978, 4.677289145000032 ], [ -74.170955707999951, 4.677356370000041 ], [ -74.171176215999935, 4.677108058000044 ], [ -74.171176850999984, 4.677106221000031 ], [ -74.171255463999955, 4.676873170000022 ], [ -74.171255463999955, 4.676871333000065 ], [ -74.171256655999969, 4.676748807000024 ], [ -74.171259319999933, 4.676477693000038 ], [ -74.171259460999977, 4.676475856000025 ], [ -74.171291403999987, 4.676114135000034 ], [ -74.171301464999942, 4.676001777000067 ], [ -74.171301182999969, 4.67599965900007 ], [ -74.17120824899996, 4.675255317000051 ], [ -74.171194166999953, 4.675142747000052 ], [ -74.171193955999968, 4.675140842000076 ], [ -74.17116938199996, 4.674896495000041 ], [ -74.171168608999949, 4.674894798000025 ], [ -74.171162610999943, 4.674881029000062 ], [ -74.17116305199994, 4.674879112000042 ], [ -74.171114029999956, 4.674767893000023 ], [ -74.171170243999939, 4.674624255000026 ], [ -74.171249070999977, 4.674440391000076 ], [ -74.171511238999983, 4.674335617000054 ], [ -74.171775035999985, 4.674511608000046 ], [ -74.17226317099994, 4.674944132000064 ], [ -74.173105734999979, 4.675426093000056 ], [ -74.173484405999943, 4.675698803000046 ], [ -74.173931085999982, 4.675970778000021 ], [ -74.17422346099994, 4.676282810000032 ], [ -74.174227683999959, 4.676287330000036 ], [ -74.17422812999996, 4.67628753200006 ], [ -74.174230574999967, 4.676290141000038 ], [ -74.174579961999939, 4.676448503000074 ], [ -74.174853121999945, 4.676571969000065 ], [ -74.17498244899997, 4.676810105000072 ], [ -74.174984560999974, 4.676814060000027 ], [ -74.174985546999949, 4.676815542000043 ], [ -74.175014765999947, 4.677031148000026 ], [ -74.175015046999988, 4.677033196000025 ], [ -74.175014695999948, 4.677045695000061 ], [ -74.175012867999953, 4.67711236100007 ], [ -74.175005559999988, 4.677375142000074 ], [ -74.175004714999943, 4.677376766000066 ], [ -74.17487627099996, 4.677628394000067 ], [ -74.174875425999971, 4.677630019000048 ], [ -74.174690754999972, 4.678162155000052 ], [ -74.174690122999948, 4.67816399000003 ], [ -74.174522127999978, 4.678604600000028 ], [ -74.174521424999966, 4.678606367000043 ], [ -74.174248650999971, 4.67963228800005 ], [ -74.174248156999965, 4.679634123000028 ], [ -74.17420967299995, 4.680063572000051 ], [ -74.174199119999969, 4.680181790000063 ], [ -74.174189761999969, 4.680285886000036 ], [ -74.174189620999982, 4.680287723000049 ], [ -74.17415824699998, 4.680750502000024 ], [ -74.174158035999938, 4.680752127000062 ], [ -74.174133547999986, 4.680915827000035 ], [ -74.174116659999981, 4.681028962000028 ], [ -74.174099349999949, 4.681144851000056 ], [ -74.17409695799995, 4.681160883000075 ], [ -74.174087175999944, 4.681225995000034 ], [ -74.174086824999961, 4.681228185000066 ], [ -74.174020322999979, 4.681547465000051 ], [ -74.174019898999973, 4.68154951300005 ], [ -74.173854663999975, 4.682329032000041 ], [ -74.173853748999989, 4.682333199000027 ], [ -74.173853044999987, 4.682335317000025 ], [ -74.173685113999966, 4.68261018000004 ], [ -74.173683635999964, 4.68261116900004 ], [ -74.173377323999944, 4.68281810000002 ], [ -74.173098035999942, 4.682957093000027 ], [ -74.172591263999948, 4.683178015000067 ], [ -74.17108897199995, 4.684127214000057 ], [ -74.170766405999984, 4.684576373000027 ], [ -74.170765279999955, 4.684577928000067 ], [ -74.170740364999972, 4.684615781000048 ], [ -74.17038725499998, 4.685151452000071 ], [ -74.170386058999952, 4.685153289000027 ], [ -74.170069825999974, 4.685571869000057 ], [ -74.169763515999989, 4.68594080400004 ], [ -74.169513228999961, 4.68621390200002 ], [ -74.169509218999963, 4.686218351000036 ], [ -74.169507881999948, 4.686219269000048 ], [ -74.169224088999954, 4.686408048000033 ], [ -74.169014061999974, 4.686627262000059 ], [ -74.168490392999956, 4.686876994000045 ], [ -74.168171129999962, 4.687192822000043 ], [ -74.167737558999988, 4.687571927000022 ], [ -74.167736995999974, 4.687574328000039 ], [ -74.167705255999977, 4.687712181000052 ], [ -74.167635721999943, 4.688014018000047 ], [ -74.167636215999948, 4.688015711000048 ], [ -74.167732866999984, 4.688323617000037 ], [ -74.167735189999973, 4.688325881000026 ], [ -74.167735905999962, 4.68832814600006 ], [ -74.168005114999971, 4.688591279000036 ], [ -74.168251348999945, 4.688820062000048 ], [ -74.168880486999967, 4.689076678000049 ], [ -74.169504040999982, 4.68936185900003 ], [ -74.17013372699995, 4.68987646000005 ], [ -74.170281573999944, 4.690151677000074 ], [ -74.170515682999962, 4.690587773000061 ], [ -74.170516457999952, 4.690589256000067 ], [ -74.170713421999949, 4.691221235000057 ], [ -74.170714477999979, 4.691224696000063 ], [ -74.170722996999984, 4.691252095000038 ], [ -74.170723629999941, 4.691253862000053 ], [ -74.170749043999933, 4.691367562000039 ], [ -74.170873154999981, 4.691922566000073 ], [ -74.170873576999952, 4.691924331000052 ], [ -74.171053575999963, 4.692466129000024 ], [ -74.171103554999945, 4.692615772000067 ], [ -74.171121013999937, 4.692667889000063 ], [ -74.17126426699997, 4.693090621000067 ], [ -74.171265588999972, 4.693092665000052 ], [ -74.171266753999987, 4.693096103000073 ], [ -74.171427311999935, 4.693342243000075 ], [ -74.171747695999954, 4.693519318000028 ], [ -74.172222009999984, 4.69395305200004 ], [ -74.172369819999972, 4.694367208000074 ], [ -74.172370026999943, 4.694369507000033 ], [ -74.172370167999986, 4.694371574000058 ], [ -74.172423124999966, 4.69506662200007 ], [ -74.172423264999964, 4.695068741000057 ], [ -74.172407022999948, 4.695507863000046 ], [ -74.17240695299995, 4.695510264000063 ], [ -74.172392891999948, 4.695994158000076 ], [ -74.172391828999935, 4.696039341000073 ], [ -74.172391266999966, 4.696058716000039 ], [ -74.172390248999989, 4.69606008300002 ], [ -74.171730227999944, 4.696948553000027 ], [ -74.171039883999981, 4.697460438000064 ], [ -74.170247059999951, 4.698127690000035 ], [ -74.169625415999974, 4.698753694000061 ], [ -74.169266665999942, 4.699311470000055 ], [ -74.169265750999955, 4.699312882000072 ], [ -74.169200245999946, 4.700102285000071 ], [ -74.16920003499996, 4.700104404000058 ], [ -74.169144020999966, 4.700577989000067 ], [ -74.16914458499997, 4.700580108000054 ], [ -74.169169223999972, 4.700671348000071 ], [ -74.169218007999973, 4.700852206000036 ], [ -74.169218288999957, 4.700853266000024 ], [ -74.169219204999933, 4.70085474900003 ], [ -74.169220795999934, 4.700856485000031 ], [ -74.169221223999955, 4.700858057000062 ], [ -74.169393131999982, 4.701046887000075 ], [ -74.170301663999965, 4.700998957000024 ], [ -74.17102702699998, 4.700865426000064 ], [ -74.172038266999948, 4.700748519000058 ], [ -74.173020945999951, 4.700631611000063 ], [ -74.173809376999941, 4.700572471000044 ], [ -74.174529518999975, 4.700605172000053 ], [ -74.175313005999953, 4.700867201000051 ], [ -74.175730610999949, 4.701089830000058 ], [ -74.17615398199996, 4.701312458000075 ], [ -74.176754400999982, 4.701757796000038 ], [ -74.176878811999984, 4.702085661000069 ], [ -74.176879515999985, 4.702087568000024 ], [ -74.176886625999941, 4.702110309000034 ], [ -74.177033617999939, 4.702578447000064 ], [ -74.177034038999977, 4.702579790000073 ], [ -74.177033474999973, 4.702582755000037 ], [ -74.176995192999982, 4.702778872000067 ], [ -74.176818105999985, 4.702991801000053 ], [ -74.176161531999981, 4.703170924000062 ], [ -74.175265076999949, 4.703419547000067 ], [ -74.174156893999964, 4.703680041000041 ], [ -74.173448513999972, 4.703871027000048 ], [ -74.172507013999962, 4.704262586000027 ], [ -74.171872963999988, 4.70448803000005 ], [ -74.17119329999997, 4.704643985000075 ], [ -74.170558676999974, 4.70464570300004 ], [ -74.169958966999957, 4.704589791000046 ], [ -74.168912708999983, 4.704459883000027 ], [ -74.16833552199995, 4.704398321000042 ], [ -74.16780394999995, 4.704451444000028 ], [ -74.167164265999986, 4.704618693000043 ], [ -74.166393380999978, 4.704918712000051 ], [ -74.165885463999984, 4.705114771000069 ], [ -74.165537468999958, 4.705310823000048 ], [ -74.165305694999972, 4.705390489000024 ], [ -74.165273020999962, 4.705401719000065 ], [ -74.165274498999963, 4.705402849000052 ], [ -74.164709214999959, 4.705664444000035 ], [ -74.164303639999957, 4.705779778000021 ], [ -74.164302302999943, 4.705780132000029 ], [ -74.164277033999952, 4.705781968000053 ], [ -74.16414188899995, 4.705791576000024 ], [ -74.163992874999963, 4.705802173000052 ], [ -74.163676548999945, 4.705824708000023 ], [ -74.163111822999952, 4.705824722000045 ], [ -74.162560681999935, 4.705845426000053 ], [ -74.162255405999986, 4.705869161000066 ], [ -74.162235275999933, 4.705870717000039 ], [ -74.162198953999962, 4.705869870000072 ], [ -74.161869395999986, 4.705862532000026 ], [ -74.16168089599995, 4.705945517000032 ], [ -74.161572499999977, 4.705993188000036 ], [ -74.161569614999962, 4.706000391000032 ], [ -74.161549835999949, 4.706050038000058 ], [ -74.161511756999971, 4.70614573000006 ], [ -74.161537029999977, 4.706221858000049 ], [ -74.161568211999963, 4.706315714000027 ], [ -74.161570793999942, 4.706318244000045 ], [ -74.161570837999989, 4.706318378000049 ], [ -74.161932492999938, 4.706672811000033 ], [ -74.162060385999951, 4.706755157000032 ], [ -74.162122605999969, 4.706861106000076 ], [ -74.162123589999965, 4.706862801000057 ], [ -74.162133587999961, 4.70695312600003 ], [ -74.162140556999987, 4.707016047000025 ], [ -74.162139924999963, 4.70701710700007 ], [ -74.16214415099995, 4.707116825000071 ], [ -74.162151825999956, 4.70729775500007 ], [ -74.161993806999988, 4.707432432000076 ], [ -74.161867531999974, 4.707539989000054 ], [ -74.161857887999986, 4.707545146000029 ], [ -74.161474133999945, 4.707751155000039 ], [ -74.160871752999981, 4.708015572000022 ], [ -74.160368124999934, 4.708168335000039 ], [ -74.160350456999936, 4.708173633000058 ], [ -74.160348908999936, 4.708173844000044 ], [ -74.159798821999971, 4.708279998000023 ], [ -74.159133365999935, 4.708296818000065 ], [ -74.159044605999952, 4.708299080000074 ], [ -74.159027079999987, 4.708299644000022 ], [ -74.158537594999984, 4.708242238000025 ], [ -74.158072533999984, 4.70812120100004 ], [ -74.158029315999954, 4.708109973000035 ], [ -74.157767890999935, 4.708032296000056 ], [ -74.15752110699998, 4.707958924000025 ], [ -74.157491541999946, 4.707956595000041 ], [ -74.157308391999948, 4.707942050000042 ], [ -74.157017191999955, 4.707918819000042 ], [ -74.15700585999997, 4.70791550000007 ], [ -74.156525527999975, 4.707882175000066 ], [ -74.15608573999998, 4.708043761000056 ], [ -74.156080953999947, 4.708048704000021 ], [ -74.156076448999954, 4.70805329500007 ], [ -74.156060400999934, 4.708066006000024 ], [ -74.155762941999967, 4.70830174300005 ], [ -74.155695156999968, 4.708355487000063 ], [ -74.155635186999973, 4.708427663000066 ], [ -74.155412761999969, 4.708695460000058 ], [ -74.155111573999989, 4.709224273000075 ], [ -74.155077437999978, 4.709346163000021 ], [ -74.154942225999946, 4.70982871700005 ], [ -74.154862971999989, 4.710209719000034 ], [ -74.154811872999971, 4.710455126000056 ], [ -74.154811450999944, 4.710457034000058 ], [ -74.154809270999976, 4.710646790000055 ], [ -74.154806316999952, 4.710907593000059 ], [ -74.154806316999952, 4.710909994000076 ], [ -74.154806176999955, 4.710913668000046 ], [ -74.154784925999934, 4.711452222000048 ], [ -74.154784854999946, 4.711454693000064 ], [ -74.154768246999936, 4.711795510000059 ], [ -74.154751780999959, 4.712134631000026 ], [ -74.154751640999962, 4.712137031000054 ], [ -74.154781349999951, 4.71266810000003 ], [ -74.154781490999937, 4.712670219000074 ], [ -74.154782827999952, 4.712676151000039 ], [ -74.154885743999955, 4.713133773000038 ], [ -74.154889262999973, 4.713169931000039 ], [ -74.154933331999985, 4.713626778000048 ], [ -74.154934036999975, 4.71363440500005 ], [ -74.154942272999961, 4.713719150000031 ], [ -74.154964728999971, 4.713837579000028 ], [ -74.154965290999939, 4.713840616000027 ], [ -74.154974583999945, 4.713889627000071 ], [ -74.154984860999946, 4.713943934000042 ], [ -74.15501745399996, 4.714115826000068 ], [ -74.155092772999978, 4.714418010000031 ], [ -74.155258405999973, 4.714903951000053 ], [ -74.155260728999963, 4.714910872000075 ], [ -74.155337527999961, 4.715267930000039 ], [ -74.155344496999987, 4.715291658000069 ], [ -74.155431711999938, 4.715588970000056 ], [ -74.155548493999959, 4.715934306000065 ], [ -74.155549267999959, 4.71593656500005 ], [ -74.155561097999964, 4.71632547400003 ], [ -74.155567717999986, 4.716543480000041 ], [ -74.155567857999984, 4.716547648000073 ], [ -74.155568068999969, 4.716549907000058 ], [ -74.155589822999957, 4.716715796000074 ], [ -74.155612700999939, 4.716890440000043 ], [ -74.155613616999972, 4.716897501000062 ], [ -74.155613897999956, 4.716899620000049 ], [ -74.155611293999982, 4.716918688000021 ], [ -74.155541332999974, 4.717379279000056 ], [ -74.155520077999938, 4.717589235000048 ], [ -74.155518880999978, 4.717597990000058 ], [ -74.155518670999982, 4.717599405000044 ], [ -74.155475523999939, 4.717916846000037 ], [ -74.155467008999949, 4.717979556000046 ], [ -74.155469761999939, 4.717980899000054 ], [ -74.155469582999956, 4.717982199000062 ], [ -74.155664738999974, 4.718077387000051 ], [ -74.155979364999951, 4.718185589000029 ], [ -74.156156046999968, 4.718007511000053 ], [ -74.156240466999975, 4.717393823000066 ], [ -74.156348493999985, 4.717175700000041 ], [ -74.156782298999985, 4.717449204000047 ], [ -74.157063726999979, 4.717827630000045 ], [ -74.157077945999959, 4.717846768000072 ], [ -74.157078931999934, 4.717848039000046 ], [ -74.157080875999952, 4.717849810000075 ], [ -74.157081448999975, 4.71785058100005 ], [ -74.157537733999959, 4.718266408000034 ], [ -74.157910670999968, 4.718729090000068 ], [ -74.157915317999937, 4.718734882000035 ], [ -74.157916659999955, 4.718735970000068 ], [ -74.157917840999971, 4.718737436000026 ], [ -74.158166154999947, 4.718941545000064 ], [ -74.158467446999964, 4.719189133000043 ], [ -74.158702246999951, 4.719394960000045 ], [ -74.159222929999942, 4.719703472000049 ], [ -74.159680452999964, 4.719845748000068 ], [ -74.16011457999997, 4.719965039000044 ], [ -74.160341683999945, 4.720231504000026 ], [ -74.160474664999981, 4.720970831000045 ], [ -74.160475942999938, 4.721501547000059 ], [ -74.160475942999938, 4.72150394800002 ], [ -74.160475520999967, 4.721506914000031 ], [ -74.160472915999947, 4.721524498000065 ], [ -74.160390923999955, 4.722071812000024 ], [ -74.160356363999938, 4.722224777000065 ], [ -74.160292948999938, 4.722505283000032 ], [ -74.160244383999952, 4.722717500000044 ], [ -74.160243819999948, 4.722719831000063 ], [ -74.160062926999956, 4.723268277000045 ], [ -74.160062153999945, 4.723270537000076 ], [ -74.16006039399997, 4.723273926000047 ], [ -74.159767931999966, 4.723837203000073 ], [ -74.159766594999951, 4.723838899000043 ], [ -74.159408386999985, 4.724290454000027 ], [ -74.159009141999945, 4.724772942000072 ], [ -74.158558649999975, 4.725163907000024 ], [ -74.157936402999951, 4.725526626000033 ], [ -74.157411009999976, 4.725545279000073 ], [ -74.157079328999941, 4.725562797000066 ], [ -74.156893499999967, 4.725467851000076 ], [ -74.157017427999961, 4.725000330000057 ], [ -74.157347639999955, 4.724449193000055 ], [ -74.157507474999989, 4.724334121000027 ], [ -74.157489904999977, 4.724162190000072 ], [ -74.157487798999966, 4.724159711000027 ], [ -74.157487783999954, 4.724159555000028 ], [ -74.157487572999969, 4.724157154000068 ], [ -74.157104077999975, 4.723705187000064 ], [ -74.156531941999958, 4.723465650000037 ], [ -74.155765530999986, 4.723272442000052 ], [ -74.155411325999978, 4.723233464000032 ], [ -74.154765424999937, 4.723200138000038 ], [ -74.154239468999947, 4.723195625000074 ], [ -74.153696618999959, 4.723168512000029 ], [ -74.15337113399994, 4.723100155000054 ], [ -74.15258782799998, 4.722906944000044 ], [ -74.152078764999942, 4.722764577000021 ], [ -74.151501565, 4.722708648000037 ], [ -74.151101184999959, 4.722726730000034 ], [ -74.150718826999935, 4.72290526200004 ], [ -74.150717770999961, 4.722907522000071 ], [ -74.150354700999969, 4.723685907000061 ], [ -74.150353716999973, 4.723687955000059 ], [ -74.150121429999956, 4.724030678000076 ], [ -74.150120232999939, 4.724032445000034 ], [ -74.149891255999989, 4.724387174000071 ], [ -74.149802633999968, 4.724524461000044 ], [ -74.14980143799994, 4.724526368000056 ], [ -74.149718236999945, 4.724658712000064 ], [ -74.149477784999988, 4.725040911000065 ], [ -74.149476518999961, 4.725042890000054 ], [ -74.149294348999945, 4.725356163000072 ], [ -74.14923367199998, 4.725460614000042 ], [ -74.149231983999982, 4.725461672000051 ], [ -74.14855363099997, 4.725891684000032 ], [ -74.147725837999985, 4.726277559000039 ], [ -74.146601840999949, 4.726887724000051 ], [ -74.146070814999973, 4.727199020000057 ], [ -74.145277369999974, 4.727613140000074 ], [ -74.144638221999969, 4.727918784000053 ], [ -74.144124649999981, 4.728223865000075 ], [ -74.143485498999951, 4.728586570000061 ], [ -74.142874505999941, 4.728874136000059 ], [ -74.14239472099996, 4.729041928000072 ], [ -74.141703762999953, 4.729140793000056 ], [ -74.14090975199997, 4.729320446000031 ], [ -74.140344370999969, 4.72948202200007 ], [ -74.139715917999979, 4.729741335000028 ], [ -74.138893747999987, 4.730133413000033 ], [ -74.138580083999955, 4.730311375000042 ], [ -74.138345821999962, 4.730409676000022 ], [ -74.138072139999963, 4.730570687000068 ], [ -74.137694842999963, 4.730634525000028 ], [ -74.137392440999974, 4.730721525000035 ], [ -74.137066390999962, 4.730698922000045 ], [ -74.136917728999947, 4.730458809000027 ], [ -74.136771886999952, 4.730093875000023 ], [ -74.136683777999963, 4.729873224000073 ], [ -74.136511122999934, 4.729317435000041 ], [ -74.136189034999973, 4.72839519200005 ], [ -74.136187381999946, 4.728390457000046 ], [ -74.136003803999984, 4.728287630000068 ], [ -74.135569633999978, 4.728288753000072 ], [ -74.134998059999987, 4.728313037000021 ], [ -74.134473222999986, 4.728509072000065 ], [ -74.133787894999955, 4.728705668000032 ], [ -74.133170703999951, 4.728936163000071 ], [ -74.132434687999989, 4.729333318000045 ], [ -74.131949967999958, 4.729753220000021 ], [ -74.131948417999979, 4.729754562000039 ], [ -74.131935607999935, 4.729768616000058 ], [ -74.131550559999937, 4.730189789000065 ], [ -74.131549997999969, 4.730192118000048 ], [ -74.131502900999976, 4.730387385000029 ], [ -74.131452706999937, 4.730595080000057 ], [ -74.131425957999966, 4.730705672000056 ], [ -74.130975027999966, 4.730873386000042 ], [ -74.130580837999958, 4.730862643000023 ], [ -74.130037426999934, 4.730582971000047 ], [ -74.129539627999975, 4.730325900000025 ], [ -74.129448608999951, 4.730106520000049 ], [ -74.129391922999957, 4.72996962000002 ], [ -74.129602406999936, 4.72952203400007 ], [ -74.129663947999973, 4.728931223000075 ], [ -74.129645663999952, 4.728398108000022 ], [ -74.129498029999979, 4.728091254000049 ], [ -74.129368498999952, 4.727820835000045 ], [ -74.129058233999956, 4.727098800000022 ], [ -74.128925908999975, 4.726766596000061 ], [ -74.128606053999988, 4.726738904000058 ], [ -74.128604433999953, 4.726740458000052 ], [ -74.128144068999973, 4.727175964000025 ], [ -74.128142448999938, 4.727177446000042 ], [ -74.127628012999935, 4.727925519000053 ], [ -74.127626254999939, 4.727928061000057 ], [ -74.127624493999974, 4.727929756000037 ], [ -74.127577823999957, 4.72797728300003 ], [ -74.127155467999955, 4.728390121000075 ], [ -74.12716250699998, 4.728398595000044 ], [ -74.12716328199997, 4.728399583000055 ], [ -74.127175386999966, 4.72841406200007 ], [ -74.12701594899994, 4.728549438000073 ], [ -74.127014822999968, 4.728550427000073 ], [ -74.12654262999996, 4.728951256000073 ], [ -74.12654079899994, 4.728952810000067 ], [ -74.126404937999951, 4.729170528000054 ], [ -74.126308920999975, 4.72932441100005 ], [ -74.126307793999956, 4.72932617500004 ], [ -74.126303782999969, 4.729330976000028 ], [ -74.126029107999955, 4.729656885000054 ], [ -74.126029388999939, 4.72965836700007 ], [ -74.126028473999952, 4.729659426000069 ], [ -74.126106102999984, 4.730075667000051 ], [ -74.126113703999977, 4.730116488000021 ], [ -74.126126793999958, 4.730186685000035 ], [ -74.126170222999974, 4.730275810000023 ], [ -74.126320710999948, 4.730586616000039 ], [ -74.126321412999971, 4.730588028000057 ], [ -74.126855026999976, 4.731320311000047 ], [ -74.126925063999977, 4.731400538000059 ], [ -74.127279401999942, 4.731806264000056 ], [ -74.127322689999971, 4.731855842000073 ], [ -74.127324872999964, 4.731858312000043 ], [ -74.127340428999958, 4.731886913000039 ], [ -74.127461425999968, 4.732108739000068 ], [ -74.127537162999943, 4.73224758200007 ], [ -74.12785903799994, 4.733135575000063 ], [ -74.128151772999956, 4.73399856900005 ], [ -74.128152474999979, 4.734000687000048 ], [ -74.128349326999967, 4.735271161000071 ], [ -74.128349607999951, 4.735273068000026 ], [ -74.128299471999981, 4.73595399200002 ], [ -74.128091248999965, 4.736136896000062 ], [ -74.127916249999942, 4.736290632000021 ], [ -74.127913294999985, 4.73629324500007 ], [ -74.127911533999963, 4.736293597000042 ], [ -74.127209795999988, 4.736442729000032 ], [ -74.126657146999946, 4.736675056000024 ], [ -74.126655385999982, 4.736675763000051 ], [ -74.126649400999952, 4.736759024000037 ], [ -74.126639330999978, 4.736891225000022 ], [ -74.126629260999948, 4.737023075000025 ], [ -74.126627710999969, 4.737042776000067 ], [ -74.126630161999969, 4.737043822000032 ], [ -74.12663007499998, 4.737044974000071 ], [ -74.127219236999963, 4.737295932000052 ], [ -74.127353577999941, 4.737303530000077 ], [ -74.127379944999973, 4.737305030000073 ], [ -74.127620620999949, 4.737318730000027 ], [ -74.128288014999953, 4.737356715000033 ], [ -74.128802312999937, 4.737349774000052 ], [ -74.129224200999943, 4.737468919000037 ], [ -74.129276044999983, 4.737557109000022 ], [ -74.12937543299995, 4.737725967000074 ], [ -74.129433363999965, 4.737824484000043 ], [ -74.129435333999936, 4.737827802000027 ], [ -74.129539708999971, 4.738492699000062 ], [ -74.129613963999986, 4.738830551000035 ], [ -74.129649295999968, 4.738991216000045 ], [ -74.129651338999963, 4.738991659000021 ], [ -74.129651731999957, 4.738993445000062 ], [ -74.130515075999938, 4.739180680000061 ], [ -74.131007202999967, 4.739437597000062 ], [ -74.131673785999965, 4.739744539000071 ], [ -74.131983815999945, 4.740281793000065 ], [ -74.131859416999987, 4.741088421000029 ], [ -74.131859203999966, 4.741089904000034 ], [ -74.131319985999937, 4.741817780000076 ], [ -74.131318436999948, 4.741819828000075 ], [ -74.131051706999983, 4.742500324000048 ], [ -74.131050861999938, 4.742502371000057 ], [ -74.130728098999953, 4.743109138000023 ], [ -74.130727182999976, 4.743110834000049 ], [ -74.130551955999977, 4.744051780000063 ], [ -74.130519420999974, 4.74463546100003 ], [ -74.130518998999946, 4.744642451000061 ], [ -74.130332018999979, 4.745409178000045 ], [ -74.130331595999962, 4.745410872000036 ], [ -74.130065710999986, 4.745914181000046 ], [ -74.129083090999984, 4.746340423000049 ], [ -74.128288501999975, 4.746210460000043 ], [ -74.127408315999958, 4.746148854000069 ], [ -74.126871636999965, 4.74629912000006 ], [ -74.126403656999969, 4.746673114000032 ], [ -74.125570196999945, 4.74705896200004 ], [ -74.12556921099997, 4.747061363000057 ], [ -74.125377093999987, 4.747541366000064 ], [ -74.125376671999959, 4.747543556000039 ], [ -74.125446759999988, 4.748303578000048 ], [ -74.125446969999985, 4.748305626000047 ], [ -74.125451544999976, 4.748320739000064 ], [ -74.125660239999945, 4.749013748000039 ], [ -74.125660504999985, 4.74901408300002 ], [ -74.125661824999952, 4.749018485000022 ], [ -74.125856706999969, 4.749264637000067 ], [ -74.126142953999988, 4.749493346000065 ], [ -74.127119763999985, 4.749313409000024 ], [ -74.127575199999967, 4.749312436000025 ], [ -74.127558508999982, 4.749569800000074 ], [ -74.127542382999934, 4.749818595000022 ], [ -74.127541677999943, 4.749829542000043 ], [ -74.127541536999956, 4.749831448000066 ], [ -74.127366597999981, 4.750316821000069 ], [ -74.127252622999947, 4.750633128000061 ], [ -74.126052698999956, 4.750738600000034 ], [ -74.125195038999948, 4.750476996000032 ], [ -74.124279380999951, 4.750031773000046 ], [ -74.123976040999935, 4.749597804000075 ], [ -74.123465338999949, 4.748117433000061 ], [ -74.123383826999941, 4.747418139000047 ], [ -74.123382892999985, 4.747417975000076 ], [ -74.123382659999947, 4.74741595100005 ], [ -74.123382378999963, 4.747413691000077 ], [ -74.122930741999937, 4.747334580000029 ], [ -74.122679020999954, 4.747260560000029 ], [ -74.122678245999964, 4.747262749000072 ], [ -74.122646917999987, 4.747349401000065 ], [ -74.122635091999939, 4.747382239000046 ], [ -74.122503725999934, 4.747746072000041 ], [ -74.122502880999946, 4.747748473000058 ], [ -74.122504494999987, 4.74775242000004 ], [ -74.122504411999955, 4.747752649000063 ], [ -74.122946063999962, 4.748833289000061 ], [ -74.123239256999966, 4.74990801000007 ], [ -74.123239763999948, 4.749909273000071 ], [ -74.123240636999981, 4.749912475000031 ], [ -74.123757770999987, 4.751201340000023 ], [ -74.124205722999989, 4.752180783000028 ], [ -74.12481840099997, 4.752735649000044 ], [ -74.125417826999978, 4.753459720000023 ], [ -74.125417669999933, 4.753460164000046 ], [ -74.125236884999936, 4.753968628000052 ], [ -74.124293894999937, 4.754005179000046 ], [ -74.123179423999943, 4.754053165000073 ], [ -74.122407911999971, 4.754077997000024 ], [ -74.12141958899997, 4.754097170000023 ], [ -74.120408172999987, 4.754191481000021 ], [ -74.120406762999949, 4.754193247000046 ], [ -74.120405919999939, 4.754194307000034 ], [ -74.120402399999989, 4.754198685000063 ], [ -74.120243442999936, 4.754398889000072 ], [ -74.120242105999978, 4.754400582000073 ], [ -74.120375261999982, 4.755185609000023 ], [ -74.120554100999982, 4.755965057000026 ], [ -74.120676620999973, 4.756914063000067 ], [ -74.120676901999957, 4.756916464000028 ], [ -74.120719896999958, 4.757372746000044 ], [ -74.12075824599998, 4.757779665000044 ], [ -74.120758456999965, 4.757781995000073 ], [ -74.120833907999952, 4.758072883000068 ], [ -74.120931741999982, 4.75845021400005 ], [ -74.120958558999973, 4.758529020000026 ], [ -74.121185221999951, 4.759195927000064 ], [ -74.121236708999959, 4.759814194000057 ], [ -74.12089414899998, 4.760401605000027 ], [ -74.120861553999987, 4.760457255000063 ], [ -74.120860145999984, 4.760458595000046 ], [ -74.120738289999963, 4.760573066000063 ], [ -74.120126965999987, 4.761147472000061 ], [ -74.120125136999945, 4.761148038000044 ], [ -74.118618190999939, 4.761608284000033 ], [ -74.117697998999972, 4.761610505000021 ], [ -74.116824398999938, 4.76178440700005 ], [ -74.116823693999947, 4.761786807000021 ], [ -74.116724988999977, 4.762116957000046 ], [ -74.116679013999942, 4.762270767000075 ], [ -74.116611495999962, 4.762496891000069 ], [ -74.116291366999974, 4.763568686000042 ], [ -74.116290591999984, 4.763571231000071 ], [ -74.116120906999981, 4.764378065000074 ], [ -74.11612020299998, 4.764379829000063 ], [ -74.116057896999962, 4.764539359000025 ], [ -74.115804588999936, 4.765187998000044 ], [ -74.11580289799997, 4.765192376000073 ], [ -74.115802124999959, 4.765194355000062 ], [ -74.115411381999934, 4.766374197000061 ], [ -74.115453017999982, 4.767217128000027 ], [ -74.115453649999949, 4.767219036000029 ], [ -74.115454435999936, 4.767221477000021 ], [ -74.115454437999972, 4.767221514000028 ], [ -74.115700208999954, 4.767984929000022 ], [ -74.115700483999944, 4.767984745000035 ], [ -74.115701934999947, 4.767989245000024 ], [ -74.116426674999957, 4.767506034000064 ], [ -74.117144947999975, 4.766690371000038 ], [ -74.117676030999974, 4.766465680000067 ], [ -74.118297421999955, 4.766778445000057 ], [ -74.118286138999963, 4.766833781000059 ], [ -74.118278463999957, 4.766871632000061 ], [ -74.118145320999986, 4.767526423000049 ], [ -74.11773489899997, 4.768026259000067 ], [ -74.11675384199998, 4.768836944000043 ], [ -74.115823834999958, 4.769292477000022 ], [ -74.115821862999951, 4.769293465000032 ], [ -74.114688656999988, 4.770561126000075 ], [ -74.114687953999976, 4.770563667000033 ], [ -74.114489829999968, 4.771260615000074 ], [ -74.114489265999964, 4.771262593000074 ], [ -74.114450542999975, 4.77139895800002 ], [ -74.114450190999946, 4.771400158000063 ], [ -74.114449978999971, 4.771401359000038 ], [ -74.114421039999968, 4.771557431000076 ], [ -74.114343020999968, 4.771977973000048 ], [ -74.114345259999936, 4.771979344000044 ], [ -74.114344638999967, 4.771982697000055 ], [ -74.114876851999952, 4.772308337000027 ], [ -74.115351171999976, 4.772267136000039 ], [ -74.115682153999956, 4.77207154000007 ], [ -74.116110601999935, 4.77197882400003 ], [ -74.116605790999984, 4.772040502000038 ], [ -74.11660502899997, 4.772044035000022 ], [ -74.116521380999984, 4.772432728000069 ], [ -74.116520254999955, 4.772433928000055 ], [ -74.116518565999968, 4.772435835000067 ], [ -74.116146156999946, 4.772846547000029 ], [ -74.116144467999959, 4.772847891000026 ], [ -74.115563684999984, 4.773317069000029 ], [ -74.115095679999968, 4.773713654000062 ], [ -74.115094974999977, 4.773716266000065 ], [ -74.114936839999984, 4.77430460000005 ], [ -74.114936416999967, 4.774307141000065 ], [ -74.11489064899996, 4.774570413000049 ], [ -74.114773338999953, 4.775245260000077 ], [ -74.114772915999936, 4.775247874000058 ], [ -74.114541337999981, 4.776283656000032 ], [ -74.114540772999987, 4.776286199000026 ], [ -74.114539365999974, 4.776292131000048 ], [ -74.11452640899995, 4.776346296000042 ], [ -74.114515285999971, 4.776393965000068 ], [ -74.114375029999962, 4.776977214000055 ], [ -74.114375029999962, 4.776978697000061 ], [ -74.114369960999966, 4.776996141000041 ], [ -74.114369396999962, 4.776998048000053 ], [ -74.114366792999988, 4.77700715800006 ], [ -74.114165998999965, 4.777513850000048 ], [ -74.114165365999952, 4.777515192000067 ], [ -74.114018365999982, 4.777795973000025 ], [ -74.113974364999933, 4.777882058000046 ], [ -74.113937755999984, 4.777965883000036 ], [ -74.113893752999957, 4.778070683000067 ], [ -74.113873616999967, 4.778132828000025 ], [ -74.113851931999989, 4.778216652000026 ], [ -74.113840803999949, 4.778312415000073 ], [ -74.11383178799997, 4.778434447000052 ], [ -74.113881059999983, 4.778554222000025 ], [ -74.113906258999975, 4.778595112000062 ], [ -74.113908361999961, 4.778598525000064 ], [ -74.113913452999952, 4.778697449000049 ], [ -74.114002181999979, 4.778685022000047 ], [ -74.114020575999973, 4.778699424000024 ], [ -74.114160802999947, 4.778749572000038 ], [ -74.114198887999976, 4.778748089000032 ], [ -74.114405569999974, 4.778734611000061 ], [ -74.114468926999962, 4.778706154000076 ], [ -74.114624858999946, 4.778617108000049 ], [ -74.114650594999944, 4.778594211000041 ], [ -74.114661890999969, 4.778592629000059 ], [ -74.115346724999938, 4.778149651000035 ], [ -74.115820165999935, 4.777695698000059 ], [ -74.116831159999947, 4.777435426000068 ], [ -74.117183727999986, 4.77750306400003 ], [ -74.117206943999975, 4.777786513000024 ], [ -74.117207084999961, 4.777787997000075 ], [ -74.117128166999976, 4.777885662000074 ], [ -74.116882402999977, 4.778190521000056 ], [ -74.116354140999988, 4.778442613000038 ], [ -74.11635139599997, 4.778443955000057 ], [ -74.116021444999944, 4.778576919000045 ], [ -74.115739574999964, 4.778690889000075 ], [ -74.115668965999987, 4.778719416000058 ], [ -74.115666078999936, 4.778720616000044 ], [ -74.115662769999972, 4.778722382000069 ], [ -74.11552232799994, 4.778800057000069 ], [ -74.115064179999933, 4.779053353000052 ], [ -74.11506157599996, 4.779054765000069 ], [ -74.114659030999974, 4.779467032000071 ], [ -74.114345881999952, 4.780057971000076 ], [ -74.114345972999956, 4.780059338000058 ], [ -74.114345065999942, 4.780061052000065 ], [ -74.114380446999974, 4.780594213000029 ], [ -74.114712666999935, 4.780925988000035 ], [ -74.115198340999939, 4.780867618000059 ], [ -74.115935060999959, 4.780613729000038 ], [ -74.116546176999975, 4.78042321700002 ], [ -74.117134594999982, 4.780290085000047 ], [ -74.117198203999976, 4.780696492000061 ], [ -74.116988783999943, 4.781176156000072 ], [ -74.116986107999935, 4.781177497000044 ], [ -74.116315148999945, 4.781515601000024 ], [ -74.11631233199995, 4.781517013000041 ], [ -74.116311204999988, 4.781517507000046 ], [ -74.11620877699994, 4.781563124000058 ], [ -74.115812580999943, 4.781739868000045 ], [ -74.115810184999987, 4.781740929000023 ], [ -74.115247505999946, 4.781828119000068 ], [ -74.115244126999983, 4.781828615000052 ], [ -74.114951132999977, 4.781926339000051 ], [ -74.114924311999971, 4.781935306000037 ], [ -74.114744726999959, 4.781995961000064 ], [ -74.114742052999986, 4.781996881000055 ], [ -74.114367250999976, 4.782241915000043 ], [ -74.114367584999968, 4.782244959000025 ], [ -74.114366836999977, 4.782245450000062 ], [ -74.114407721999953, 4.782623734000026 ], [ -74.114534314999958, 4.782996175000051 ], [ -74.114644197999951, 4.78361510600007 ], [ -74.114765720999969, 4.784279870000034 ], [ -74.114852638999935, 4.784847374000037 ], [ -74.114956422999967, 4.785356445000048 ], [ -74.114752795999948, 4.785635893000062 ], [ -74.114750332999961, 4.78563568200002 ], [ -74.11433541599996, 4.785603601000048 ], [ -74.113820201999943, 4.785225120000064 ], [ -74.11366843199994, 4.785096016000068 ], [ -74.113564322999935, 4.784965506000049 ], [ -74.113468870999952, 4.78484798900007 ], [ -74.113282324999943, 4.784721709000053 ], [ -74.113041362999979, 4.784613224000054 ], [ -74.113022849999936, 4.784609269000043 ], [ -74.113010808999945, 4.784606694000047 ], [ -74.112651536999977, 4.784490908000066 ], [ -74.112251441999945, 4.784474621000072 ], [ -74.112241359999985, 4.784531881000021 ], [ -74.112238847999947, 4.784532888000058 ], [ -74.112137050999934, 4.784573702000046 ], [ -74.112041590999979, 4.784656393000034 ], [ -74.11197217299997, 4.78477390200004 ], [ -74.111967874999948, 4.78485222300003 ], [ -74.111959140999943, 4.784930609000071 ], [ -74.111972160999983, 4.785030681000023 ], [ -74.111985180999966, 4.785095933000036 ], [ -74.112041562999934, 4.785217828000043 ], [ -74.112102942999968, 4.785304766000024 ], [ -74.11210480799997, 4.785307402000058 ], [ -74.112098946999936, 4.78534068700003 ], [ -74.112322577999976, 4.785638261000031 ], [ -74.112671808999949, 4.785958654000069 ], [ -74.113109004999956, 4.785999896000021 ], [ -74.113147805999972, 4.786014344000023 ], [ -74.113583303999974, 4.786247188000061 ], [ -74.113729917999933, 4.786328974000071 ], [ -74.114170443999967, 4.786540159000026 ], [ -74.114354048999985, 4.786889538000025 ], [ -74.114126953999971, 4.787560893000034 ], [ -74.11400365999998, 4.787891972000068 ], [ -74.113878064999938, 4.788229043000058 ], [ -74.113627432999976, 4.788642586000037 ], [ -74.113626327999953, 4.788645595000048 ], [ -74.113422799999967, 4.789193798000042 ], [ -74.112997545999974, 4.790124775000038 ], [ -74.112950947999934, 4.790226736000022 ], [ -74.112948236999955, 4.790228341000045 ], [ -74.112464805999934, 4.790510293000068 ], [ -74.11231126399997, 4.790599843000052 ], [ -74.112309996999954, 4.790600550000022 ], [ -74.111641368999983, 4.790560192000044 ], [ -74.111042290999933, 4.790524072000039 ], [ -74.11103933399994, 4.790523862000043 ], [ -74.111037291999935, 4.79052428600005 ], [ -74.110933384999953, 4.790544761000035 ], [ -74.110425745999976, 4.790645157000029 ], [ -74.110042168999939, 4.790336170000046 ], [ -74.110051991999967, 4.789828165000074 ], [ -74.110547851999968, 4.789523754000072 ], [ -74.111102020999965, 4.789453733000073 ], [ -74.111605349999934, 4.78963039100006 ], [ -74.112387930999944, 4.789433747000032 ], [ -74.112387231999946, 4.789431302000025 ], [ -74.112388970999973, 4.789430653000068 ], [ -74.112164303999975, 4.78864590400002 ], [ -74.112123213999951, 4.788192800000047 ], [ -74.111624290999941, 4.787201825000068 ], [ -74.111620770999934, 4.787203520000048 ], [ -74.110995772999956, 4.787501790000022 ], [ -74.110993098999984, 4.787503060000063 ], [ -74.109754294999959, 4.788089932000048 ], [ -74.109197300999938, 4.788353802000074 ], [ -74.109194483999943, 4.788355144000036 ], [ -74.109175616999948, 4.788361075000068 ], [ -74.108512325999982, 4.788568522000048 ], [ -74.108509018999939, 4.788569581000047 ], [ -74.108506553999973, 4.788571063000063 ], [ -74.108049380999944, 4.78884342200007 ], [ -74.10804677699997, 4.788844975000075 ], [ -74.107997993999959, 4.790060636000021 ], [ -74.107879955999977, 4.79099536700005 ], [ -74.107613654999966, 4.792045128000041 ], [ -74.107277959999976, 4.792762544000027 ], [ -74.106927428999938, 4.793546835000029 ], [ -74.106885512999952, 4.793640617000051 ], [ -74.106487091999952, 4.794386772000053 ], [ -74.106288599999971, 4.795092473000068 ], [ -74.106049501999962, 4.795551705000037 ], [ -74.105778160999989, 4.796034450000036 ], [ -74.105662345999974, 4.79624044600007 ], [ -74.105247030999976, 4.796872757000074 ], [ -74.104661154999974, 4.797296022000069 ], [ -74.104659394999942, 4.797297292000053 ], [ -74.103868253999963, 4.79747633900007 ], [ -74.103175964999934, 4.797415842000021 ], [ -74.102781261999951, 4.79715148400004 ], [ -74.102797029999977, 4.796625531000075 ], [ -74.10313786599994, 4.796098905000065 ], [ -74.103485714999977, 4.795765549000066 ], [ -74.103685235999933, 4.79551281800002 ], [ -74.103686231999973, 4.795509963000029 ], [ -74.103686396999933, 4.795509753000033 ], [ -74.103862704999983, 4.795005251000021 ], [ -74.10349664599994, 4.79487980600004 ], [ -74.103494181999963, 4.794881006000026 ], [ -74.102759771999956, 4.795242042000041 ], [ -74.102756814999964, 4.795243526000036 ], [ -74.102581510999983, 4.795452762000025 ], [ -74.102386283999977, 4.795685798000022 ], [ -74.102350656999988, 4.79576058300006 ], [ -74.102027840999938, 4.796437672000025 ], [ -74.101920858999961, 4.797171767000066 ], [ -74.10166533499995, 4.797934877000046 ], [ -74.101429049999979, 4.798388811000052 ], [ -74.10130675399995, 4.798623687000031 ], [ -74.100709393999978, 4.799110859000052 ], [ -74.099778817999947, 4.798900983000067 ], [ -74.098721171999955, 4.798708256000054 ], [ -74.097937792999971, 4.798601423000036 ], [ -74.097935258999939, 4.798602410000058 ], [ -74.097728141999937, 4.798684457000036 ], [ -74.096906221999973, 4.799010170000031 ], [ -74.09681857399994, 4.799044415000026 ], [ -74.096815264999975, 4.799045687000046 ], [ -74.096418986999936, 4.799147069000071 ], [ -74.096070370999939, 4.799236165000025 ], [ -74.095880470999987, 4.798760593000054 ], [ -74.095894662999967, 4.797252702000037 ], [ -74.09591047899994, 4.796615988000042 ], [ -74.09588520899996, 4.795618822000051 ], [ -74.095643657999972, 4.794908077000059 ], [ -74.095332857999949, 4.793893943000057 ], [ -74.094632931999968, 4.792467918000057 ], [ -74.09433394399997, 4.791694457000062 ], [ -74.094018048999942, 4.791064497000036 ], [ -74.093875304999983, 4.790797116000022 ], [ -74.093872136999948, 4.790797893000047 ], [ -74.093871432999947, 4.790796479000051 ], [ -74.093711697999936, 4.790836298000045 ], [ -74.09367072699996, 4.790846109000029 ], [ -74.093500995999989, 4.790886704000059 ], [ -74.092858374999935, 4.791363838000052 ], [ -74.092850489999989, 4.791369699000029 ], [ -74.092051856999944, 4.791967369000076 ], [ -74.091287012999942, 4.792571254000052 ], [ -74.090573989999939, 4.793054242000039 ], [ -74.089906445999986, 4.793480876000046 ], [ -74.089904544999968, 4.793482077000021 ], [ -74.089449306999938, 4.794061481000028 ], [ -74.089382282999964, 4.794146715000068 ], [ -74.089380310999957, 4.794148410000048 ], [ -74.088074976999962, 4.795261351000022 ], [ -74.087538797999969, 4.795623448000072 ], [ -74.087537319999967, 4.795625849000032 ], [ -74.087174439999956, 4.796209850000025 ], [ -74.087173243999985, 4.796211756000048 ], [ -74.087180839999974, 4.796267336000028 ], [ -74.087195545999975, 4.796375103000059 ], [ -74.08725457099996, 4.796807872000045 ], [ -74.087256217999936, 4.79680748100003 ], [ -74.087256503999981, 4.796809577000033 ], [ -74.088913090999938, 4.79641616300006 ], [ -74.089701290999983, 4.796173630000055 ], [ -74.090427292999948, 4.796235157000069 ], [ -74.091056334999962, 4.796422950000022 ], [ -74.091570116999947, 4.796685097000022 ], [ -74.091513462999956, 4.79717503300003 ], [ -74.09079494599996, 4.797640647000037 ], [ -74.090058286999977, 4.797831545000065 ], [ -74.089274920999969, 4.797592499000075 ], [ -74.089273089999949, 4.797594053000068 ], [ -74.088595674999965, 4.798167012000022 ], [ -74.088594969999974, 4.798169483000038 ], [ -74.088506666999933, 4.798462691000054 ], [ -74.088385054999947, 4.798866984000028 ], [ -74.088384631999986, 4.798868398000025 ], [ -74.088379983999971, 4.79888393300007 ], [ -74.088379140999962, 4.798886687000049 ], [ -74.088368154999955, 4.798925316000066 ], [ -74.088317593999989, 4.799101934000021 ], [ -74.088316818999942, 4.799104689000046 ], [ -74.088426727999945, 4.799735129000055 ], [ -74.08849119599995, 4.799917828000048 ], [ -74.088719161999961, 4.800564309000038 ], [ -74.088875266999935, 4.80100690200004 ], [ -74.088995404999935, 4.801382826000065 ], [ -74.08837406899994, 4.801395203000027 ], [ -74.087100116999977, 4.801696218000075 ], [ -74.087100116999977, 4.801698619000035 ], [ -74.087094312999966, 4.802060055000027 ], [ -74.087581083999964, 4.802500482000028 ], [ -74.087582962999988, 4.802502183000058 ], [ -74.088269288999982, 4.802724265000052 ], [ -74.088769431999935, 4.80289982100004 ], [ -74.088742121999985, 4.802937517000032 ], [ -74.088475985999935, 4.803304722000064 ], [ -74.087721704999979, 4.803678735000062 ], [ -74.087122446999956, 4.803978115000064 ], [ -74.086603159999981, 4.804300099000045 ], [ -74.086192005999976, 4.80460514400005 ], [ -74.085455876999958, 4.805088122000029 ], [ -74.084902233999969, 4.805393154000058 ], [ -74.084193717999938, 4.805664272000058 ], [ -74.08335507399994, 4.806279443000051 ], [ -74.082624572999975, 4.806745470000067 ], [ -74.081905334999988, 4.807228448000046 ], [ -74.081254270999978, 4.807396179000023 ], [ -74.080529752999951, 4.80785712100004 ], [ -74.080527569999958, 4.807858534000047 ], [ -74.079948333999937, 4.808506350000073 ], [ -74.079947066999978, 4.808507762000033 ], [ -74.079922275999934, 4.808615810000049 ], [ -74.079749092999975, 4.809371716000044 ], [ -74.079748457999983, 4.809374469000034 ], [ -74.080025843999977, 4.809954998000023 ], [ -74.080041258999984, 4.809987274000036 ], [ -74.080042613999979, 4.809987793000062 ], [ -74.080043124999975, 4.809988863000058 ], [ -74.080758127999957, 4.810262549000072 ], [ -74.081696229999977, 4.810621798000057 ], [ -74.082439723999983, 4.810878147000039 ], [ -74.083120736999945, 4.811255147000054 ], [ -74.084059101999969, 4.811751968000067 ], [ -74.084681282999952, 4.812116635000052 ], [ -74.084945128999948, 4.812979012000028 ], [ -74.084227379999959, 4.813283957000067 ], [ -74.083535765999954, 4.813394626000047 ], [ -74.082907779999971, 4.813636373000065 ], [ -74.082908484999962, 4.813638351000066 ], [ -74.082906793999939, 4.813638985000068 ], [ -74.082937481999977, 4.81372119100007 ], [ -74.083147430999986, 4.814283915000033 ], [ -74.083165448999978, 4.814332292000074 ], [ -74.083166838999944, 4.814332756000056 ], [ -74.083167264999986, 4.814333898000029 ], [ -74.084242436999943, 4.814692774000036 ], [ -74.085083085999941, 4.814885939000021 ], [ -74.086049405999972, 4.815055882000024 ], [ -74.086923282999976, 4.81549461700007 ], [ -74.087119430999962, 4.816015184000037 ], [ -74.087117740999986, 4.816031993000024 ], [ -74.08704101099994, 4.816780775000041 ], [ -74.087040728999966, 4.816783741000052 ], [ -74.086972762999949, 4.817119112000057 ], [ -74.08697220099998, 4.817122007000023 ], [ -74.086945440999955, 4.817201595000029 ], [ -74.086785521999957, 4.81767650300003 ], [ -74.086785310999971, 4.817678623000063 ], [ -74.08672837499995, 4.818272113000035 ], [ -74.086712943999942, 4.818432703000042 ], [ -74.086712662999958, 4.818435599000054 ], [ -74.086651205999942, 4.819207193000068 ], [ -74.086650994999957, 4.819209666000063 ], [ -74.086636474999978, 4.820204425000043 ], [ -74.086636404999979, 4.820207392000043 ], [ -74.086633162999988, 4.820244114000047 ], [ -74.08656353799995, 4.821024959000056 ], [ -74.086050310999951, 4.821151820000068 ], [ -74.085426853999934, 4.821055720000061 ], [ -74.084998251999934, 4.821131387000037 ], [ -74.083982740999943, 4.821758405000026 ], [ -74.083423446999973, 4.822138009000071 ], [ -74.083193152999968, 4.821525 ], [ -74.082871643999965, 4.820682609000073 ], [ -74.082607551999956, 4.820144738000067 ], [ -74.082309064999947, 4.819532776000074 ], [ -74.082229973999972, 4.818985490000046 ], [ -74.082216801999948, 4.818893923000076 ], [ -74.082518775999972, 4.818480554000075 ], [ -74.082780674999981, 4.817981153000062 ], [ -74.08272250999994, 4.817505419000042 ], [ -74.082721783999943, 4.817503053000053 ], [ -74.082721564999986, 4.817501278000066 ], [ -74.082531825999979, 4.816882625000062 ], [ -74.082022178999978, 4.816372978000061 ], [ -74.081639738999968, 4.816678023000065 ], [ -74.08163889399998, 4.816680283000039 ], [ -74.081355741999971, 4.817469440000025 ], [ -74.081354685999941, 4.817472336000037 ], [ -74.080997461999971, 4.818365087000075 ], [ -74.080995981999934, 4.818367134000027 ], [ -74.080683715999953, 4.818807211000035 ], [ -74.08068230799995, 4.818809189000035 ], [ -74.080654003999939, 4.818844425000066 ], [ -74.079881200999978, 4.819806555000071 ], [ -74.079879087999984, 4.819808745000046 ], [ -74.079373633999978, 4.820335383000042 ], [ -74.079371661999971, 4.820337432000031 ], [ -74.078951719999964, 4.821110048000037 ], [ -74.078950452999948, 4.821112451000033 ], [ -74.079027358999952, 4.821524176000025 ], [ -74.079123897999978, 4.822040915000059 ], [ -74.079175830999986, 4.822270155000069 ], [ -74.079343044999973, 4.822837114000038 ], [ -74.079388790999985, 4.822992060000047 ], [ -74.079573768999978, 4.823330138000074 ], [ -74.079865034999955, 4.823862505000022 ], [ -74.079909089999944, 4.824020629000074 ], [ -74.080176095999946, 4.824979894000023 ], [ -74.080177682999988, 4.824981089000062 ], [ -74.080177786999968, 4.82498146100005 ], [ -74.080966949999947, 4.825575479000065 ], [ -74.082535778999954, 4.827285387000074 ], [ -74.082647065999936, 4.827468446000069 ], [ -74.08304054599995, 4.828115651000076 ], [ -74.083751093999979, 4.828974251000034 ], [ -74.084318460999953, 4.829689689000077 ], [ -74.084319899999969, 4.829690939000045 ], [ -74.084320153999954, 4.829691259000072 ], [ -74.085155268999983, 4.830416809000042 ], [ -74.08582688599995, 4.831141362000039 ], [ -74.085870601999943, 4.83118846800005 ], [ -74.085870875999944, 4.83118862200007 ], [ -74.085872205999976, 4.831190057000072 ], [ -74.086500870999942, 4.831543707000037 ], [ -74.086587243999986, 4.831662539000035 ], [ -74.086712191999936, 4.831834510000022 ], [ -74.086685926999962, 4.831892134000043 ], [ -74.086554110999941, 4.832181736000052 ], [ -74.085720380999987, 4.832596276000061 ], [ -74.084749374999944, 4.83292556400005 ], [ -74.083801448999964, 4.833368973000063 ], [ -74.082939674999977, 4.83400165200004 ], [ -74.082140439999989, 4.834404397000071 ], [ -74.081375559999969, 4.83479019400005 ], [ -74.080467608999982, 4.835331342000075 ], [ -74.079599661999964, 4.835677015000044 ], [ -74.078737352999951, 4.835971276000066 ], [ -74.07789756699998, 4.836300001000041 ], [ -74.077519073999952, 4.836431034000043 ], [ -74.077407553999933, 4.836471134000021 ], [ -74.077232386999981, 4.83655077700007 ], [ -74.077052152999954, 4.836607255000047 ], [ -74.076799260999962, 4.836681239000029 ], [ -74.076632547999964, 4.836689697000054 ], [ -74.076522720999947, 4.836708894000026 ], [ -74.076379097999961, 4.83672639200006 ], [ -74.076201119999951, 4.836748972000066 ], [ -74.076000050999937, 4.836773810000068 ], [ -74.075814751999985, 4.836773227000037 ], [ -74.07562325899994, 4.836774901000069 ], [ -74.075414871999953, 4.836756236000042 ], [ -74.075195219999955, 4.836742654000034 ], [ -74.074947971999961, 4.836719463000065 ], [ -74.074751409999976, 4.836705319000032 ], [ -74.074540771999978, 4.836666313000023 ], [ -74.074373505999972, 4.836594546000072 ], [ -74.073993921999943, 4.836387162000051 ], [ -74.073608143999934, 4.836152662000075 ], [ -74.07338681899995, 4.835992188000034 ], [ -74.073283195999977, 4.835917601000062 ], [ -74.073191397999949, 4.835852056000022 ], [ -74.073052859999962, 4.835740742000041 ], [ -74.072829284999955, 4.835550325000042 ], [ -74.072633307999979, 4.835357650000049 ], [ -74.072199123999951, 4.834862130000033 ], [ -74.072073548999981, 4.834670593000055 ], [ -74.071893344999978, 4.834451932000036 ], [ -74.071714275999966, 4.834155871000064 ], [ -74.071623057999943, 4.833952474000057 ], [ -74.071534654999937, 4.833751901000028 ], [ -74.07145019799998, 4.833525906000034 ], [ -74.071344342999964, 4.833263187000057 ], [ -74.071280724999951, 4.833047928000042 ], [ -74.071204164999983, 4.832709506000072 ], [ -74.071033553999939, 4.832321356000023 ], [ -74.070964874999959, 4.83203321700006 ], [ -74.070917608999935, 4.831639432000031 ], [ -74.070847687999958, 4.83122336100007 ], [ -74.070853394999972, 4.830871469000044 ], [ -74.070872017999989, 4.83044028300003 ], [ -74.070890507999934, 4.830224607000048 ], [ -74.070890063999968, 4.830221401000074 ], [ -74.070890169999984, 4.830220239000028 ], [ -74.070876013999964, 4.830119936000074 ], [ -74.070834067999954, 4.829817025000068 ], [ -74.070871505999946, 4.829442971000049 ], [ -74.070885947999955, 4.829282356000022 ], [ -74.070843817999958, 4.828938853000068 ], [ -74.070840080999972, 4.82892060100005 ], [ -74.070766447999972, 4.828559230000053 ], [ -74.070742247999988, 4.828394821000074 ], [ -74.070569911999939, 4.828341131000059 ], [ -74.07043079999994, 4.828349589000027 ], [ -74.070273101999987, 4.828343922000045 ], [ -74.070088363999957, 4.828403223000066 ], [ -74.069867577999958, 4.828481164000038 ], [ -74.06959610499996, 4.828541019000056 ], [ -74.069326884999953, 4.828594095000028 ], [ -74.069315480999933, 4.828595152000048 ], [ -74.069243248999953, 4.828583845000026 ], [ -74.069100683999977, 4.828615538000065 ], [ -74.069082450999986, 4.82861723000002 ], [ -74.068902222999952, 4.828627944000061 ], [ -74.068691582999975, 4.828627920000031 ], [ -74.068474189999961, 4.828584392000039 ], [ -74.068263557999956, 4.82851996200003 ], [ -74.067994916999965, 4.828428407000047 ], [ -74.067684610999947, 4.82825944700005 ], [ -74.067507776999946, 4.82813965400004 ], [ -74.067291521999948, 4.828001778000043 ], [ -74.067080885999985, 4.827969549000045 ], [ -74.06696766999994, 4.828059930000052 ], [ -74.066967739999939, 4.828061485000035 ], [ -74.066966331999936, 4.828062615000022 ], [ -74.066967383999952, 4.82810187900003 ], [ -74.066973692999966, 4.828339942000071 ], [ -74.067017379999982, 4.828603291000036 ], [ -74.067061972999966, 4.82896282400003 ], [ -74.067143172999977, 4.829328790000034 ], [ -74.067243442999938, 4.829763472000025 ], [ -74.067335493999963, 4.830060654000022 ], [ -74.067345263999982, 4.830199918000062 ], [ -74.067364591999933, 4.830475341000067 ], [ -74.067380311999955, 4.830908458000067 ], [ -74.067409129999987, 4.831300264000049 ], [ -74.067443440999966, 4.831687057000067 ], [ -74.067443651999952, 4.831689671000049 ], [ -74.067429299999958, 4.832205762000058 ], [ -74.067390668999963, 4.832650244000035 ], [ -74.067390387999978, 4.832653209000057 ], [ -74.06725185199997, 4.833131012000024 ], [ -74.06725107699998, 4.833133697000051 ], [ -74.067170724999983, 4.833343147000051 ], [ -74.067091359999949, 4.833549632000029 ], [ -74.067090232999988, 4.833552527000052 ], [ -74.066955237999935, 4.833850882000036 ], [ -74.066890309999962, 4.833994235000034 ], [ -74.066889677999939, 4.833995576000063 ], [ -74.06688890199996, 4.833996920000061 ], [ -74.066681384999981, 4.834376763000023 ], [ -74.066679904999944, 4.834379445000025 ], [ -74.066470203999984, 4.834768823000047 ], [ -74.06646886599998, 4.834771294000063 ], [ -74.066306130999976, 4.835095564000028 ], [ -74.066304862999971, 4.835098106000032 ], [ -74.066067576999956, 4.835367212000051 ], [ -74.06579813999997, 4.835458563000032 ], [ -74.065512588999979, 4.835468135000042 ], [ -74.065232681999987, 4.835386180000057 ], [ -74.065091901999949, 4.835192382000059 ], [ -74.064960711999959, 4.834865817000036 ], [ -74.064861063999956, 4.834532476000049 ], [ -74.064778367999963, 4.834201054000062 ], [ -74.064734929999986, 4.833844332000069 ], [ -74.064726408999945, 4.833773836000034 ], [ -74.064756466999938, 4.833345049000059 ], [ -74.064876545999937, 4.832988642000032 ], [ -74.064970836999976, 4.832581881000067 ], [ -74.065028932999951, 4.832212181000045 ], [ -74.064998152999976, 4.831866252000054 ], [ -74.064997938999966, 4.831865423000067 ], [ -74.064997680999966, 4.831862471000022 ], [ -74.064862572999971, 4.831338732000063 ], [ -74.064761234999935, 4.83105284800007 ], [ -74.064722459999984, 4.830770823000023 ], [ -74.064721988999963, 4.830768062000061 ], [ -74.064721838999958, 4.830766972000049 ], [ -74.064663867999968, 4.830425726000044 ], [ -74.064490425999963, 4.830209325000055 ], [ -74.064260063999939, 4.830294042000048 ], [ -74.064102488999936, 4.830434345000072 ], [ -74.064100657999973, 4.830435968000074 ], [ -74.064021858999979, 4.830598811000073 ], [ -74.063946793999946, 4.830754237000065 ], [ -74.063946299999941, 4.830756425000061 ], [ -74.063850993999949, 4.831204218000039 ], [ -74.063850499999944, 4.831206549000058 ], [ -74.06384748499994, 4.83169722100007 ], [ -74.063912631999983, 4.832049626000071 ], [ -74.063941903999989, 4.832170318000067 ], [ -74.063984124999934, 4.832344687000045 ], [ -74.064027393999936, 4.832568982000055 ], [ -74.064077214999941, 4.832770116000063 ], [ -74.064111061999938, 4.832902603000036 ], [ -74.064111693999962, 4.832905147000076 ], [ -74.064121499999942, 4.833322374000034 ], [ -74.064180105999981, 4.833645258000047 ], [ -74.064105373999951, 4.833943550000072 ], [ -74.064104176999933, 4.833945669000059 ], [ -74.063825840999982, 4.834270066000045 ], [ -74.063824149999959, 4.834272042000066 ], [ -74.06357683899995, 4.83477659600004 ], [ -74.063575782999976, 4.834779067000056 ], [ -74.063509374999967, 4.834936544000072 ], [ -74.063415289999966, 4.835158069000045 ], [ -74.063414163999937, 4.835160681000048 ], [ -74.063240592999989, 4.835415105000038 ], [ -74.063238479999939, 4.835416658000042 ], [ -74.062995008999962, 4.835596075000069 ], [ -74.06278832299995, 4.835501701000055 ], [ -74.062605484999949, 4.835200832000055 ], [ -74.062607081999943, 4.834666060000075 ], [ -74.062749805999943, 4.834061623000025 ], [ -74.062831609999989, 4.833538150000038 ], [ -74.06279785199996, 4.832639717000063 ], [ -74.062725413999942, 4.832339248000039 ], [ -74.062685100999943, 4.832171224000035 ], [ -74.062512247999962, 4.83173505000002 ], [ -74.062325868999949, 4.831393224000067 ], [ -74.062100070999975, 4.830986986000028 ], [ -74.061916506999978, 4.830647421000037 ], [ -74.06173296999998, 4.830089777000069 ], [ -74.061580971999945, 4.829543439000076 ], [ -74.061451487999989, 4.829106704000026 ], [ -74.061274675999982, 4.828826460000073 ], [ -74.061182912999982, 4.828517414000032 ], [ -74.061039344999983, 4.828111185000068 ], [ -74.060891272999982, 4.827704393000033 ], [ -74.060658139999987, 4.827433746000054 ], [ -74.060416511999961, 4.827520720000052 ], [ -74.060209800999985, 4.827637640000034 ], [ -74.060209800999985, 4.827639407000049 ], [ -74.060208391999936, 4.827640184000074 ], [ -74.060204412999951, 4.827929231000041 ], [ -74.060221445999957, 4.827959741000029 ], [ -74.060378756999967, 4.828242033000038 ], [ -74.060397267999974, 4.828275298000051 ], [ -74.060205522999979, 4.828621455000075 ], [ -74.059660526999949, 4.828786707000063 ], [ -74.059033657999976, 4.828941993000058 ], [ -74.058467625999981, 4.829002936000052 ], [ -74.057784448999939, 4.829053128000055 ], [ -74.057171123999979, 4.828982991000032 ], [ -74.056667630999982, 4.828871062000076 ], [ -74.05630324699996, 4.828791919000025 ], [ -74.056018255999959, 4.828850073000069 ], [ -74.056016353999951, 4.828852121000068 ], [ -74.055706544999964, 4.829190421000021 ], [ -74.055704572999957, 4.829192540000065 ], [ -74.055451853999955, 4.829571103000035 ], [ -74.054976747999945, 4.829861783000069 ], [ -74.054625544999965, 4.830175009000072 ], [ -74.054623291999974, 4.830176985000037 ], [ -74.054286653999952, 4.830559280000045 ], [ -74.054284822999989, 4.830561398000043 ], [ -74.054130954999948, 4.830855369000062 ], [ -74.054113280999957, 4.830889054000068 ], [ -74.054112154999984, 4.830891030000032 ], [ -74.053919700999984, 4.831234996000035 ], [ -74.053853506999985, 4.831354549000025 ], [ -74.053852169999971, 4.831356950000043 ], [ -74.053797089999989, 4.831544510000072 ], [ -74.053731445999972, 4.831767872000057 ], [ -74.053730600999984, 4.831770698000071 ], [ -74.053659944999936, 4.832088269000053 ], [ -74.053617256999985, 4.832280210000022 ], [ -74.053616621999936, 4.832282963000068 ], [ -74.05361993799994, 4.832747789000052 ], [ -74.053296468999974, 4.833082060000038 ], [ -74.052772474999983, 4.833054094000033 ], [ -74.052357436999955, 4.832698673000039 ], [ -74.051851157999977, 4.832359624000048 ], [ -74.051578054999936, 4.831967501000065 ], [ -74.051300438999988, 4.831635829000049 ], [ -74.050967631999981, 4.831274205000057 ], [ -74.050666932999945, 4.830880948000072 ], [ -74.050295265999978, 4.830524402000037 ], [ -74.049887512999987, 4.830448075000049 ], [ -74.049279809999973, 4.83045872100007 ], [ -74.049011696999969, 4.830637777000049 ], [ -74.049011766999968, 4.830639612000027 ], [ -74.049010710999937, 4.830640318000064 ], [ -74.049010990999989, 4.830646817000058 ], [ -74.049022149999985, 4.830887846000053 ], [ -74.049063925999974, 4.831187778000071 ], [ -74.049301048999951, 4.831605037000031 ], [ -74.049523209999961, 4.832268830000032 ], [ -74.049571765999985, 4.83241403300002 ], [ -74.04963915999997, 4.83277103000006 ], [ -74.049709779999944, 4.833219763000045 ], [ -74.049715548999984, 4.833244903000036 ], [ -74.049826644999939, 4.83372987100006 ], [ -74.049923889999945, 4.834077409000031 ], [ -74.050026539999976, 4.834534903000076 ], [ -74.050061364999976, 4.834703902000058 ], [ -74.050110331999974, 4.83494147600004 ], [ -74.049963441999978, 4.835163628000032 ], [ -74.049669463999976, 4.835028772000044 ], [ -74.049323689999937, 4.834756974000072 ], [ -74.049083268999937, 4.834264290000021 ], [ -74.048911564999969, 4.833729246000075 ], [ -74.048760108999943, 4.833407194000074 ], [ -74.048545024999953, 4.832964796000056 ], [ -74.048258433999933, 4.832382841000026 ], [ -74.04805743999998, 4.831889600000068 ], [ -74.047786096999971, 4.831032509000067 ], [ -74.047562006999954, 4.830566946000033 ], [ -74.046843439999975, 4.829968545000042 ], [ -74.046307838999951, 4.829891631000066 ], [ -74.045877517999941, 4.830090434000056 ], [ -74.045385155999952, 4.830412602000024 ], [ -74.045383043999948, 4.830413943000053 ], [ -74.045053362999965, 4.830846092000058 ], [ -74.045051600999955, 4.830848421000042 ], [ -74.044847230999949, 4.831294783000033 ], [ -74.044846385999961, 4.831297819000042 ], [ -74.044835749999947, 4.831337507000057 ], [ -74.044701277999934, 4.831839951000063 ], [ -74.044700574999979, 4.831842494000057 ], [ -74.044697474999964, 4.831854004000036 ], [ -74.044546450999974, 4.832412096000041 ], [ -74.044545183999958, 4.832414356000072 ], [ -74.044541309999943, 4.832419297000058 ], [ -74.044489624999983, 4.832485462000022 ], [ -74.044301405999988, 4.83272646100005 ], [ -74.044299505999959, 4.832728861000021 ], [ -74.044215919999942, 4.832850599000039 ], [ -74.044129930999986, 4.83297587200002 ], [ -74.044072068999981, 4.832885451000038 ], [ -74.043890704999967, 4.832597446000023 ], [ -74.043547227999966, 4.832061808000049 ], [ -74.043121520999989, 4.831534067000064 ], [ -74.042789863999985, 4.831044192000036 ], [ -74.042453264999949, 4.830656645000033 ], [ -74.042422715999976, 4.830621543000063 ], [ -74.042195230999937, 4.830288745000075 ], [ -74.041882717999954, 4.829851979000068 ], [ -74.041475593999962, 4.829351358000054 ], [ -74.041153579999957, 4.828875205000031 ], [ -74.041167556999937, 4.828674981000063 ], [ -74.041044216999978, 4.827976938000063 ], [ -74.040994054999942, 4.827446669000039 ], [ -74.040972025999963, 4.827354834000062 ], [ -74.040971380999963, 4.827352147000056 ], [ -74.040882124999939, 4.826980062000075 ], [ -74.040836125999988, 4.826714452000033 ], [ -74.040788288999977, 4.826497286000063 ], [ -74.040779251999936, 4.826496165000037 ], [ -74.040778995999972, 4.826495003000048 ], [ -74.040702614999987, 4.826485529000024 ], [ -74.040259589999948, 4.826431152000055 ], [ -74.039730823999946, 4.826351411000076 ], [ -74.039676687999986, 4.826341444000036 ], [ -74.038446047999969, 4.82611554600004 ], [ -74.038343336999958, 4.826096673000052 ], [ -74.038314051999976, 4.82608981900006 ], [ -74.03796762199994, 4.826008691000027 ], [ -74.037958259999982, 4.826007277000031 ], [ -74.037705527999947, 4.825968678000038 ], [ -74.037498062999987, 4.82593700700005 ], [ -74.037473211999952, 4.825933189000068 ], [ -74.037358671999982, 4.825920176000068 ], [ -74.037340438999934, 4.825918125000044 ], [ -74.036839405999956, 4.825861407000048 ], [ -74.036751829999957, 4.825847129000067 ], [ -74.03624193099995, 4.825764066000033 ], [ -74.035627144999978, 4.825634731000036 ], [ -74.035616794999953, 4.825632540000072 ], [ -74.035504439999954, 4.825612394000075 ], [ -74.035480359999951, 4.825608643000066 ], [ -74.035020472999975, 4.825526195000066 ], [ -74.035018783999988, 4.825526195000066 ], [ -74.03501898199994, 4.825525221000021 ], [ -74.034917233999977, 4.825523345000022 ], [ -74.034498132999943, 4.82546579600006 ], [ -74.034471617999941, 4.825462156000071 ], [ -74.034314626999958, 4.825439815000038 ], [ -74.033764249999933, 4.825361475000022 ], [ -74.033763333999957, 4.825364018000073 ], [ -74.033737976999987, 4.825436540000055 ], [ -74.033597251999936, 4.825837571000022 ], [ -74.033323218999953, 4.825608856000031 ], [ -74.032621544999984, 4.825136428000064 ], [ -74.032053334999944, 4.824765717000048 ], [ -74.031535805999965, 4.824428911000041 ], [ -74.031077975999949, 4.824110193000024 ], [ -74.031062629999951, 4.824102211000024 ], [ -74.030547484999943, 4.823835531000043 ], [ -74.030316251999977, 4.823638813000059 ], [ -74.030070519999981, 4.823429805000046 ], [ -74.029816563999987, 4.823155189000033 ], [ -74.029631827999935, 4.823186795000026 ], [ -74.029280376999964, 4.823259050000047 ], [ -74.028925564999952, 4.823227916000064 ], [ -74.028573563999942, 4.823217686000021 ], [ -74.028321820999963, 4.823174139000059 ], [ -74.027550812999948, 4.823074007000059 ], [ -74.027207267999984, 4.823024230000044 ], [ -74.026754457999971, 4.82299929200002 ], [ -74.02646270799994, 4.823061386000063 ], [ -74.026092675999962, 4.823111037000047 ], [ -74.025704065999946, 4.823114922000059 ], [ -74.025283402999946, 4.822834625000041 ], [ -74.025196154999946, 4.822566817000052 ], [ -74.025137054999959, 4.82235890000004 ], [ -74.025035407999951, 4.822298925000041 ], [ -74.024923200999979, 4.822233651000033 ], [ -74.024903067999958, 4.822221501000058 ], [ -74.024850415999936, 4.822189784000045 ], [ -74.024821623999969, 4.822176502000048 ], [ -74.024768195999968, 4.822146973000031 ], [ -74.024634164999952, 4.822083673000066 ], [ -74.024444940999956, 4.822018667000066 ], [ -74.024255713999935, 4.821972306000021 ], [ -74.024089014999959, 4.821922559000029 ], [ -74.024082678999946, 4.821921923000048 ], [ -74.023998974999984, 4.821913504000065 ], [ -74.023973067999975, 4.821910887000058 ], [ -74.023921254999948, 4.82190487500003 ], [ -74.023894783999935, 4.821901481000054 ], [ -74.023742653999989, 4.82187730000004 ], [ -74.023595094999962, 4.82187861500006 ], [ -74.023441908999985, 4.821847303000027 ], [ -74.023276322999948, 4.821876085000042 ], [ -74.023092144999964, 4.821943848000046 ], [ -74.022997519999933, 4.821983378000027 ], [ -74.02294415199998, 4.822003566000035 ], [ -74.022847407999961, 4.822078194000028 ], [ -74.022844732999943, 4.822080312000026 ], [ -74.022789109999962, 4.822123945000044 ], [ -74.022711024999978, 4.822180358000026 ], [ -74.022662582999942, 4.822200243000054 ], [ -74.022649313999977, 4.822204095000075 ], [ -74.022647831999961, 4.822206299000072 ], [ -74.022645336999972, 4.822207323000043 ], [ -74.022573862999934, 4.822309497000049 ], [ -74.022531824999987, 4.822352568000042 ], [ -74.022450075999984, 4.822437368000067 ], [ -74.022261310999966, 4.822552727000073 ], [ -74.021798479999973, 4.822661115000074 ], [ -74.021617267999943, 4.822667720000027 ], [ -74.021615719999943, 4.822667791000072 ], [ -74.021501530999956, 4.82267236000007 ], [ -74.021260499999983, 4.82256723200004 ], [ -74.020851653999955, 4.822353036000038 ], [ -74.020620188999942, 4.822289152000053 ], [ -74.020412362999934, 4.822318491000033 ], [ -74.020172445999947, 4.82228398500007 ], [ -74.019746675999954, 4.822228539000037 ], [ -74.019672336999975, 4.82220959700004 ], [ -74.019467340999938, 4.822157301000061 ], [ -74.019240393999951, 4.822029577000023 ], [ -74.019215332999977, 4.822020321000025 ], [ -74.019029770999964, 4.821951573000035 ], [ -74.018805844999974, 4.82186028700005 ], [ -74.018802677999986, 4.821859509000035 ], [ -74.018656603999943, 4.82182212500004 ], [ -74.018619223999963, 4.821812514000044 ], [ -74.018432807999943, 4.821788751000042 ], [ -74.018201623999971, 4.821737860000042 ], [ -74.018193317999987, 4.821735951000051 ], [ -74.018191205999983, 4.821735810000064 ], [ -74.017977191999989, 4.821718609000072 ], [ -74.017769380999937, 4.821663203000071 ], [ -74.017530036999972, 4.821577848000061 ], [ -74.017411777999939, 4.821507206000035 ], [ -74.01726085599995, 4.821428082000068 ], [ -74.017153644999951, 4.821381946000031 ], [ -74.01711471599998, 4.821366049000062 ], [ -74.016902688999949, 4.821274908000021 ], [ -74.016640815999949, 4.821187289000022 ], [ -74.016396955999937, 4.821161818000064 ], [ -74.016294243999937, 4.821153254000023 ], [ -74.016218352999942, 4.82114511900005 ], [ -74.016164850999985, 4.821142424000072 ], [ -74.016146334999974, 4.821141501000056 ], [ -74.015962171999945, 4.821128403000046 ], [ -74.015759419999938, 4.821122714000069 ], [ -74.015743085999986, 4.821126453000034 ], [ -74.015540888999965, 4.82117295300003 ], [ -74.015334183999983, 4.821222630000022 ], [ -74.014970333999941, 4.82133724800002 ], [ -74.014808688999949, 4.821378175000063 ], [ -74.01477411999997, 4.821385938000049 ], [ -74.014679568999952, 4.821407106000038 ], [ -74.014471879999974, 4.821451274000026 ], [ -74.014306850999958, 4.821504701000038 ], [ -74.014239826999983, 4.821526368000036 ], [ -74.014180479999936, 4.821522684000058 ], [ -74.014170552999985, 4.821522046000041 ], [ -74.014075936999973, 4.821516167000027 ], [ -74.014018502999988, 4.821449844000028 ], [ -74.01400646899998, 4.821435998000027 ], [ -74.014004988999943, 4.821434234000037 ], [ -74.013793230999966, 4.821410464000053 ], [ -74.013594989999945, 4.821379917000058 ], [ -74.013589850999949, 4.821382035000056 ], [ -74.013585907999982, 4.821381398000028 ], [ -74.013449812999966, 4.821440339000048 ], [ -74.013342654999974, 4.821484951000059 ], [ -74.013158478999969, 4.821541411000055 ], [ -74.013134822999973, 4.821549669000035 ], [ -74.013117009999974, 4.821555881000052 ], [ -74.013056741999947, 4.82157684200007 ], [ -74.012876294999955, 4.821639660000073 ], [ -74.012609892999933, 4.821685368000033 ], [ -74.012505142999942, 4.821658229000036 ], [ -74.012281574999975, 4.821538413000042 ], [ -74.012087846999975, 4.821468885000058 ], [ -74.012080032999961, 4.821467399000028 ], [ -74.011796119999985, 4.82141346100002 ], [ -74.011775703999945, 4.821412891000023 ], [ -74.011766200999944, 4.821410983000021 ], [ -74.011749445999953, 4.82141211000004 ], [ -74.01148410899998, 4.821404359000041 ], [ -74.011267843999974, 4.821383412000046 ], [ -74.01094907099997, 4.821387868000045 ], [ -74.010893735999957, 4.821392588000037 ], [ -74.010710269999947, 4.821408159000043 ], [ -74.010341365999977, 4.821449892000032 ], [ -74.010064260999968, 4.821504214000072 ], [ -74.009940702999984, 4.821528484000055 ], [ -74.009935915999961, 4.821529400000031 ], [ -74.009929648999957, 4.821530600000074 ], [ -74.009725191999962, 4.82161247800002 ], [ -74.00959734099996, 4.821629401000052 ], [ -74.009327, 4.821654205000073 ], [ -74.009021731999951, 4.821718549000025 ], [ -74.008835310999984, 4.821731506000049 ], [ -74.008630302999961, 4.821746718000043 ], [ -74.008443531999944, 4.821740255000066 ], [ -74.008416287999978, 4.82173933100006 ], [ -74.008227609999949, 4.821761325000068 ], [ -74.008020345999967, 4.821792568000035 ], [ -74.007815334999975, 4.82181943300003 ], [ -74.007537676999959, 4.821826156000043 ], [ -74.007139493999944, 4.821819859000072 ], [ -74.006767784999965, 4.821799444000021 ], [ -74.006428748999951, 4.82174683300002 ], [ -74.006139265999934, 4.821737734000067 ], [ -74.005804724999962, 4.821735405000027 ], [ -74.005617188999963, 4.821690733000025 ], [ -74.005590730999984, 4.821670391000055 ], [ -74.005500162999965, 4.821487676000061 ], [ -74.005130104999978, 4.821105508000073 ], [ -74.004907058999947, 4.820642742000075 ], [ -74.004801174999955, 4.820050879000064 ], [ -74.004722, 4.819892619000029 ], [ -74.004626220999967, 4.819781357000068 ], [ -74.004490843999974, 4.819731361000038 ], [ -74.004396657999962, 4.819643118000045 ], [ -74.004298106999954, 4.819506502000024 ], [ -74.004266143999985, 4.819316251000032 ], [ -74.004205308999985, 4.819224536000036 ], [ -74.004133923999973, 4.819006815000023 ], [ -74.004075285999988, 4.818888567000045 ], [ -74.003743369999938, 4.818713531000071 ], [ -74.003735032999941, 4.818698295000047 ], [ -74.003696201999958, 4.81855874200005 ], [ -74.003727872999946, 4.818320135000022 ], [ -74.003728482999975, 4.818319623000036 ], [ -74.004241000999968, 4.81788965800007 ], [ -74.004269916999988, 4.817786276000049 ], [ -74.004287398999963, 4.817700491000039 ], [ -74.004168912999944, 4.817444292000062 ], [ -74.004029423999953, 4.817304805000049 ], [ -74.003953338999963, 4.817177996000055 ], [ -74.00388993599995, 4.81692438400006 ], [ -74.004072058999952, 4.816219277000073 ], [ -74.004000674999986, 4.816028920000065 ], [ -74.003893599999969, 4.815790974000038 ], [ -74.003940335999971, 4.815624168000056 ], [ -74.004232671999944, 4.815178263000064 ], [ -74.004349600999944, 4.814716302000022 ], [ -74.004679128999953, 4.814163697000026 ], [ -74.004648890999988, 4.814095691000034 ], [ -74.004503596999939, 4.813784647000034 ], [ -74.004452772999969, 4.813554281000052 ], [ -74.004668632999937, 4.813273425000034 ], [ -74.005071432999955, 4.812566805000074 ], [ -74.005081132999976, 4.812239651000027 ], [ -74.005000047999943, 4.811757788000023 ], [ -74.005011944999978, 4.811323537000021 ], [ -74.005023842999947, 4.810788157000047 ], [ -74.00498220299994, 4.810472879000031 ], [ -74.00495945199998, 4.81026100400004 ], [ -74.004887935999989, 4.810197139000024 ], [ -74.004735650999976, 4.810077214000046 ], [ -74.004432982999958, 4.809913507000033 ], [ -74.004295034999984, 4.809713362000025 ], [ -74.004154840999945, 4.809604518000071 ], [ -74.003834075999976, 4.80930365100005 ], [ -74.003826545999971, 4.809276985000054 ], [ -74.003689158999975, 4.809126676000062 ], [ -74.003609707999942, 4.809093202000042 ], [ -74.00358483399998, 4.809069871000077 ], [ -74.003486357999975, 4.808928280000032 ], [ -74.00343793199994, 4.808858652000026 ], [ -74.003388368999936, 4.808726613000033 ], [ -74.003347512999937, 4.808606429000065 ], [ -74.003305603999934, 4.808524221000027 ], [ -74.003219021999939, 4.808450574000062 ], [ -74.003087689999973, 4.808370892000028 ], [ -74.002911939999933, 4.80809780800007 ], [ -74.002823332999981, 4.807849714000042 ], [ -74.002649120999934, 4.807698849000076 ], [ -74.00261011799995, 4.807632516000069 ], [ -74.002492096999958, 4.807546855000055 ], [ -74.002332196999987, 4.807428834000063 ], [ -74.002122406999945, 4.807346616000075 ], [ -74.001852735999989, 4.807341984000061 ], [ -74.001733057999957, 4.807305831000065 ], [ -74.00168641099998, 4.807278689000043 ], [ -74.001668398999982, 4.807233204000056 ], [ -74.001617412999963, 4.807061917000055 ], [ -74.001572910999982, 4.807012667000038 ], [ -74.001510610999958, 4.806943750000073 ], [ -74.001305027999933, 4.806825058000072 ], [ -74.001130476999947, 4.806770948000064 ], [ -74.001038419999986, 4.806742411000073 ], [ -74.000989697999955, 4.806672407000065 ], [ -74.000927510999986, 4.806583059000047 ], [ -74.000857392999933, 4.806406834000029 ], [ -74.000767700999972, 4.806376874000023 ], [ -74.000731532999964, 4.806329285000061 ], [ -74.00074998599996, 4.806179296000039 ], [ -74.000716304999969, 4.805937150000034 ], [ -74.000710593999941, 4.805866718000061 ], [ -74.00068013799995, 4.805830549000063 ], [ -74.000607801999934, 4.805798189000029 ], [ -74.00050842099995, 4.805712060000076 ], [ -74.000436480999952, 4.805649711000058 ], [ -74.000407926999969, 4.805567857000028 ], [ -74.000404118999938, 4.805499329000043 ], [ -74.000425058999951, 4.805390826000064 ], [ -74.000553879999984, 4.805208610000022 ], [ -74.000691839999945, 4.805052753000041 ], [ -74.000871764999943, 4.804859977000035 ], [ -74.000961726999947, 4.804680052000037 ], [ -74.001013133999948, 4.804577238000036 ], [ -74.001058325999963, 4.804537602000039 ], [ -74.001101155999947, 4.804494771000066 ], [ -74.001148744999966, 4.804451941000025 ], [ -74.001215369999954, 4.804390076000061 ], [ -74.001278499999955, 4.804261 ], [ -74.001257316999954, 4.804127426000036 ], [ -74.001244464999957, 4.803844688000027 ], [ -74.001193058999945, 4.803613356000028 ], [ -74.001141651999944, 4.803227804000073 ], [ -74.00118458299994, 4.802811014000042 ], [ -74.00124748099995, 4.802697407000039 ], [ -74.00124359299997, 4.802542611000035 ], [ -74.001287590999937, 4.802466431000028 ], [ -74.001342578999981, 4.802437914000052 ], [ -74.001557305999938, 4.802450564000026 ], [ -74.001817086999949, 4.802431262000027 ], [ -74.001890092999986, 4.802402461000042 ], [ -74.001935055999979, 4.802340190000052 ], [ -74.001978508999969, 4.802187859000071 ], [ -74.002115222999976, 4.802016453000022 ], [ -74.00214041299995, 4.801945247000049 ], [ -74.00216039999998, 4.801818659000048 ], [ -74.002188838999984, 4.80174346900003 ], [ -74.002282771999944, 4.801711816000022 ], [ -74.002406911999969, 4.801691120000044 ], [ -74.002523604999965, 4.801685098000064 ], [ -74.002585409999938, 4.801607710000042 ], [ -74.002704106999943, 4.80148755700003 ], [ -74.00283067099997, 4.801300604000062 ], [ -74.002862578999952, 4.801222962000054 ], [ -74.002919089999978, 4.800982160000046 ], [ -74.003175061999968, 4.800815771000032 ], [ -74.003243796999982, 4.800779423000051 ], [ -74.003377000999933, 4.800708984000039 ], [ -74.003446899999972, 4.800645753000026 ], [ -74.003447990999973, 4.800644766000062 ], [ -74.00405004299995, 4.800216007000074 ], [ -74.004205790999947, 4.800085463000073 ], [ -74.004474792999986, 4.799862320000045 ], [ -74.004483564999987, 4.799859113000025 ], [ -74.004970394999987, 4.799681138000039 ], [ -74.004979741999989, 4.799677721000023 ], [ -74.005035662999944, 4.799619818000053 ], [ -74.005053101999977, 4.799323579000031 ], [ -74.005067979999978, 4.799070804000053 ], [ -74.005293538999979, 4.798762981000039 ], [ -74.005662751999978, 4.798366809000072 ], [ -74.005663699999957, 4.798365792000027 ], [ -74.006002294999973, 4.79826100300005 ], [ -74.006661990999987, 4.797890561000031 ], [ -74.006773331999966, 4.797899543000028 ], [ -74.007016433999979, 4.798015984000074 ], [ -74.007200289999957, 4.798070264000046 ], [ -74.007306727999946, 4.798054055000023 ], [ -74.00750444099998, 4.797946379000052 ], [ -74.007990834999987, 4.797916244000021 ], [ -74.008187377999946, 4.797827595000058 ], [ -74.00835774799998, 4.797670607000043 ], [ -74.008600564999938, 4.797574061000034 ], [ -74.008900966999988, 4.797576973000048 ], [ -74.009085374999984, 4.797624562000067 ], [ -74.009200093999937, 4.797634853000034 ], [ -74.009351738999953, 4.79763037400005 ], [ -74.009644547999983, 4.797582921000071 ], [ -74.010016338999947, 4.797579947000031 ], [ -74.010563614999967, 4.797636459000046 ], [ -74.010941353999954, 4.797701895000046 ], [ -74.011548116999961, 4.797713792000025 ], [ -74.011940727999956, 4.79772271500002 ], [ -74.012273215999983, 4.797763230000044 ], [ -74.012390951999976, 4.797774291000053 ], [ -74.012448771999971, 4.797796657000049 ], [ -74.012515055999984, 4.797863816000074 ], [ -74.012608760999967, 4.797898795000037 ], [ -74.012715011999944, 4.79790741000005 ], [ -74.012793526999985, 4.797900818000073 ], [ -74.012858536999943, 4.79786830300003 ], [ -74.01296681499997, 4.797751119000054 ], [ -74.01316852399998, 4.797580020000055 ], [ -74.013248598999951, 4.797482033000051 ], [ -74.013324413999953, 4.797128028000031 ], [ -74.013316621999934, 4.797051386000021 ], [ -74.01333922799995, 4.796976433000054 ], [ -74.013377952999974, 4.796900790000052 ], [ -74.013405314999943, 4.796834164000074 ], [ -74.013419708999947, 4.796774845000073 ], [ -74.013402579999934, 4.796542680000073 ], [ -74.013433988999964, 4.796419901000036 ], [ -74.013500272999977, 4.796323756000049 ], [ -74.01358003699994, 4.796269188000053 ], [ -74.013650995999967, 4.796241440000074 ], [ -74.013976613999944, 4.79594006800005 ], [ -74.014015766999989, 4.795885354000063 ], [ -74.01403675499995, 4.795788215000073 ], [ -74.014117101999943, 4.795385133000025 ], [ -74.014236926999956, 4.79518895800004 ], [ -74.014305465999939, 4.795176037000033 ], [ -74.01437113999998, 4.795183176000023 ], [ -74.014388271999962, 4.795148912000059 ], [ -74.014365427999962, 4.795101798000076 ], [ -74.014304038999967, 4.795040409000023 ], [ -74.014228371999934, 4.794934760000046 ], [ -74.014184907999947, 4.794874532000051 ], [ -74.014210163999962, 4.794814149000047 ], [ -74.014357723999979, 4.794650607000051 ], [ -74.014558758999954, 4.794385937000072 ], [ -74.014736365999966, 4.794101933000036 ], [ -74.014767347999964, 4.794014455000024 ], [ -74.014691652999943, 4.793768349000061 ], [ -74.014705928999945, 4.79357204300004 ], [ -74.014804029999937, 4.793407479000052 ], [ -74.014859197999954, 4.793369760000076 ], [ -74.014984397999967, 4.793330022000021 ], [ -74.015056103999939, 4.793276147000029 ], [ -74.015086736999933, 4.793131448000054 ], [ -74.015104939999958, 4.792941252000048 ], [ -74.015167039999938, 4.792755829000043 ], [ -74.015267050999967, 4.792581689000031 ], [ -74.015327652999986, 4.792446498000061 ], [ -74.015351446999944, 4.79238106300005 ], [ -74.015407959999948, 4.792193681000072 ], [ -74.015480621999984, 4.791705518000072 ], [ -74.015514148999955, 4.791524215000038 ], [ -74.015620500999944, 4.791309007000052 ], [ -74.015669421999974, 4.791127792000054 ], [ -74.01576487899996, 4.790923643000042 ], [ -74.015816238999946, 4.790454287000045 ], [ -74.015894461999949, 4.79006657900004 ], [ -74.01594036299997, 4.789704169000061 ], [ -74.015993798999943, 4.789353260000041 ], [ -74.016001296999946, 4.788996498000074 ], [ -74.016005979999989, 4.788773709000054 ], [ -74.016015233999951, 4.788333391000037 ], [ -74.01602098099994, 4.788059936000025 ], [ -74.016024922999975, 4.787872382000046 ], [ -74.016053387999989, 4.787767882000026 ], [ -74.016342091999945, 4.787467390000074 ], [ -74.016431127999965, 4.786792304000073 ], [ -74.016497710999943, 4.786614499000052 ], [ -74.016556957999967, 4.786456284000053 ], [ -74.016539533999946, 4.786004630000036 ], [ -74.016525211999976, 4.785633392000022 ], [ -74.016386512999986, 4.785227809000048 ], [ -74.016359744999988, 4.784725147000074 ], [ -74.016352769999969, 4.784587066000029 ], [ -74.01634487299998, 4.784430689000033 ], [ -74.01615359699997, 4.784041179000042 ], [ -74.016089079999972, 4.783901259000061 ], [ -74.016071969999985, 4.783508605000065 ], [ -74.01598217999998, 4.782959642000037 ], [ -74.016002823999941, 4.782536877000041 ], [ -74.016002824999987, 4.782239443000037 ], [ -74.015998065999952, 4.781892042000038 ], [ -74.015988548999985, 4.781599369000048 ], [ -74.015985216999979, 4.781387596000059 ], [ -74.01597950699994, 4.781220559000076 ], [ -74.015959994999946, 4.78098546700005 ], [ -74.015963801999987, 4.780747997000049 ], [ -74.015978429999961, 4.78044568100006 ], [ -74.016024405999985, 4.780203654000047 ], [ -74.016035919999979, 4.779915519000042 ], [ -74.016024463999941, 4.779546709000044 ], [ -74.015978558999961, 4.77898196600006 ], [ -74.016001585999959, 4.778451803000053 ], [ -74.016001586999948, 4.778428414000075 ], [ -74.01600164499996, 4.777771810000047 ], [ -74.015978991999987, 4.777036604000045 ], [ -74.01599504099994, 4.776811920000057 ], [ -74.015968291999968, 4.776501635000045 ], [ -74.015715303999968, 4.776038982000046 ], [ -74.015799300999959, 4.775867564000066 ], [ -74.015890845999934, 4.77571309700005 ], [ -74.015949206999949, 4.775474953000071 ], [ -74.015950110999938, 4.775438788000031 ], [ -74.015952776999939, 4.775332185000025 ], [ -74.015949207999938, 4.775225110000065 ], [ -74.015959914999939, 4.775000250000062 ], [ -74.01600988399997, 4.774850345000061 ], [ -74.016174066999952, 4.774568378000026 ], [ -74.016243754999948, 4.774437522000028 ], [ -74.016495256999974, 4.774286104000055 ], [ -74.016595231999986, 4.774111521000066 ], [ -74.016594465999958, 4.773795319000044 ], [ -74.016602326999987, 4.773578845000031 ], [ -74.016583684999944, 4.773395035000021 ], [ -74.016559077999943, 4.773152413000048 ], [ -74.016558472999975, 4.773146458000042 ], [ -74.016558275999955, 4.773144869000021 ], [ -74.016569258999937, 4.772981165000033 ], [ -74.016571231999933, 4.772962945000074 ], [ -74.01658243299994, 4.772919940000065 ], [ -74.016599832999987, 4.772857443000021 ], [ -74.016693380999982, 4.772521871000038 ], [ -74.016751566999972, 4.772365729000057 ], [ -74.01675568099995, 4.772360106000065 ], [ -74.016820036999945, 4.772272133000058 ], [ -74.017443509999964, 4.771532781000076 ], [ -74.01759679099996, 4.770714404000046 ], [ -74.01743838799996, 4.770457143000044 ], [ -74.017433627999935, 4.770425243000034 ], [ -74.017433085999983, 4.770421613000053 ], [ -74.017490664999968, 4.770315837000055 ], [ -74.017583394999974, 4.770215996000047 ], [ -74.017675321999945, 4.770123781000052 ], [ -74.017823696999983, 4.769974942000033 ], [ -74.017916672999945, 4.769672422000042 ], [ -74.017917377999936, 4.769671503000041 ], [ -74.017965469999979, 4.769607531000077 ], [ -74.018203110999934, 4.769294303000038 ], [ -74.01847655499995, 4.769122958000025 ], [ -74.018479864999961, 4.769117379000022 ], [ -74.018486552999946, 4.769113213000026 ], [ -74.018698649999976, 4.768745037000031 ], [ -74.01869998899997, 4.76874263600007 ], [ -74.018919191999942, 4.768389009000032 ], [ -74.019132713999966, 4.767928816000051 ], [ -74.019133840999984, 4.767926344000045 ], [ -74.019002796999985, 4.766991303000054 ], [ -74.018928629999948, 4.766074353000022 ], [ -74.018909391999955, 4.765423369000075 ], [ -74.018909321999956, 4.765420543000062 ], [ -74.019022335999978, 4.764865910000026 ], [ -74.019059575999961, 4.764476658000035 ], [ -74.019103041999983, 4.763921305000054 ], [ -74.01902423599995, 4.763731109000048 ], [ -74.018971325999985, 4.76358837600003 ], [ -74.018875709999975, 4.763319717000059 ], [ -74.018822167999986, 4.763163070000076 ], [ -74.018455095999968, 4.762599167000076 ], [ -74.017847563999965, 4.762016576000065 ], [ -74.016870065999967, 4.76129945200006 ], [ -74.01610259399996, 4.760744512000031 ], [ -74.016099728999961, 4.76074279300002 ], [ -74.016092966999963, 4.760664791000067 ], [ -74.015962589999958, 4.760361010000054 ], [ -74.015621833999944, 4.760105618000068 ], [ -74.015338584999938, 4.760082402000023 ], [ -74.015186279999966, 4.759972022000056 ], [ -74.014903235999952, 4.75966779700002 ], [ -74.014583257999959, 4.759574900000075 ], [ -74.014392501999964, 4.759598908000044 ], [ -74.014294762999953, 4.75960359100003 ], [ -74.014067048999948, 4.759459393000043 ], [ -74.013298425999949, 4.759053036000068 ], [ -74.013030211999933, 4.758763582000029 ], [ -74.012429459999964, 4.758106199000053 ], [ -74.012406302999977, 4.758090023000022 ], [ -74.012374491999935, 4.758055694000063 ], [ -74.011840132999964, 4.757691188000024 ], [ -74.011526457999935, 4.757344450000062 ], [ -74.011325950999947, 4.75711990700006 ], [ -74.011189844999933, 4.756935419000058 ], [ -74.010854298999959, 4.756475755000054 ], [ -74.010411747999967, 4.756054770000048 ], [ -74.010234747999959, 4.755927973000041 ], [ -74.009794061999969, 4.755612280000037 ], [ -74.009331791999955, 4.755245527000056 ], [ -74.009017142999937, 4.754481632000022 ], [ -74.00895967699995, 4.753549500000076 ], [ -74.008959536999953, 4.753546958000072 ], [ -74.00915938199995, 4.752838178000047 ], [ -74.009397525999987, 4.75210899800004 ], [ -74.009398018999946, 4.752106526000034 ], [ -74.009444695999946, 4.751870849000056 ], [ -74.009447156999954, 4.751868388000048 ], [ -74.009451339999941, 4.75186420600005 ], [ -74.009458781999967, 4.751809886000046 ], [ -74.009463059999973, 4.751778668000043 ], [ -74.009640691999948, 4.750887452000029 ], [ -74.009618856999964, 4.750248472000067 ], [ -74.00961093799998, 4.75001505900002 ], [ -74.009611575999941, 4.750013823000074 ], [ -74.009696824999935, 4.749848627000063 ], [ -74.00969900299998, 4.749844406000022 ], [ -74.009654827999952, 4.749560231000032 ], [ -74.009515507999936, 4.74930871600003 ], [ -74.009506248999969, 4.749292001000072 ], [ -74.009503880999944, 4.749283462000051 ], [ -74.009504059999983, 4.749270515000035 ], [ -74.009508582999956, 4.748942600000021 ], [ -74.009581798999989, 4.748545312000033 ], [ -74.009589640999934, 4.748368416000062 ], [ -74.009629934999964, 4.748269213000071 ], [ -74.00973694299995, 4.748177792000035 ], [ -74.009746528999983, 4.748040784000068 ], [ -74.009695743999941, 4.747912216000032 ], [ -74.009596622999936, 4.747819495000044 ], [ -74.009491926999942, 4.747705280000048 ], [ -74.009427680999977, 4.747617240000068 ], [ -74.00931346699997, 4.747524442000042 ], [ -74.008778251999956, 4.747198742000023 ], [ -74.008777161999944, 4.747198079000043 ], [ -74.008761375999939, 4.746476034000068 ], [ -74.008641591999947, 4.745644382000023 ], [ -74.008482320999974, 4.745156997000038 ], [ -74.008428152999954, 4.744988344000035 ], [ -74.008378767999943, 4.744834594000054 ], [ -74.008332125999971, 4.744689530000073 ], [ -74.00813226799994, 4.744060120000029 ], [ -74.007893616999979, 4.743462903000022 ], [ -74.007661366999969, 4.742881297000054 ], [ -74.00748125399997, 4.742428017000066 ], [ -74.007479777999947, 4.74242427400003 ], [ -74.007397796999953, 4.741940789000068 ], [ -74.007487820999984, 4.741832484000042 ], [ -74.007500652999965, 4.741821916000049 ], [ -74.007687186999988, 4.741668293000032 ], [ -74.007869272999983, 4.741518334000034 ], [ -74.007889903999967, 4.741464843000074 ], [ -74.007895725999958, 4.741439765000052 ], [ -74.00790875499996, 4.741383644000052 ], [ -74.00794689099996, 4.741275358000053 ], [ -74.00799204599997, 4.741185143000052 ], [ -74.007996596999988, 4.741166562000046 ], [ -74.00799718899998, 4.741164145000027 ], [ -74.008011984999939, 4.741143889000057 ], [ -74.008288318999973, 4.740917959000058 ], [ -74.00829000799996, 4.74091555800004 ], [ -74.008090682999978, 4.74045510600007 ], [ -74.008090415999959, 4.74043292600004 ], [ -74.008072622999975, 4.740413387000046 ], [ -74.007862221999972, 4.739927348000037 ], [ -74.007808261999969, 4.739775363000035 ], [ -74.007556478999959, 4.739035842000021 ], [ -74.007533672999955, 4.738674968000055 ], [ -74.007526214999984, 4.738544326000067 ], [ -74.007527337999989, 4.738540559000057 ], [ -74.007531203999974, 4.738527589000057 ], [ -74.00766921099995, 4.738204458000041 ], [ -74.007824351999943, 4.738038371000073 ], [ -74.00785837899997, 4.737947476000045 ], [ -74.007928223999954, 4.737659715000063 ], [ -74.007936685999937, 4.737077696000028 ], [ -74.007936929999971, 4.737060936000034 ], [ -74.008061060999978, 4.736046176000059 ], [ -74.00806261799994, 4.736045682000054 ], [ -74.008120523999935, 4.736027302000025 ], [ -74.008201622999934, 4.735973717000036 ], [ -74.008287090999943, 4.735777731000042 ], [ -74.008291041999939, 4.735678233000044 ], [ -74.008294535999937, 4.73559023200005 ], [ -74.008292035999943, 4.735207527000057 ], [ -74.008286729999952, 4.734662639000021 ], [ -74.008280089999971, 4.734245308000027 ], [ -74.008290431999967, 4.733690805000037 ], [ -74.008388701999934, 4.732905695000056 ], [ -74.008430195999949, 4.732567923000033 ], [ -74.008387709999965, 4.732433770000057 ], [ -74.008295229999987, 4.732306617000063 ], [ -74.008063693999986, 4.732091298000057 ], [ -74.007841129999974, 4.73194989600006 ], [ -74.007733300999973, 4.731847305000031 ], [ -74.007732881999971, 4.731846907000033 ], [ -74.007611678999979, 4.731205939000063 ], [ -74.00761179999995, 4.731187785000031 ], [ -74.007612924999989, 4.731186583000067 ], [ -74.007803286999945, 4.730983168000023 ], [ -74.008012944999962, 4.73068784000003 ], [ -74.00803971299996, 4.73052722500006 ], [ -74.008009970999979, 4.730324972000062 ], [ -74.007868654999982, 4.729940576000047 ], [ -74.007647533999943, 4.729510305000076 ], [ -74.00764621899998, 4.729507747000071 ], [ -74.007689277999987, 4.728948919000061 ], [ -74.007809988999952, 4.72793596200006 ], [ -74.007843875999981, 4.727435410000055 ], [ -74.007886234999944, 4.726802092000071 ], [ -74.008184192999977, 4.725346854000065 ] ], [ [ -74.081402759999946, 4.685981466000044 ], [ -74.080378018999966, 4.686101122000025 ], [ -74.080191663999983, 4.686185673000068 ], [ -74.078636967999955, 4.686764913000047 ], [ -74.077179031999947, 4.687826183000027 ], [ -74.077144012999952, 4.687859846000038 ], [ -74.076966422999988, 4.688101140000072 ], [ -74.075930264999954, 4.689439997000022 ], [ -74.075786868999955, 4.68967088900007 ], [ -74.075454671999978, 4.69072826300004 ], [ -74.075187936999953, 4.691515594000066 ], [ -74.075182977999987, 4.691830782000068 ], [ -74.07509478999998, 4.693360300000052 ], [ -74.075331443999971, 4.694631800000025 ], [ -74.075478478999969, 4.695205008000073 ], [ -74.076173371999971, 4.696858110000051 ], [ -74.076295242999947, 4.697049716000038 ], [ -74.077332128999956, 4.698533848000068 ], [ -74.077716708999958, 4.698894424000059 ], [ -74.078694741999982, 4.699855333000073 ], [ -74.080072284999972, 4.70073912600003 ], [ -74.08024026399994, 4.700858965000066 ], [ -74.08043043899994, 4.700949765000075 ], [ -74.081960096999978, 4.701559686000053 ], [ -74.083056691999957, 4.701824174000024 ], [ -74.083887210999933, 4.70190019100005 ], [ -74.085238673999982, 4.701926540000045 ], [ -74.086097453999969, 4.701748666000071 ], [ -74.087133215999984, 4.701529405000031 ], [ -74.088625201999946, 4.700739042000066 ], [ -74.088761380999983, 4.700669382000058 ], [ -74.088946806999957, 4.700486460000036 ], [ -74.090153972999985, 4.69940000500003 ], [ -74.090495733999944, 4.698894303000031 ], [ -74.091231180999955, 4.697582587000056 ], [ -74.091422198999965, 4.697049578000076 ], [ -74.091582907999964, 4.695905284000048 ], [ -74.091730697999935, 4.69520486600004 ], [ -74.09170254299994, 4.694712395000067 ], [ -74.091575647999946, 4.693360163000023 ], [ -74.091307062999988, 4.692695129000072 ], [ -74.090959601999941, 4.691515468000034 ], [ -74.090377165999939, 4.690621642000053 ], [ -74.089822092999952, 4.689670783000054 ], [ -74.08918162599997, 4.68900982100007 ], [ -74.087927223999941, 4.687826106000045 ], [ -74.087793770999951, 4.687732223000069 ], [ -74.087638546999983, 4.687650246000032 ], [ -74.086222335999935, 4.686773673000062 ], [ -74.084692597999947, 4.686220212000023 ], [ -74.084469886999955, 4.686129700000038 ], [ -74.083331385999941, 4.685981452000021 ], [ -74.082498846999954, 4.68586560600005 ], [ -74.082363178999969, 4.685861546000069 ], [ -74.081402759999946, 4.685981466000044 ] ], [ [ -74.076135144999967, 4.663719919000073 ], [ -74.076180932999989, 4.663844983000047 ], [ -74.076888572999962, 4.665279413000064 ], [ -74.077084584999966, 4.665689693000047 ], [ -74.077104832999964, 4.665724140000066 ], [ -74.077218272999971, 4.665852389000065 ], [ -74.07836580299994, 4.667222159000062 ], [ -74.078783000999977, 4.667534400000022 ], [ -74.079826161999961, 4.66837367100004 ], [ -74.081174866999959, 4.669038975000035 ], [ -74.081476927999972, 4.669194284000071 ], [ -74.082112153999958, 4.669379094000021 ], [ -74.08328652299997, 4.669738874000075 ], [ -74.083747053999957, 4.669819631000053 ], [ -74.085256483999956, 4.67000476100003 ], [ -74.085998638999968, 4.670043122000038 ], [ -74.087389933999987, 4.669986515000062 ], [ -74.088063847999933, 4.669942721000041 ], [ -74.089728604999948, 4.669611606000046 ], [ -74.08997285199996, 4.669570863000047 ], [ -74.090533929999935, 4.669378988000062 ], [ -74.091744115999973, 4.668959642000061 ], [ -74.092460086999949, 4.668554001000075 ], [ -74.093373421999956, 4.668101732000025 ], [ -74.094153693999942, 4.667534204000049 ], [ -74.094858282999951, 4.666992812000046 ], [ -74.096111983999947, 4.665689447000034 ], [ -74.096180857999968, 4.665601883000022 ], [ -74.097268961999987, 4.66384470600002 ], [ -74.097279354999955, 4.663821565000035 ], [ -74.097980265999979, 4.66199997800004 ], [ -74.09807092899996, 4.66150790100005 ], [ -74.098304175999942, 4.660155260000067 ], [ -74.098259197999937, 4.658475285000065 ], [ -74.098260751999987, 4.658310553000035 ], [ -74.098210976999951, 4.658062040000061 ], [ -74.097923631999947, 4.656465855000022 ], [ -74.097677600999987, 4.655796503000033 ], [ -74.097231635999947, 4.654621165000037 ], [ -74.096740133999958, 4.653736231000039 ], [ -74.096132746999956, 4.65277648700004 ], [ -74.095578020999938, 4.652066406000074 ], [ -74.094475602999978, 4.650931820000039 ], [ -74.094236415999944, 4.650708544000054 ], [ -74.093811099999982, 4.650415969000051 ], [ -74.092740985999967, 4.649618038000028 ], [ -74.091638324999963, 4.649087174000044 ], [ -74.091081496999948, 4.648812666000026 ], [ -74.090708094999968, 4.648712773000057 ], [ -74.089257612999972, 4.648293014000046 ], [ -74.088299977999952, 4.648217152000029 ], [ -74.087218260999975, 4.648147840000036 ], [ -74.086203123999951, 4.648262449000072 ], [ -74.084889186999987, 4.648506185000031 ], [ -74.084322855999972, 4.648684140000057 ], [ -74.08344268999997, 4.649087291000058 ], [ -74.082615940999972, 4.649407095000072 ], [ -74.082060499999955, 4.649732810000046 ], [ -74.081051706999972, 4.650378017000037 ], [ -74.080442155999947, 4.650932018000049 ], [ -74.079628540999977, 4.651594105000072 ], [ -74.078603487999942, 4.652776732000063 ], [ -74.078351725999937, 4.653064540000059 ], [ -74.077335816999948, 4.654621442000064 ], [ -74.077233369999988, 4.654810368000028 ], [ -74.076462536999941, 4.656466150000028 ], [ -74.076330452999969, 4.656930614000032 ], [ -74.075908526999967, 4.65831085800005 ], [ -74.075763087999974, 4.659634023000024 ], [ -74.075670271999968, 4.660155565000025 ], [ -74.075675286999967, 4.660829689000025 ], [ -74.075739427999963, 4.662000274000036 ], [ -74.076135144999967, 4.663719919000073 ] ], [ [ -74.131960786999969, 4.572837594000021 ], [ -74.130349361999947, 4.573178152000025 ], [ -74.130080113999952, 4.573258309000039 ], [ -74.12972160299995, 4.573452260000067 ], [ -74.128444626999965, 4.574105109000072 ], [ -74.127033562999941, 4.575297164000062 ], [ -74.127017065999951, 4.575313250000022 ], [ -74.126965950999988, 4.575369933000047 ], [ -74.125719817999936, 4.576747860000069 ], [ -74.125398041999972, 4.577141987000061 ], [ -74.124500606999959, 4.578318089000049 ], [ -74.12401248499998, 4.578986791000034 ], [ -74.123322652999946, 4.579960023000069 ], [ -74.122723349999944, 4.580831585000055 ], [ -74.122167436999973, 4.581641479000041 ], [ -74.121474221999961, 4.582676376000052 ], [ -74.121023122999986, 4.583341888000064 ], [ -74.120237205999956, 4.584521163000034 ], [ -74.119882851999989, 4.58504933100005 ], [ -74.119007034999981, 4.586365947000047 ], [ -74.118741345999979, 4.586754633000055 ], [ -74.117743011999949, 4.588210731000061 ], [ -74.117586054999947, 4.58843599000005 ], [ -74.116443638999954, 4.590055514000028 ], [ -74.11641677199998, 4.590093037000031 ], [ -74.116212700999938, 4.590372719000072 ], [ -74.115234078999947, 4.591726789000063 ], [ -74.115106444999981, 4.591900298000041 ], [ -74.114035551999962, 4.593333027000028 ], [ -74.113722309999957, 4.593745081000066 ], [ -74.112822192999943, 4.594913499000029 ], [ -74.112295477999965, 4.595589864000033 ], [ -74.11159880699995, 4.596476553000059 ], [ -74.11084666499994, 4.597434644000032 ], [ -74.110385232999988, 4.598056665000058 ], [ -74.109511278999946, 4.599279418000037 ], [ -74.109202795999977, 4.599690897000073 ], [ -74.108163291999972, 4.601124188000028 ], [ -74.108022354999946, 4.601328604000059 ], [ -74.106928538999966, 4.602968951000037 ], [ -74.106885078999937, 4.603041335000057 ], [ -74.105831662999947, 4.604813707000062 ], [ -74.105808648999982, 4.604859814000065 ], [ -74.104878713999938, 4.606658455000058 ], [ -74.104813594999939, 4.606819719000043 ], [ -74.104070897999975, 4.608503197000061 ], [ -74.103923640999938, 4.608962284000029 ], [ -74.103413147999959, 4.610347932000025 ], [ -74.103169328999968, 4.611340583000072 ], [ -74.102916878999963, 4.612192661000051 ], [ -74.102604819999954, 4.614026023000065 ], [ -74.102602854999986, 4.614037382000049 ], [ -74.102602441999977, 4.614044609000075 ], [ -74.10243025699998, 4.615882100000022 ], [ -74.102478696999981, 4.617518754000059 ], [ -74.102478213999973, 4.617726808000043 ], [ -74.102501091999954, 4.617895963000024 ], [ -74.102691847999949, 4.619571511000061 ], [ -74.102978433999965, 4.62075592900004 ], [ -74.103118322999933, 4.621416206000049 ], [ -74.10370504499997, 4.623182642000074 ], [ -74.103727767999942, 4.623260894000055 ], [ -74.10389037799996, 4.623661216000073 ], [ -74.104474816999982, 4.625105577000056 ], [ -74.104594698999961, 4.625325972000041 ], [ -74.105354312999964, 4.626950252000029 ], [ -74.105574142999956, 4.627313247000075 ], [ -74.106347729999982, 4.628794922000054 ], [ -74.106613621999941, 4.629196180000065 ], [ -74.107451023999943, 4.630639586000029 ], [ -74.107704306999949, 4.630990121000025 ], [ -74.108565932999966, 4.632484248000026 ], [ -74.108785025999964, 4.632801388000075 ], [ -74.109882155999969, 4.634073695000041 ], [ -74.110057179999956, 4.634279927000023 ], [ -74.110094514999957, 4.634328889000074 ], [ -74.111346573999981, 4.635728507000067 ], [ -74.111797151999951, 4.636173518000021 ], [ -74.11272022199995, 4.637030648000064 ], [ -74.113987700999985, 4.638018117000058 ], [ -74.11418452199996, 4.638175229000069 ], [ -74.11447742699994, 4.638370004000024 ], [ -74.115735334999954, 4.639169442000025 ], [ -74.117094820999966, 4.639862659000073 ], [ -74.117370062999953, 4.640017801000056 ], [ -74.117617765999967, 4.640137952000032 ], [ -74.119084346999955, 4.640727881000032 ], [ -74.120344355999976, 4.641186894000043 ], [ -74.120868235999978, 4.64131697800002 ], [ -74.122414745999947, 4.641707050000036 ], [ -74.122718260999989, 4.641791119000061 ], [ -74.122833636999985, 4.641823446000046 ], [ -74.124650120999945, 4.64212301200007 ], [ -74.125189919999968, 4.642228877000036 ], [ -74.126648319999958, 4.64233959400002 ], [ -74.12742971299997, 4.642431878000025 ], [ -74.128605845999971, 4.642626871000061 ], [ -74.129812779999952, 4.642883826000059 ], [ -74.130608964999965, 4.642834895000021 ], [ -74.131895387999975, 4.642813678000039 ], [ -74.132810174999975, 4.642698584000073 ], [ -74.133895919999986, 4.642600911000045 ], [ -74.135136466999938, 4.642344841000067 ], [ -74.135807921999969, 4.642234311000038 ], [ -74.13761601899995, 4.641724679000049 ], [ -74.137634971999944, 4.641720096000029 ], [ -74.137674181999955, 4.641705914000056 ], [ -74.139403912999967, 4.641104913000049 ], [ -74.140347260999988, 4.640666992000035 ], [ -74.141091452999945, 4.640348291000066 ], [ -74.141975822999939, 4.639860825000028 ], [ -74.142709949999983, 4.639471704000073 ], [ -74.143425865999973, 4.639005455000074 ], [ -74.144265299999972, 4.638485399000047 ], [ -74.14488907599997, 4.638015845000041 ], [ -74.145758029999968, 4.637390292000021 ], [ -74.147176196999965, 4.636176196000065 ], [ -74.147180315999947, 4.636172791000035 ], [ -74.14718146599995, 4.636170914000047 ], [ -74.148288272999935, 4.634409134000066 ], [ -74.148366220999947, 4.634326088000023 ], [ -74.149905859999933, 4.633530991000043 ], [ -74.151396456999976, 4.632529957000031 ], [ -74.15143816899996, 4.632504675000064 ], [ -74.15146787599997, 4.632481062000068 ], [ -74.151530061999949, 4.632297700000038 ], [ -74.152093351999952, 4.630636287000073 ], [ -74.152326543999948, 4.630359509000073 ], [ -74.153434190999974, 4.628791436000029 ], [ -74.153499646999933, 4.628709075000074 ], [ -74.154191383999944, 4.627671301000021 ], [ -74.154640555999947, 4.627002714000071 ], [ -74.154679449999946, 4.626946593000071 ], [ -74.155897127999935, 4.625497324000037 ], [ -74.156100573999936, 4.62510172900005 ], [ -74.157003960999987, 4.623731768000027 ], [ -74.15729713099995, 4.623256886000036 ], [ -74.15817126099995, 4.622071281000046 ], [ -74.158688841999947, 4.621412019000047 ], [ -74.159402913999941, 4.620522616000073 ], [ -74.160197527999969, 4.619567136000057 ], [ -74.160648678999962, 4.618998479000027 ], [ -74.161620934999974, 4.61772226000005 ], [ -74.161851000999945, 4.61739886700002 ], [ -74.162833968999962, 4.615877407000028 ], [ -74.162967683999966, 4.61565046100003 ], [ -74.163806074999968, 4.614032580000071 ], [ -74.163961308999944, 4.613688252000031 ], [ -74.164544034999949, 4.612187781000046 ], [ -74.164779713999962, 4.611421601000075 ], [ -74.165011255999957, 4.610343015000069 ], [ -74.165233408999939, 4.608521268000061 ], [ -74.165236509999943, 4.608498279000059 ], [ -74.165237209999987, 4.608468671000026 ], [ -74.165390059999936, 4.606653550000033 ], [ -74.165334776999941, 4.605008766000026 ], [ -74.165325543999984, 4.604808849000051 ], [ -74.165300133999949, 4.604669073000025 ], [ -74.165124576999972, 4.60296416500006 ], [ -74.164834267999936, 4.601788786000043 ], [ -74.16472467899996, 4.601119505000042 ], [ -74.164146405999986, 4.599294450000059 ], [ -74.164141894999943, 4.599274867000076 ], [ -74.164108078999959, 4.59918869400002 ], [ -74.163426111999968, 4.597430243000076 ], [ -74.163263282999935, 4.597139589000051 ], [ -74.162531639999941, 4.595585641000071 ], [ -74.162269078999941, 4.595177852000063 ], [ -74.161460133999981, 4.593741058000035 ], [ -74.161187864999988, 4.593367390000026 ], [ -74.160212808999972, 4.591896494000025 ], [ -74.16003660299998, 4.591678717000036 ], [ -74.159020771999963, 4.590349124000056 ], [ -74.158826832999978, 4.590091767000047 ], [ -74.158796953999968, 4.590051946000074 ], [ -74.157567350999955, 4.588591248000057 ], [ -74.15723070599995, 4.588207413000021 ], [ -74.156271522999987, 4.587153926000042 ], [ -74.155498930999954, 4.586362894000047 ], [ -74.154941861999987, 4.585775428000034 ], [ -74.153640090999943, 4.584518384000035 ], [ -74.153579175999937, 4.584454352000023 ], [ -74.153417099999956, 4.584300773000052 ], [ -74.152194824999981, 4.583170944000074 ], [ -74.151580321999973, 4.582673890000024 ], [ -74.150782955999944, 4.58193538200004 ], [ -74.149419909999949, 4.580829398000049 ], [ -74.149339970999961, 4.580753920000063 ], [ -74.149174740999968, 4.580617750000044 ], [ -74.147876537999934, 4.579608013000041 ], [ -74.14697149999995, 4.578984929000057 ], [ -74.146382218999975, 4.578515805000052 ], [ -74.14547583999996, 4.577878996000038 ], [ -74.144855825999969, 4.577479359000051 ], [ -74.144276031999937, 4.577140475000022 ], [ -74.143298366999943, 4.576496927000051 ], [ -74.142178423999951, 4.57583784600007 ], [ -74.141700233999984, 4.575585207000074 ], [ -74.141103548999979, 4.575296052000056 ], [ -74.140059317999942, 4.574747866000052 ], [ -74.139202643999965, 4.574355575000027 ], [ -74.138361046999989, 4.574010236000049 ], [ -74.136761108999963, 4.573451712000065 ], [ -74.136594761999959, 4.573390845000063 ], [ -74.136512985999957, 4.57337048100004 ], [ -74.134723407999957, 4.572954111000058 ], [ -74.134107599999936, 4.572879371000056 ], [ -74.132700545999967, 4.572780757000032 ], [ -74.131960786999969, 4.572837594000021 ] ], [ [ -74.081197356999951, 4.555307042000038 ], [ -74.079503692999936, 4.555452604000038 ], [ -74.07891822299996, 4.555579084000044 ], [ -74.077627743999983, 4.555881369000076 ], [ -74.07632805999998, 4.556391724000036 ], [ -74.075894868999967, 4.556558816000063 ], [ -74.075379419999933, 4.55685174000007 ], [ -74.074281399999961, 4.557443812000031 ], [ -74.073066665999988, 4.558371021000028 ], [ -74.072797910999952, 4.55855473500003 ], [ -74.072648036999965, 4.558696442000041 ], [ -74.071391959999971, 4.559800439000071 ], [ -74.070815010999979, 4.560541140000055 ], [ -74.070189363999987, 4.561399612000059 ], [ -74.069620635999968, 4.562385842000026 ], [ -74.069169928999941, 4.563317160000054 ], [ -74.068807923999941, 4.564230545000044 ], [ -74.068372957999941, 4.565621393000072 ], [ -74.068253733999939, 4.566075253000065 ], [ -74.06813152899997, 4.566948713000045 ], [ -74.06796137799995, 4.567919962000076 ], [ -74.067940672999953, 4.568559522000044 ], [ -74.067909767999936, 4.569764674000055 ], [ -74.068037645999937, 4.57080122800005 ], [ -74.068107918999942, 4.571609390000049 ], [ -74.068519871999968, 4.573255767000035 ], [ -74.068566981999936, 4.573454108000021 ], [ -74.068594185999984, 4.573523278000039 ], [ -74.069279864999942, 4.575298830000065 ], [ -74.069481714999938, 4.575670061000039 ], [ -74.070324487999983, 4.577143554000031 ], [ -74.070565069999986, 4.577476497000021 ], [ -74.071736140999974, 4.578846070000054 ], [ -74.071832521999966, 4.578962971000067 ], [ -74.071856019999984, 4.578988280000033 ], [ -74.07320834099994, 4.580261102000065 ], [ -74.073979641999983, 4.580833006000034 ], [ -74.074709284999983, 4.581341765000047 ], [ -74.075530903999947, 4.581752298000026 ], [ -74.076340117999962, 4.582196676000024 ], [ -74.07766490399996, 4.582677728000021 ], [ -74.078094204999957, 4.582837366000035 ], [ -74.078303461999951, 4.58288179300007 ], [ -74.079980131999946, 4.583248907000041 ], [ -74.080667193999943, 4.583300702000031 ], [ -74.082035916999985, 4.58336521800004 ], [ -74.082797554999956, 4.583313988000043 ], [ -74.08430963099994, 4.583102738000036 ], [ -74.084744685999965, 4.583008809000034 ], [ -74.08573740199995, 4.582677681000064 ], [ -74.086537319999934, 4.582435107000038 ], [ -74.086921057999973, 4.582253261000062 ], [ -74.088196364999988, 4.581629225000029 ], [ -74.08934439799998, 4.580832917000066 ], [ -74.089717230999952, 4.580583190000027 ], [ -74.090336846999946, 4.58000566000004 ], [ -74.091107787999988, 4.579310680000049 ], [ -74.091389149999941, 4.578988168000024 ], [ -74.092353160999949, 4.577785848000076 ], [ -74.092782067999963, 4.577143427000067 ], [ -74.09343015099995, 4.575968372000034 ], [ -74.093763354999965, 4.575298693000036 ], [ -74.09430198299998, 4.573794339000074 ], [ -74.09442323899998, 4.573453964000066 ], [ -74.094610559999978, 4.572577203000037 ], [ -74.094822389999933, 4.571609242000022 ], [ -74.094854877999978, 4.571065998000051 ], [ -74.094985622999957, 4.569764525000039 ], [ -74.094936091999955, 4.568321784000034 ], [ -74.094908668999949, 4.567919814000049 ], [ -74.094782075999944, 4.567250194000053 ], [ -74.094604624999988, 4.566075108000064 ], [ -74.094456694999963, 4.565465496000058 ], [ -74.094041447999984, 4.564230408000071 ], [ -74.093655916999978, 4.563167845000066 ], [ -74.093260520999934, 4.562385712000037 ], [ -74.092629198999987, 4.561262933000023 ], [ -74.092065128999934, 4.560541024000031 ], [ -74.091416587999959, 4.559681151000063 ], [ -74.090378678999969, 4.558696343000065 ], [ -74.090050686999973, 4.55836582400002 ], [ -74.089399932999982, 4.557895798000061 ], [ -74.088553977999936, 4.557277875000068 ], [ -74.087705407999977, 4.556851671000061 ], [ -74.086926530999961, 4.55641717900005 ], [ -74.086285863999933, 4.556172630000049 ], [ -74.085168238999984, 4.555783915000063 ], [ -74.083764397999971, 4.555479434000063 ], [ -74.083264344999975, 4.555403737000063 ], [ -74.081535655999971, 4.555295010000066 ], [ -74.081197356999951, 4.555307042000038 ] ] ] ] } },
{ "type": "Feature", "properties": { "id": 4, "temperatur": 16.24932414, "periodo": "Anual", "ano": 2024, "fecha_ini": "2024-01-01", "fecha_fin": "2024-12-31", "st_area_sh": 0.0046021889, "st_perimet": 0.38565044976000001 }, "geometry": { "type": "MultiPolygon", "coordinates": [ [ [ [ -74.131960786999969, 4.572837594000021 ], [ -74.132700545999967, 4.572780757000032 ], [ -74.134107599999936, 4.572879371000056 ], [ -74.134723407999957, 4.572954111000058 ], [ -74.136512985999957, 4.57337048100004 ], [ -74.136594761999959, 4.573390845000063 ], [ -74.136761108999963, 4.573451712000065 ], [ -74.138361046999989, 4.574010236000049 ], [ -74.139202643999965, 4.574355575000027 ], [ -74.140059317999942, 4.574747866000052 ], [ -74.141103548999979, 4.575296052000056 ], [ -74.141700233999984, 4.575585207000074 ], [ -74.142178423999951, 4.57583784600007 ], [ -74.143298366999943, 4.576496927000051 ], [ -74.144276031999937, 4.577140475000022 ], [ -74.144855825999969, 4.577479359000051 ], [ -74.14547583999996, 4.577878996000038 ], [ -74.146382218999975, 4.578515805000052 ], [ -74.14697149999995, 4.578984929000057 ], [ -74.147876537999934, 4.579608013000041 ], [ -74.149174740999968, 4.580617750000044 ], [ -74.149339970999961, 4.580753920000063 ], [ -74.149419909999949, 4.580829398000049 ], [ -74.150782955999944, 4.58193538200004 ], [ -74.151580321999973, 4.582673890000024 ], [ -74.152194824999981, 4.583170944000074 ], [ -74.153417099999956, 4.584300773000052 ], [ -74.153579175999937, 4.584454352000023 ], [ -74.153640090999943, 4.584518384000035 ], [ -74.154941861999987, 4.585775428000034 ], [ -74.155498930999954, 4.586362894000047 ], [ -74.156271522999987, 4.587153926000042 ], [ -74.15723070599995, 4.588207413000021 ], [ -74.157567350999955, 4.588591248000057 ], [ -74.158796953999968, 4.590051946000074 ], [ -74.158826832999978, 4.590091767000047 ], [ -74.159020771999963, 4.590349124000056 ], [ -74.16003660299998, 4.591678717000036 ], [ -74.160212808999972, 4.591896494000025 ], [ -74.161187864999988, 4.593367390000026 ], [ -74.161460133999981, 4.593741058000035 ], [ -74.162269078999941, 4.595177852000063 ], [ -74.162531639999941, 4.595585641000071 ], [ -74.163263282999935, 4.597139589000051 ], [ -74.163426111999968, 4.597430243000076 ], [ -74.164108078999959, 4.59918869400002 ], [ -74.164141894999943, 4.599274867000076 ], [ -74.164146405999986, 4.599294450000059 ], [ -74.16472467899996, 4.601119505000042 ], [ -74.164834267999936, 4.601788786000043 ], [ -74.165124576999972, 4.60296416500006 ], [ -74.165300133999949, 4.604669073000025 ], [ -74.165325543999984, 4.604808849000051 ], [ -74.165334776999941, 4.605008766000026 ], [ -74.165390059999936, 4.606653550000033 ], [ -74.165237209999987, 4.608468671000026 ], [ -74.165236509999943, 4.608498279000059 ], [ -74.165233408999939, 4.608521268000061 ], [ -74.165011255999957, 4.610343015000069 ], [ -74.164779713999962, 4.611421601000075 ], [ -74.164544034999949, 4.612187781000046 ], [ -74.163961308999944, 4.613688252000031 ], [ -74.163806074999968, 4.614032580000071 ], [ -74.162967683999966, 4.61565046100003 ], [ -74.162833968999962, 4.615877407000028 ], [ -74.161851000999945, 4.61739886700002 ], [ -74.161620934999974, 4.61772226000005 ], [ -74.160648678999962, 4.618998479000027 ], [ -74.160197527999969, 4.619567136000057 ], [ -74.159402913999941, 4.620522616000073 ], [ -74.158688841999947, 4.621412019000047 ], [ -74.15817126099995, 4.622071281000046 ], [ -74.15729713099995, 4.623256886000036 ], [ -74.157003960999987, 4.623731768000027 ], [ -74.156100573999936, 4.62510172900005 ], [ -74.155897127999935, 4.625497324000037 ], [ -74.154679449999946, 4.626946593000071 ], [ -74.154640555999947, 4.627002714000071 ], [ -74.154191383999944, 4.627671301000021 ], [ -74.153499646999933, 4.628709075000074 ], [ -74.153434190999974, 4.628791436000029 ], [ -74.152326543999948, 4.630359509000073 ], [ -74.152093351999952, 4.630636287000073 ], [ -74.151530061999949, 4.632297700000038 ], [ -74.15146787599997, 4.632481062000068 ], [ -74.15143816899996, 4.632504675000064 ], [ -74.151396456999976, 4.632529957000031 ], [ -74.149905859999933, 4.633530991000043 ], [ -74.148366220999947, 4.634326088000023 ], [ -74.148288272999935, 4.634409134000066 ], [ -74.14718146599995, 4.636170914000047 ], [ -74.147180315999947, 4.636172791000035 ], [ -74.147176196999965, 4.636176196000065 ], [ -74.145758029999968, 4.637390292000021 ], [ -74.14488907599997, 4.638015845000041 ], [ -74.144265299999972, 4.638485399000047 ], [ -74.143425865999973, 4.639005455000074 ], [ -74.142709949999983, 4.639471704000073 ], [ -74.141975822999939, 4.639860825000028 ], [ -74.141091452999945, 4.640348291000066 ], [ -74.140347260999988, 4.640666992000035 ], [ -74.139403912999967, 4.641104913000049 ], [ -74.137674181999955, 4.641705914000056 ], [ -74.137634971999944, 4.641720096000029 ], [ -74.13761601899995, 4.641724679000049 ], [ -74.135807921999969, 4.642234311000038 ], [ -74.135136466999938, 4.642344841000067 ], [ -74.133895919999986, 4.642600911000045 ], [ -74.132810174999975, 4.642698584000073 ], [ -74.131895387999975, 4.642813678000039 ], [ -74.130608964999965, 4.642834895000021 ], [ -74.129812779999952, 4.642883826000059 ], [ -74.128605845999971, 4.642626871000061 ], [ -74.12742971299997, 4.642431878000025 ], [ -74.126648319999958, 4.64233959400002 ], [ -74.125189919999968, 4.642228877000036 ], [ -74.124650120999945, 4.64212301200007 ], [ -74.122833636999985, 4.641823446000046 ], [ -74.122718260999989, 4.641791119000061 ], [ -74.122414745999947, 4.641707050000036 ], [ -74.120868235999978, 4.64131697800002 ], [ -74.120344355999976, 4.641186894000043 ], [ -74.119084346999955, 4.640727881000032 ], [ -74.117617765999967, 4.640137952000032 ], [ -74.117370062999953, 4.640017801000056 ], [ -74.117094820999966, 4.639862659000073 ], [ -74.115735334999954, 4.639169442000025 ], [ -74.11447742699994, 4.638370004000024 ], [ -74.11418452199996, 4.638175229000069 ], [ -74.113987700999985, 4.638018117000058 ], [ -74.11272022199995, 4.637030648000064 ], [ -74.111797151999951, 4.636173518000021 ], [ -74.111346573999981, 4.635728507000067 ], [ -74.110094514999957, 4.634328889000074 ], [ -74.110057179999956, 4.634279927000023 ], [ -74.109882155999969, 4.634073695000041 ], [ -74.108785025999964, 4.632801388000075 ], [ -74.108565932999966, 4.632484248000026 ], [ -74.107704306999949, 4.630990121000025 ], [ -74.107451023999943, 4.630639586000029 ], [ -74.106613621999941, 4.629196180000065 ], [ -74.106347729999982, 4.628794922000054 ], [ -74.105574142999956, 4.627313247000075 ], [ -74.105354312999964, 4.626950252000029 ], [ -74.104594698999961, 4.625325972000041 ], [ -74.104474816999982, 4.625105577000056 ], [ -74.10389037799996, 4.623661216000073 ], [ -74.103727767999942, 4.623260894000055 ], [ -74.10370504499997, 4.623182642000074 ], [ -74.103118322999933, 4.621416206000049 ], [ -74.102978433999965, 4.62075592900004 ], [ -74.102691847999949, 4.619571511000061 ], [ -74.102501091999954, 4.617895963000024 ], [ -74.102478213999973, 4.617726808000043 ], [ -74.102478696999981, 4.617518754000059 ], [ -74.10243025699998, 4.615882100000022 ], [ -74.102602441999977, 4.614044609000075 ], [ -74.102602854999986, 4.614037382000049 ], [ -74.102604819999954, 4.614026023000065 ], [ -74.102916878999963, 4.612192661000051 ], [ -74.103169328999968, 4.611340583000072 ], [ -74.103413147999959, 4.610347932000025 ], [ -74.103923640999938, 4.608962284000029 ], [ -74.104070897999975, 4.608503197000061 ], [ -74.104813594999939, 4.606819719000043 ], [ -74.104878713999938, 4.606658455000058 ], [ -74.105808648999982, 4.604859814000065 ], [ -74.105831662999947, 4.604813707000062 ], [ -74.106885078999937, 4.603041335000057 ], [ -74.106928538999966, 4.602968951000037 ], [ -74.108022354999946, 4.601328604000059 ], [ -74.108163291999972, 4.601124188000028 ], [ -74.109202795999977, 4.599690897000073 ], [ -74.109511278999946, 4.599279418000037 ], [ -74.110385232999988, 4.598056665000058 ], [ -74.11084666499994, 4.597434644000032 ], [ -74.11159880699995, 4.596476553000059 ], [ -74.112295477999965, 4.595589864000033 ], [ -74.112822192999943, 4.594913499000029 ], [ -74.113722309999957, 4.593745081000066 ], [ -74.114035551999962, 4.593333027000028 ], [ -74.115106444999981, 4.591900298000041 ], [ -74.115234078999947, 4.591726789000063 ], [ -74.116212700999938, 4.590372719000072 ], [ -74.11641677199998, 4.590093037000031 ], [ -74.116443638999954, 4.590055514000028 ], [ -74.117586054999947, 4.58843599000005 ], [ -74.117743011999949, 4.588210731000061 ], [ -74.118741345999979, 4.586754633000055 ], [ -74.119007034999981, 4.586365947000047 ], [ -74.119882851999989, 4.58504933100005 ], [ -74.120237205999956, 4.584521163000034 ], [ -74.121023122999986, 4.583341888000064 ], [ -74.121474221999961, 4.582676376000052 ], [ -74.122167436999973, 4.581641479000041 ], [ -74.122723349999944, 4.580831585000055 ], [ -74.123322652999946, 4.579960023000069 ], [ -74.12401248499998, 4.578986791000034 ], [ -74.124500606999959, 4.578318089000049 ], [ -74.125398041999972, 4.577141987000061 ], [ -74.125719817999936, 4.576747860000069 ], [ -74.126965950999988, 4.575369933000047 ], [ -74.127017065999951, 4.575313250000022 ], [ -74.127033562999941, 4.575297164000062 ], [ -74.128444626999965, 4.574105109000072 ], [ -74.12972160299995, 4.573452260000067 ], [ -74.130080113999952, 4.573258309000039 ], [ -74.130349361999947, 4.573178152000025 ], [ -74.131960786999969, 4.572837594000021 ] ] ], [ [ [ -74.035345439999958, 4.652279852000049 ], [ -74.037331672999983, 4.639610244000039 ], [ -74.038397454999938, 4.632811726000057 ], [ -74.045403007999937, 4.61900883800007 ], [ -74.045928630999981, 4.618849576000059 ], [ -74.046904326999936, 4.618597252000029 ], [ -74.047764341999937, 4.618350637000049 ], [ -74.049342976999981, 4.618048470000076 ], [ -74.049673294999934, 4.617979005000052 ], [ -74.051646838999943, 4.61773391600002 ], [ -74.051654473999974, 4.617732907000061 ], [ -74.051762425999982, 4.617726781000044 ], [ -74.05367571499994, 4.617556440000044 ], [ -74.053863537999973, 4.617570826000076 ], [ -74.054642353999952, 4.617726879000031 ], [ -74.055816037999989, 4.617866869000068 ], [ -74.05599112799996, 4.617891272000065 ], [ -74.057997531999945, 4.617764949000048 ], [ -74.058045347999951, 4.617772114000047 ], [ -74.059867698999938, 4.618204072000026 ], [ -74.060504143999935, 4.61835614000006 ], [ -74.061698135999961, 4.618712240000036 ], [ -74.063040023999974, 4.619074128000022 ], [ -74.063519282999948, 4.619236553000064 ], [ -74.064303772999949, 4.619571836000034 ], [ -74.065227079999943, 4.619957859000067 ], [ -74.065823078999983, 4.620221698000023 ], [ -74.066920105999941, 4.620704839000041 ], [ -74.06800525999995, 4.621416605000036 ], [ -74.068467963999979, 4.621704112000032 ], [ -74.069033003999948, 4.622111154000038 ], [ -74.069982735999986, 4.622760888000073 ], [ -74.070464350999941, 4.62326134400007 ], [ -74.071292528999948, 4.62417391200006 ], [ -74.072166297999956, 4.625106070000072 ], [ -74.072566129999984, 4.62564984200003 ], [ -74.073175496999966, 4.626950787000055 ], [ -74.073515432999955, 4.627689389000068 ], [ -74.073863701999983, 4.62879550100007 ], [ -74.074184140999989, 4.630216601000029 ], [ -74.074237413999981, 4.63064021200006 ], [ -74.074262137999938, 4.631199385000059 ], [ -74.074418261999938, 4.632484924000039 ], [ -74.074433317999933, 4.633472941000036 ], [ -74.07438177399996, 4.63432963300005 ], [ -74.074273623999943, 4.634908796000047 ], [ -74.07419131499995, 4.636174342000061 ], [ -74.073871404999977, 4.637899206000043 ], [ -74.073863013999983, 4.638019050000025 ], [ -74.07382496699995, 4.638219598000035 ], [ -74.073460910999984, 4.639863757000057 ], [ -74.07323662899995, 4.64048544700006 ], [ -74.072951677999981, 4.641708464000033 ], [ -74.072506273999977, 4.642905584000061 ], [ -74.072338142999968, 4.643553169000029 ], [ -74.071689168999967, 4.645174961000066 ], [ -74.071619097999985, 4.645397872000046 ], [ -74.070894410999983, 4.647001974000034 ], [ -74.070785579999949, 4.647242574000074 ], [ -74.070771264999962, 4.647269162000043 ], [ -74.069849491999946, 4.649087274000067 ], [ -74.06977169299995, 4.649221435000072 ], [ -74.06873363699998, 4.650931970000045 ], [ -74.068681777999984, 4.651016706000064 ], [ -74.068122616999972, 4.651818976000072 ], [ -74.067519414999936, 4.652686070000073 ], [ -74.067440031999979, 4.652776661000075 ], [ -74.066292506999957, 4.654243270000052 ], [ -74.065909541999986, 4.654621346000056 ], [ -74.065001614999971, 4.655689271000028 ], [ -74.06413775599998, 4.656466024000053 ], [ -74.063642421999987, 4.657016575000057 ], [ -74.062410194999984, 4.658056866000038 ], [ -74.062209671999938, 4.658216044000028 ], [ -74.062053018999961, 4.658310690000064 ], [ -74.060716610999975, 4.659310700000049 ], [ -74.059228364999967, 4.660155330000066 ], [ -74.059122628999944, 4.660229963000063 ], [ -74.058999426999947, 4.660294799000042 ], [ -74.05743842399994, 4.660992419000024 ], [ -74.056246238999961, 4.661389963000033 ], [ -74.055626935999953, 4.661533662000068 ], [ -74.053871599999979, 4.661827282000047 ], [ -74.053678537999986, 4.661836952000044 ], [ -74.051720222999961, 4.661876617000075 ], [ -74.051569275999952, 4.661860653000076 ], [ -74.049724655999967, 4.661655194000048 ], [ -74.049268122999933, 4.661550835000071 ], [ -74.047840509999958, 4.661240147000058 ], [ -74.046742103999975, 4.660850178000032 ], [ -74.046070947999965, 4.66062598700006 ], [ -74.045028520999949, 4.660154817000034 ], [ -74.04438384599996, 4.659868539000058 ], [ -74.043893128999969, 4.659588180000071 ], [ -74.042767484999956, 4.658988167000075 ], [ -74.041718503999959, 4.658309949000056 ], [ -74.041224086999989, 4.657981011000061 ], [ -74.040537364999977, 4.657445305000067 ], [ -74.039745281999956, 4.65686161800005 ], [ -74.039269948999959, 4.656465112000035 ], [ -74.038333067999986, 4.65562651700003 ], [ -74.037311833999979, 4.65462029400004 ], [ -74.036990695999975, 4.654270061000034 ], [ -74.035765359999971, 4.652840765000064 ], [ -74.035719883999946, 4.652789263000045 ], [ -74.035708298999964, 4.652775492000046 ], [ -74.035345439999958, 4.652279852000049 ] ] ], [ [ [ -74.081402759999946, 4.685981466000044 ], [ -74.082363178999969, 4.685861546000069 ], [ -74.082498846999954, 4.68586560600005 ], [ -74.083331385999941, 4.685981452000021 ], [ -74.084469886999955, 4.686129700000038 ], [ -74.084692597999947, 4.686220212000023 ], [ -74.086222335999935, 4.686773673000062 ], [ -74.087638546999983, 4.687650246000032 ], [ -74.087793770999951, 4.687732223000069 ], [ -74.087927223999941, 4.687826106000045 ], [ -74.08918162599997, 4.68900982100007 ], [ -74.089822092999952, 4.689670783000054 ], [ -74.090377165999939, 4.690621642000053 ], [ -74.090959601999941, 4.691515468000034 ], [ -74.091307062999988, 4.692695129000072 ], [ -74.091575647999946, 4.693360163000023 ], [ -74.09170254299994, 4.694712395000067 ], [ -74.091730697999935, 4.69520486600004 ], [ -74.091582907999964, 4.695905284000048 ], [ -74.091422198999965, 4.697049578000076 ], [ -74.091231180999955, 4.697582587000056 ], [ -74.090495733999944, 4.698894303000031 ], [ -74.090153972999985, 4.69940000500003 ], [ -74.088946806999957, 4.700486460000036 ], [ -74.088761380999983, 4.700669382000058 ], [ -74.088625201999946, 4.700739042000066 ], [ -74.087133215999984, 4.701529405000031 ], [ -74.086097453999969, 4.701748666000071 ], [ -74.085238673999982, 4.701926540000045 ], [ -74.083887210999933, 4.70190019100005 ], [ -74.083056691999957, 4.701824174000024 ], [ -74.081960096999978, 4.701559686000053 ], [ -74.08043043899994, 4.700949765000075 ], [ -74.08024026399994, 4.700858965000066 ], [ -74.080072284999972, 4.70073912600003 ], [ -74.078694741999982, 4.699855333000073 ], [ -74.077716708999958, 4.698894424000059 ], [ -74.077332128999956, 4.698533848000068 ], [ -74.076295242999947, 4.697049716000038 ], [ -74.076173371999971, 4.696858110000051 ], [ -74.075478478999969, 4.695205008000073 ], [ -74.075331443999971, 4.694631800000025 ], [ -74.07509478999998, 4.693360300000052 ], [ -74.075182977999987, 4.691830782000068 ], [ -74.075187936999953, 4.691515594000066 ], [ -74.075454671999978, 4.69072826300004 ], [ -74.075786868999955, 4.68967088900007 ], [ -74.075930264999954, 4.689439997000022 ], [ -74.076966422999988, 4.688101140000072 ], [ -74.077144012999952, 4.687859846000038 ], [ -74.077179031999947, 4.687826183000027 ], [ -74.078636967999955, 4.686764913000047 ], [ -74.080191663999983, 4.686185673000068 ], [ -74.080378018999966, 4.686101122000025 ], [ -74.081402759999946, 4.685981466000044 ] ] ] ] } }
]
}
